#Mode, Frequency
1, 2.54777464
2, 6.76914991
3, 10.7274315
4, 1.27562585E+01
5, 1.37366877E+01 :
6, 1.46936243E+01