time,Displacement,velocity,Acceleration
0.0,0.0,0.0,982.4992212631977
0.001,9.975301656072968e-05,0.19950603312145937,-583.4871550202789
0.002,0.00028459281793367247,0.17017356962442626,524.8222280262127
0.003,0.0004899257323464504,0.2404922592011297,-384.1848488728058
0.004,0.0007450792893484562,0.2698148548028819,442.8300400763101
0.005,0.0010468988100855352,0.3338241866712761,-314.8113763395217
0.006,0.001390874705141563,0.35412760344077987,355.4182098785293
0.007,0.0017683778930740915,0.40087877242427694,-261.915871911535
0.008,0.002181960592250555,0.42628662592865085,312.73157892028297
0.009000000000000001,0.002629460533139885,0.468713255850008,-227.8783190775686
0.01,0.00305769572554062,0.3877571289514622,65.96606528047703
0.011,0.003416551716451784,0.32995485287086623,-181.57061744166893
0.012,0.0037412821235762233,0.3195059613780128,160.6728344559621
0.013000000000000001,0.004044987784379233,0.28790536022800595,-223.87403675597577
0.014,0.0043110921987151735,0.2443034684438738,136.6702531877115
0.015,0.004539495660686613,0.21250345549900607,-200.27027907744696
0.016,0.004735011312431524,0.17852784799081625,132.31906406106734
0.017,0.00489854247432008,0.14853447578629608,-192.30580847010768
0.018000000000000002,0.00502732763338738,0.10903584234830249,113.3085415941205
0.019,0.005119488919322999,0.07528672952293629,-180.80676724485292
0.02,0.005175809747369516,0.037354926570098944,104.94316133917823
0.021,0.005197768493074386,0.006562564839640739,-166.52788480009465
0.022,0.005187210956867748,-0.027677637252919635,98.04748061497389
0.023,0.005146751698957703,-0.053240878567168845,-149.17396324347231
0.024,0.0050803082529064705,-0.07964601353529575,96.36369330721853
0.025,0.004991342891640916,-0.0982847089958143,-133.64108422825564
0.026000000000000002,0.0048831480731654445,-0.1181049279551282,94.00064630962783
0.027,0.004759542917024637,-0.12910538432648686,-116.00155905234516
0.028,0.004626287923850501,-0.13740460202178606,99.40312366174675
0.029,0.0044902939099322236,-0.1345834258147678,-93.7607712477102
0.03,0.004358608334746887,-0.12878772455590448,105.35217376543683
0.031,0.004236545724016586,-0.11533749690469643,-78.45171846302071
0.032,0.0041271498194438835,-0.10345431224070728,102.21808779099901
0.033,0.004030843239448646,-0.0891588477497668,-73.62715880911806
0.034,0.00394632711104131,-0.07987340906490503,92.19803617884158
0.035,0.0038710760515357624,-0.0706287099461903,-73.70863794141214
0.036000000000000004,0.003802181262856218,-0.06716086741289773,80.6443230079973
0.037,0.003736393972195038,-0.064413713909462,-75.15001600112585
0.038,0.0036705153278587654,-0.06734357476308403,69.29029429388179
0.039,0.0036013814144452727,-0.07092425206390149,-76.45164889551668
0.04,0.0035263847389692786,-0.07906909888808619,60.161955247147304
0.041,0.0034436272394689897,-0.08644590011249072,-74.91555769595635
0.042,0.003352364843159361,-0.09607889250676588,55.64957290740601
0.043000000000000003,0.0032529140458553043,-0.10282270210134717,-69.13719209656861
0.044,0.003146707515467821,-0.10959035867361883,55.60187895202528
0.045,0.003035889006578047,-0.11204665910592883,-60.51447981664529
0.046,0.0029231588508456504,-0.11341365235886432,57.78049331077431
0.047,0.0028113507425783432,-0.1102025641757503,-51.35831694454629
0.048,0.002703350604480116,-0.1057977120207047,60.16802125463749
0.049,0.0026018307552959636,-0.09724198634759991,-43.05656990842791
0.05,0.0025092885478514722,-0.08784242854138308,61.855685520861584
0.051000000000000004,0.0024278709680062567,-0.07499273114904748,-36.156290736190364
0.052000000000000005,0.0023594216558159567,-0.06190589323155227,62.32996657118079
0.053,0.0023053113901246192,-0.04631463815112298,-31.147456410322224
0.054,0.002266495436262757,-0.031317269572601475,61.14219356736523
0.055,0.0022434299443435477,-0.014813714265817271,-28.13508295379683
0.056,0.0022362432384256136,0.0004403024299493366,58.64311634533004
0.057,0.002244783092239895,0.01663940519861387,-26.244910808000977
0.058,0.002268844942016238,0.031484294354070956,55.93468911891515
0.059000000000000004,0.0023081964817710803,0.047218785155613154,-24.465707515830758
0.06,0.0023626750612428474,0.061738373787921116,53.50488478044668
0.061,0.0024320403049835947,0.0769921136935735,-22.99740496914192
0.062,0.0025158904726694307,0.09070822167809856,50.42962093819204
0.063,0.0026134057836039314,0.1043224001909019,-23.201263912585343
0.064,0.002723236864739744,0.11533976208072298,45.23598769222751
0.065,0.0028433281636201244,0.12484283568003686,-26.229840493599745
0.066,0.0029709510572675057,0.13040295161472518,37.35007236297638
0.067,0.003102720490754108,0.1331359153584788,-31.884144875469165
0.068,0.003234812340763117,0.13104778465953895,27.70788347758946
0.069,0.0033631433062745546,0.12561414636333684,-38.575160069993665
0.07,0.0034836938558063324,0.11548695270021878,18.320772743757555
0.07100000000000001,0.0035927439000489037,0.1026131357849237,-44.06840657434769
0.07200000000000001,0.0036871844412205996,0.086267946558468,11.378028121436284
0.073,0.0037646938344076462,0.06875083981562463,-46.41224160712305
0.074,0.0038239359570827526,0.04973340553458736,8.377373045048518
0.075,0.003864595816764007,0.03158631382792137,-44.6715564583805
0.076,0.003887413942456733,0.014049937557531176,9.598803917600115
0.077,0.003894066637291071,-0.0007445478888555915,-39.187774810373654
0.078,0.003887059276801054,-0.013270173091179227,14.136524405726378
0.079,0.0038695047370336357,-0.021838906443657796,-31.273991110683518
0.08,0.0038449508660956875,-0.027268835432238896,20.414133133521318
0.081,0.0038171409052558942,-0.028351086247347397,-22.578634763738318
0.082,0.0037898567846986375,-0.026217154867165235,26.84649752410265
0.083,0.0037667306671734205,-0.02003508018326859,-14.482348156309364
0.084,0.003751154818944585,-0.01111661627440215,32.31927597404224
0.085,0.003746171984826999,0.001150948039230641,-7.784147346776662
0.08600000000000001,0.003754456245248989,0.01541757280474919,36.31739687781376
0.08700000000000001,0.003778264630330748,0.03219919735876899,-2.7541477697741588
0.088,0.0038194551523840366,0.05018184674780779,38.71944654785175
0.089,0.0038794567546710256,0.06982135782616952,0.5595756088716994
0.09,0.003959282415848581,0.08982996452894224,39.45763779667371
0.091,0.004059484514843198,0.11057423346029101,2.030900066023827
0.092,0.004180146478720753,0.13074969429482028,38.32002160303471
0.093,0.004320825638732856,0.15060862572938777,1.3978412661002388
0.094,0.004480542878075327,0.16882585295555688,35.03661318623797
0.095,0.004657743802008451,0.18557599491069005,-1.53632927597162
0.096,0.004850321396910099,0.19957919489260592,29.542729239803386
0.097,0.005055626653249588,0.2110313177863716,-6.638483452272021
0.098,0.005270546134904323,0.2188076455230992,22.191138925727206
0.099,0.005491571323853704,0.22324273237566347,-13.320965220598667
0.1,0.0057149278727665585,0.22347036545004403,13.776231369359804
0.101,0.005936689263322689,0.22005241566221714,-20.61213094501355
0.10200000000000001,0.006152935037786146,0.2124391332646958,5.385566149970863
0.10300000000000001,0.006359879983786031,0.20145075873507393,-27.362315209214632
0.10400000000000001,0.0065540289982881144,0.18684727026909537,-1.8446617227424758
0.105,0.00673228755590491,0.16966984496449594,-32.51018888645632
0.106,0.006892079417809472,0.14991387884462834,-7.001743353278908
0.107,0.007031407174873974,0.12874163528437607,-35.342743767225606
0.108,0.007148907165023779,0.10625834501523417,-9.623836771058201
0.109,0.007243842490097487,0.08361230513218335,-35.668242995043435
0.11,0.007316088016091254,0.06087874685534991,-9.798873558623411
0.111,0.007366060122002768,0.03906546496767727,-33.82769021672187
0.112,0.007394647390437253,0.01810907190129104,-8.085095916050596
0.113,0.007403102082883618,-0.0011996870085593317,-30.532421903650143
0.114,0.0073929480903149585,-0.019108298128759284,-5.2848003367497585
0.115,0.007365868232809272,-0.03505141688261401,-26.601437170959688
0.116,0.007323622199997642,-0.04944064874064726,-2.1770265451068016
0.117,0.007267957144080735,-0.06188946309316596,-22.72060215993059
0.11800000000000001,0.007200555214966362,-0.07291439513558061,0.670738075101277
0.11900000000000001,0.007122977561058854,-0.08224091267943698,-19.323773162814035
0.12,0.0070366422898365194,-0.09042962976523239,2.946338991223203
0.121,0.006942794740740231,-0.09726546842734526,-16.618016315448962
0.122,0.006842503515445404,-0.10331698216230775,4.514988845523983
0.123,0.006736642527722089,-0.10840499328432095,-14.69101108955036
0.124,0.006625891877229307,-0.11309630770124458,5.308382255703094
0.125,0.006510722326996319,-0.11724279276473046,-13.601352382674861
0.126,0.006391397439625354,-0.12140698197719868,5.272973957738403
0.127,0.006267963069989982,-0.12546175729354628,-13.382524590433587
0.128,0.0061402588927908,-0.12994659710481934,4.412844967887444
0.129,0.00600792462761925,-0.1347219332382792,-13.963517234807176
0.13,0.005870433791860937,-0.1402597382783493,2.8879071546669337
0.131,0.00572712762600065,-0.14635259344222384,-15.073617482416003
0.132,0.005577277587510057,-0.15334748353896055,1.0838372889425605
0.133,0.005420146884762359,-0.16091392195643672,-16.216714123894903
0.134,0.0052550740345611415,-0.16923177844599785,-0.41899885522734387
0.135,0.0050815467600183505,-0.17782277063958604,-16.762985531949028
0.136,0.004899285204076569,-0.18670034124397758,-0.9921556768340547
0.137,0.004708302882725096,-0.19526430145896717,-16.13576475314515
0.138,0.004508963459276822,-0.20341454543758236,-0.16472320408522978
0.139,0.004302005036465072,-0.21050230018591953,-14.010786292589128
0.14,0.004088552175767774,-0.21640342120867484,2.208544247078496
0.14100000000000001,0.0038700927222630995,-0.22051548580067426,-10.432673431077355
0.14200000000000002,0.00364844294135795,-0.2227840760096247,5.895493013176516
0.14300000000000002,0.003425683242792033,-0.22273532112220887,-5.797983238344843
0.14400000000000002,0.0032040901219743023,-0.22045092051325185,10.366784456258907
0.145,0.002986049635800354,-0.21563005183464504,-0.7250470990452532
0.146,0.002773977683287379,-0.20851385319130447,14.957444385726399
0.147,0.0025702328222032052,-0.19897586897704236,4.11852404279784
0.148,0.002377044389072893,-0.18740099728358275,19.031219344121393
0.149,0.0021964404533986767,-0.17380687406484988,8.157027093344373
0.15,0.002030195142635386,-0.15868374746173208,22.08922611289119
0.151,0.0018797785941296209,-0.14214934954979833,10.979569710976282
0.152,0.0017463264919837793,-0.12475485474188507,23.80941990485022
0.153,0.0016306121282328328,-0.10667387276000785,12.35254405890422
0.154,0.0015330365801643447,-0.08847722337696827,24.04075470717495
0.155,0.0014536206703587111,-0.07035459623429895,12.204499578163695
0.156,0.0013920138131654225,-0.052859118152278055,22.786456585878096
0.157,0.0013475045649494856,-0.03615937827959542,10.613023159487176
0.158,0.0013190476039481591,-0.02075454372305742,20.196645953588828
0.159,0.001305292778365723,-0.006755107441814716,7.8022266088965795
0.16,0.0013046300605862465,0.005429671882861859,16.56733204045657
0.161,0.0013152361520298664,0.015782511004377976,4.138346202575667
0.162,0.0013351350624886636,0.024015309913216723,12.327251615101828
0.163,0.0013622579617848835,0.030230488679223087,0.1031059169109009
0.164,0.00139451287779546,0.03427934334192959,7.994603408502111
0.165,0.0014298490933564588,0.036393087780068015,-3.7671145322252686
0.166,0.0014663254484509104,0.03655962240883515,4.100183789759538
0.167,0.0015021675517519373,0.03512458419321861,-6.970260220992627
0.168,0.0015358226023650988,0.0321855170331043,1.092125900764017
0.169,0.0015659978819402179,0.028165042117133554,-9.133075732705516
0.17,0.0015916920658400448,0.023223325682520512,-0.7503571365205752
0.171,0.0016122072508770507,0.017807044391491274,-10.082205445537904
0.17200000000000001,0.0016271519283150883,0.012082310484584026,-1.3672623682765939
0.17300000000000001,0.0016364249532396216,0.006463739364482467,-9.869879871926523
0.17400000000000002,0.0016401918984455192,0.0010701510473123221,-0.9172967624137661
0.17500000000000002,0.0016388457477008076,-0.0037624525367355287,-8.747910405681935
0.176,0.0016329640339114203,-0.008000975042038736,0.2708653950755199
0.177,0.001623255612397203,-0.011415867986395545,-7.100651283789139
0.178,0.0016105091646567672,-0.01407702749447572,1.778332267628786
0.179,0.0015955370602032696,-0.0158671814125188,-5.3586401037149525
0.18,0.0015791259541692916,-0.01695503065543711,3.1829416178783356
0.181,0.0015619875455974632,-0.017321786488219543,-3.9164532834432024
0.182,0.0015447197106205795,-0.017213883465547627,4.13225932878703
0.183,0.0015277709254065317,-0.016683686962548145,-3.0718663227880687
0.184,0.001511416940609414,-0.01602428263168722,4.390674984509913
0.185,0.0014957421479767916,-0.0153253026335576,-2.9927149882506723
0.186,0.0014806335461720536,-0.014891900975918568,3.859518303528735
0.187,0.001465779512348089,-0.014816166672010746,-3.7080496957130924
0.188,0.001450680529149089,-0.015381799725989492,2.576783587755599
0.189,0.0014346640750333573,-0.016651108505473473,-5.115401146723561
0.19,0.0014169102675025695,-0.018856506556102298,0.7046050454659133
0.191,0.0013964805396727183,-0.02200294910360015,-6.997490140461617
0.192,0.0013723553830917892,-0.0262473640582579,-1.4913397688538852
0.193,0.0013434734040694272,-0.031516593986465745,-9.047120087561805
0.194,0.0013087770503298862,-0.03787611349261594,-3.671918924738579
0.195,0.001267257081329111,-0.04516382450893443,-10.903503107898414
0.196,0.0012180004076157043,-0.053349522917878686,-5.467893709990101
0.197,0.0011602332196160947,-0.062184853081340204,-12.202766616932934
0.198,0.001093363477638615,-0.07155463087361877,-6.53678896762419
0.199,0.0010170148210764595,-0.0811426822506922,-12.63931378652267
0.2,0.0009310558501107798,-0.09077525968066712,-6.62584107342717
0.201,0.000835617467853782,-0.10010150483332855,-12.026649231895693
0.202,0.0007311026590093062,-0.10892811285562298,-5.62656681269317
0.203,0.0006181825055860179,-0.11691219399095364,-10.341595457968149
0.20400000000000001,0.0004977836472715384,-0.12388552263800537,-3.6050618361353126
0.20500000000000002,0.0003710623436772745,-0.12955708455052242,-7.7380619888988065
0.20600000000000002,0.00023937126967024503,-0.13382506346353645,-0.7978958371292583
0.20700000000000002,0.00010421544992199078,-0.13648657603297198,-4.525129301741843
0.20800000000000002,-3.279586529075895e-05,-0.1375360543925275,2.4261725826308465
0.209,-0.00017000413063731216,-0.13688047630057887,-1.1150163987335504
0.21,-0.0003057562381196059,-0.1346237386640087,5.628491671873891
0.211,-0.00043846147150711006,-0.1307867281109996,2.045529434144295
0.212,-0.0005666439600623116,-0.12557824899940329,8.371428789048277
0.213,-0.0006889931681110867,-0.11912016709814685,4.54473501346458
0.214,-0.0008044063214613854,-0.11170613960245049,10.283319977928146
0.215,-0.000912025684705478,-0.1035325868857345,6.0637854555038535
0.216,-0.0010112653646865892,-0.09494677307648848,11.107842162988172
0.217,-0.0011018310168300746,-0.08618453121048257,6.416641569023635
0.218,-0.0011837279143038907,-0.07760926373715017,10.733893377641154
0.219,-0.0012572612078543812,-0.06945732336383109,5.569987368997001
0.22,-0.0013230245789113955,-0.06206941875019735,9.20582185827048
0.221,-0.0013818815346441974,-0.05564449271540628,3.644030211311652
0.222,-0.0014349362497969485,-0.050464937590095675,6.7150800393095516
0.223,-0.0014834985985004942,-0.04665975981699553,0.895275506890744
0.224,-0.0015290409352338638,-0.044424913649743845,3.57441682761263
0.225,-0.0015731516053412674,-0.04379642656506303,-2.317442658251003
0.226,-0.001617483293262181,-0.044866949276764254,0.1763972348485576
0.227,-0.0016637013862191858,-0.04756923663724508,-5.580971955810192
0.228,-0.0017134308074967285,-0.05188960591784018,-3.059766605380005
0.229,-0.001768206453681664,-0.057661686452030646,-8.484394463000932
0.23,-0.0018294257449496675,-0.06477689608397576,-5.746024800889274
0.231,-0.00189830807639718,-0.07298776681104936,-10.675716653257917
0.232,-0.0019758594188605707,-0.08211491811573239,-7.578585956108146
0.233,-0.0020628462261098215,-0.09185869638276992,-11.908970577966924
0.234,-0.002159776383479799,-0.1020016183571853,-8.37687337086385
0.23500000000000001,-0.0022668905409434404,-0.11222669657009725,-12.07328305496006
0.23600000000000002,-0.0023841609328697044,-0.12231408728243176,-8.101498369708965
0.23700000000000002,-0.0025113001828773957,-0.13196441273295131,-11.19915253133013
0.23800000000000002,-0.0026477766026997023,-0.14098842691166286,-6.848875826092959
0.23900000000000002,-0.0027928377606062068,-0.149133888901346,-9.44204815327333
0.24,-0.0029455384104297615,-0.15626741074576386,-4.824995535562406
0.241,-0.0031047740658884195,-0.16220390017155276,-7.047983316015333
0.242,-0.0032693161488163117,-0.1668802656842318,-2.3047477093427298
0.243,-0.0034378497835379084,-0.17018700375896176,-4.308728440117153
0.244,-0.0036090102728676497,-0.1721339749005207,0.41478615699923344
0.245,-0.003781419377066721,-0.17268423349762235,-1.5153033512025202
0.246,-0.003953717764936012,-0.1719125422409599,3.058685864527477
0.247,-0.004124595005753938,-0.16984193939489192,1.0825198276084727
0.248,-0.00429281395458572,-0.16659595826867055,5.4094424248342685
0.249,-0.004457231259860871,-0.1622386522816333,3.3051695492402096
0.25,-0.004616811391585752,-0.15692161116812683,7.328912677772736
0.251,-0.0047706363077268474,-0.1507282211140636,5.057867430353747
0.252,-0.004917908688548336,-0.14381654052891157,8.765493739950287
0.253,-0.005057951206102404,-0.13626849457922505,6.330598159422787
0.254,-0.005190200219553089,-0.12822953232214515,9.747326354737005
0.255,-0.0053141966287670725,-0.11976328610582146,7.185166077910365
0.256,-0.005429572631805974,-0.11098871997198224,10.36396618976806
0.257,-0.005536037271719918,-0.10194055985590378,7.732354042388862
0.258,-0.005633359745467334,-0.09270438763892783,10.739990391563037
0.259,-0.005721353382907171,-0.08328288724074545,8.103010404801726
0.26,-0.005799859353045327,-0.0737290530355656,11.004658005558005
0.261,-0.005868732885030647,-0.06401801093507527,8.417426195422646
0.262,-0.005927830994046096,-0.05417820709582242,11.262181483083054
0.263,-0.005977004233149354,-0.04416827111069426,8.757690487173264
0.264,-0.006016091248492741,-0.03400575957607861,11.567332582058036
0.265,-0.006044918263325575,-0.023648270089590268,9.147646390918647
0.266,-0.00606330194046268,-0.013119084184619285,11.91072541902332
0.267,-0.006071057269174246,-0.0023915732385118528,9.544296473191544
0.268,-0.006068008543842176,0.008489023902653315,12.21689780913879
0.269,-0.0060540045902492306,0.019518883283236362,9.842820952027306
0.27,-0.006028935952567323,0.030618392080578778,12.356196642657524
0.271,-0.005992754782874544,0.041743947304979205,9.894913806143334
0.272,-0.005945494905172541,0.05277580809902674,12.168807781951731
0.273,-0.005887292534689645,0.06362893286676571,9.537441753526217
0.274,-0.005818405059881309,0.07414601674990481,11.496726012751983
0.275,-0.005739228304645006,0.08420749372269992,8.626227932838248
0.276,-0.005650309813725185,0.09362948811694104,10.21776085564399
0.277,-0.005552358714347584,0.1022727106382594,7.068684186992757
0.278,-0.005446250012408433,0.1099446932400408,8.275281016570046
0.279,-0.005333024171144634,0.11650698928755827,4.849311078464901
0.28,-0.005213880271379641,0.121780810242427,5.698330831272563
0.281,-0.005090163990432333,0.1256517516521863,2.043551988246069
0.28200000000000003,-0.004963349194083946,0.12797784104458923,2.6086267965597845
0.28300000000000003,-0.004835014789371023,0.1286909683812558,-1.1823721232266142
0.28400000000000003,-0.004706816111546492,0.1277063872678069,-0.7867901036711742
0.28500000000000003,-0.004580452858389029,0.1250201190471197,-4.585746337703204
0.28600000000000003,-0.004457633246937962,0.12061910385501495,-4.216284046506305
0.28700000000000003,-0.004340036671580107,0.11457404686069576,-7.873829942132057
0.28800000000000003,-0.004229274815718263,0.10694966486299161,-7.374934053276247
0.289,-0.0041268536215653085,0.09789272344291804,-10.73894878687091
0.29,-0.004034136189798324,0.08754214009105102,-9.962217916863127
0.291,-0.003952308973744628,0.076112292016342,-12.897478232554905
0.292,-0.003882351285185004,0.06380308510290715,-11.720935594314772
0.293,-0.0038250102644210734,0.05087895642495463,-14.127321761590263
0.294,-0.0037807811076246557,0.03757935716788053,-12.471876752557945
0.295,-0.0037498943370341295,0.02419418401317188,-14.298469556859354
0.296,-0.0037323095439338577,0.010975402187371714,-12.139094094740976
0.297,-0.003727716911367293,-0.0017901370542429788,-13.391984388488408
0.298,-0.003735545500389617,-0.013867040990404656,-10.761823483834945
0.299,-0.0037549790830055836,-0.0250001242415282,-11.50434301841214
0.3,-0.0037849780505313222,-0.03499781080994926,-8.491030118429972
0.301,-0.0038243076896569933,-0.043661467441392536,-8.836283144456585
0.302,-0.003871570969217972,-0.05086509168056425,-5.570965333886852
0.303,-0.003925245746047004,-0.05648446197750057,-5.667775259985798
0.304,-0.0039837242824731795,-0.06047261087485107,-2.3085225347151934
0.305,-0.0040453547611316205,-0.06278834644203059,-2.322948599643852
0.306,-0.004108482614507465,-0.06346736030965891,0.9649208643872078
0.307,-0.004171491317302329,-0.06255004528006895,0.8697091947927071
0.308,-0.004232840566602235,-0.060148453319743465,3.933474725858267
0.309,-0.0042911016365971685,-0.05637368667012386,3.6160585733809416
0.31,-0.004344988099367447,-0.05139923887043203,6.332837026002702
0.311,-0.0043933819767406485,-0.04538851587597198,5.688608962917391
0.312,-0.00443535389337045,-0.0385553173836328,7.977788021760969
0.313,-0.004470177659439391,-0.031092214754250388,6.948417237003854
0.314,-0.004497338284863588,-0.02322903609414277,8.777940083211378
0.315,-0.004516534240962232,-0.015162876103145206,7.3543798987837485
0.316,-0.0045276733959296635,-0.007115433831718943,8.740504644068777
0.317,-0.004530863794049274,0.0007346375924973695,6.959638204363848
0.318,-0.004526399068918433,0.008194812669183099,7.96071194900761
0.319,-0.004514739933499213,0.01512345816925631,5.896579051138811
0.32,-0.004496491800087075,0.02137280865502011,6.602121920388788
0.321,-0.004472380131822488,0.02685052787415431,4.35331651787961
0.322,-0.004443223715906228,0.031462303958365335,4.870235650542443
0.323,-0.004409907488850072,0.03517015015394674,2.5454567406203683
0.324,-0.004373355108163382,0.037934611219434027,2.983465390354192
0.325,-0.004334502801263115,0.03977000258109904,0.6873173329758343
0.326,-0.004294274568188981,0.04068646356716989,1.1456046391658592
0.327,-0.0042535600603516065,0.040742552107578295,-1.0334275583490358
0.328,-0.004213194999210698,0.039987570174239075,-0.4765363083293965
0.329,-0.004173945173677517,0.03851208089212262,-2.474442255903495
0.33,-0.004136493612567946,0.036391041327019355,-1.7676368743030364
0.331,-0.0041014316568164675,0.0337328701759368,-3.5487054278620773
0.332,-0.004069253252145041,0.030623939166917084,-2.6691565901773533
0.333,-0.004040352889590122,0.02717678594292225,-4.225149857812316
0.334,-0.004015026277034894,0.02347643916753376,-3.175543692964663
0.335,-0.003993473931461979,0.01962825197829629,-4.520830685510281
0.336,-0.003975806613454749,0.01570638403616247,-3.3229051987573626
0.337,-0.003962052646822164,0.011801549229007982,-4.486764415551611
0.338,-0.003952165982690398,0.007971779034523625,-3.172775973417102
0.339,-0.003946035009844652,0.004290166656969437,-4.190448781691273
0.34,-0.003943491013905988,0.0007978252203585151,-2.79423409153057
0.341,-0.003944316348813057,-0.002448495034496906,-3.698406418180272
0.342,-0.00394825136040785,-0.005421528155087968,-2.2476598230018516
0.343,-0.003955000270777711,-0.008076292584634485,-3.061869036091182
0.34400000000000003,-0.003964235268298663,-0.010393702457267626,-1.5729507091751007
0.34500000000000003,-0.003975599209035961,-0.012334179017328965,-2.3080024109475787
0.34600000000000003,-0.003988706411629422,-0.013880226169595148,-0.7840918935847868
0.34700000000000003,-0.004003142161393881,-0.014991273359323265,-1.4380024858714497
0.34800000000000003,-0.00401846063493067,-0.015645673714252965,0.1292017760120484
0.34900000000000003,-0.004034182044215034,-0.015797144854475084,-0.43214405645628906
0.35000000000000003,-0.004049788894401069,-0.015416555517594868,1.1933227302167164
0.35100000000000003,-0.004064722275589944,-0.014450206860155862,0.7393745846612956
0.352,-0.0040783781889525295,-0.012861619865016055,2.437799405618319
0.353,-0.004090104861948569,-0.010591726127061763,2.1019880702902665
0.354,-0.004099201064452097,-0.007600678879993152,3.8801064238469576
0.355,-0.004104916318004586,-0.003829828224985558,3.6615948861682304
0.356,-0.004106452924799389,0.0007566146353808366,5.511290834564559
0.357,-0.004102970555706721,0.006208123549955069,5.391726994583907
0.358,-0.004093593157168949,0.01254667352559043,7.285372956686813
0.359,-0.004077418695863664,0.019802249084980766,7.225778162093864
0.36,-0.00405353128246752,0.02797257770730688,9.114879082558371
0.361,-0.004021015940956902,0.03705810531393024,9.056176130688332
0.362,-0.003978975334073409,0.047023108453057745,10.873830147566684
0.363,-0.003926548468604679,0.05783062248440229,10.741197915122404
0.364,-0.003862930490265449,0.06940533419405731,12.408225504187621
0.365,-0.003787393399167475,0.0816688480018905,12.118802111478747
0.366,-0.0036993066617398668,0.0945046268533267,13.552755591393616
0.367,-0.003598157439554818,0.10779381751677058,13.025625735494156
0.368,-0.0034835693695730785,0.12138232244670903,14.15138412438273
0.369,-0.0033553196061135277,0.1351172044723929,13.318379926984962
0.37,-0.0032133531205398073,0.1488157666750478,14.078744478324873
0.371,-0.0030577940611247125,0.16230235215514197,12.894426481863476
0.372,-0.002888953327109514,0.17537911587525531,13.259100958363264
0.373,-0.002707332339763203,0.18786285881736675,11.70838492585963
0.374,-0.002513622397806263,0.1995570250965143,11.679947632435436
0.375,-0.0023086998411084134,0.21028808829918477,9.782178772905516
0.376,-0.0020936166862343384,0.21987822144896463,9.398087526654225
0.377,-0.001869587223359877,0.22818070429995838,7.206878175333275
0.378,-0.0016379705185839088,0.23505270525197847,6.537123728706915
0.379,-0.0014002495616984327,0.24038920851897358,4.1358828052832965
0.38,-0.0011580072490894242,0.2440954166990436,3.276533554856718
0.381,-0.0009129001401883503,0.24611880110310433,0.770235253264708
0.382,-0.0006666303542174571,0.24642077083868213,-0.16629578210910845
0.383,-0.00042091666260414426,0.24500661238794352,-2.662021119368122
0.384,-0.00017746522875978807,0.24189625530076891,-3.558693054981087
0.385,6.205893085883293e-05,0.2371520639364731,-5.929689673610572
0.386,0.0002960593296836205,0.230848733713102,-6.6769707731315995
0.387,0.0005230332461907022,0.22309909930106137,-8.822298050949648
0.388,0.000741594490105405,0.21402338852834446,-9.329123494484188
0.389,0.0009504928780230826,0.20377338730701072,-11.170878948183315
0.39,0.0011486302878961838,0.19250143243919132,-11.373030787455471
0.391,0.001335072703444975,0.1803833986583914,-12.863036774144335
0.392,0.0015090583553088496,0.16758790506935775,-12.727950403922959
0.393,0.0016700016313371435,0.15429864698723025,-13.85056576033206
0.394,0.0018174931108630365,0.14068431206455573,-13.378104085016966
0.395,0.0019512956485891009,0.12692076338757224,-14.148993268950022
0.396,0.0020713370856179003,0.11316211067002657,-13.368312166141319
0.397,0.0021776997245628957,0.09956316721996489,-13.829574733982058
0.398,0.0022706073132310275,0.08625201011629904,-12.79273947334962
0.399,0.0023504098173091903,0.07335299804002705,-13.005284679194345
0.4,0.00241756681720904,0.060961001759672964,-11.778707881513832
0.401,0.002472629870564319,0.04916510495088493,-11.813085736062241
0.402,0.002516224681522476,0.03802451696542833,-10.468090234850958
0.403,0.0025490333949149944,0.02759290981960811,-10.395124056789482
0.404,0.002571777781881408,0.01789586411321932,-8.998967355988096
0.405,0.0025852035370755476,0.00895564627505997,-8.881468320330603
0.406,0.0025900663140550582,0.0007699076839614159,-7.4900088618665075
0.40700000000000003,0.0025871195661597637,-0.006663403474550229,-7.376613455156783
0.40800000000000003,0.002577104637459917,-0.013366453925143318,-6.029487446029394
0.40900000000000003,0.0025607429895405437,-0.01935684191360338,-5.951288530890725
0.41000000000000003,0.002538730812587361,-0.024667511992762004,-4.670051627426521
0.41100000000000003,0.002511735725057509,-0.02932266306694204,-4.640250520933549
0.41200000000000003,0.002480395628762892,-0.033357529522291596,-3.429482389765565
0.41300000000000003,0.00244531926963368,-0.03679518873613176,-3.44583603791476
0.41400000000000003,0.0024070884291187513,-0.03966649229372492,-2.2967710772715497
0.41500000000000004,0.002366261192254283,-0.041987981435212124,-2.346207205702865
0.41600000000000004,0.0023233761337879332,-0.04378213549748736,-1.2421009188476082
0.417,0.00227895682804576,-0.045056475986859294,-1.3065800598962671
0.418,0.0022335165078173885,-0.04582416446988415,-0.2287969061534445
0.419,0.0021875623053660867,-0.0460842404327189,-0.2913550195160453
0.42,0.0021415989506044977,-0.045842469090458575,0.7748977040367022
0.421,0.0020961314477731282,-0.04509253657227974,0.7249673323209691
0.422,0.002051666709246311,-0.04383694048135427,1.786224849529979
0.423,0.002008713800198638,-0.042068877613992015,1.7499008851945315
0.424,0.0019677829096182275,-0.039792903546829385,2.802047249130727
0.425,0.0019293828544273515,-0.037007206834922604,2.7693461746828314
0.426,0.0018940173768218034,-0.03372374837617382,3.7975707428147345
0.427,0.0018621801888903658,-0.029950627486701544,3.7486710361298097
0.428,0.0018343491509568873,-0.025711448380255315,4.729687176762652
0.429,0.0018109796546794494,-0.021027544174620594,4.6381212345067935
0.43,0.0017924976832904913,-0.015936398603295588,5.544169908143219
0.431,0.0017792926880153639,-0.010473591946959073,5.381443404529812
0.432,0.0017717107841618064,-0.004690215760155873,6.185308969076588
0.433,0.001770048415273422,0.0013654779833870323,5.9260785180092235
0.434,0.0017745469605149648,0.0076316124996984435,6.6061905146135995
0.435,0.0017853883849692639,0.01405123640889962,6.2330573037887556
0.436,0.0018026923258593144,0.020556645371201353,6.777760620814704
0.437,0.0018265146178812542,0.02708793867267812,6.284825982138832
0.438,0.0018568475290968204,0.03357788375845429,6.6950641894135074
0.439,0.0018936215841635136,0.039970226374932166,6.089621043542249
0.44,0.001936709105867021,0.046204817032082936,6.3795602707593
0.441,0.0019859292176494566,0.05223540653278745,5.681618730649733
0.442,0.0020410543017314064,0.05801476163111169,5.877091465998745
0.443,0.0021018175366708408,0.06351170824775647,5.116801767290827
0.444,0.002167921398573508,0.06869601555757783,5.251812852351918
0.445,0.0022390466661626448,0.07355451962069491,4.46519527388226
0.446,0.002314861746843678,0.07807564174137145,4.577048967470814
0.447,0.0023950318295693977,0.08226452371006773,3.8007149699217297
0.448,0.0024792276680457464,0.08612715324262991,3.924544095202631
0.449,0.002567133520888525,0.08968455244292792,3.190254305393385
0.45,0.002658454093703264,0.09295659318655025,3.3538271818512917
0.451,0.002752920082790736,0.09597538498839293,2.6837564218340892
0.452,0.002850292254647159,0.09876895872445286,2.9033910502857685
0.453,0.0029503637750487428,0.10137408207871357,2.3068556582356403
0.454,0.003052960843987809,0.10382005579941869,2.585091783174632
0.455,0.0031579414875241847,0.10614123127333333,2.0572591646546683
0.456,0.003265192697797574,0.10836118927344518,2.3826568355690303
0.457,0.0033746259113358362,0.11050523780307857,1.905440223697746
0.458,0.003486171142889911,0.11258522530507034,2.2545347802858227
0.459,0.00359976988436167,0.11461225763844764,1.7995298864687703
0.46,0.0037153671829260188,0.11658233949025033,2.1406338171366226
0.461,0.003832903089732118,0.11848947412194764,1.6736354462580068
0.462,0.003952303945928965,0.1203122382717466,1.9718928533398994
0.463,0.004073473729949459,0.12202732976923959,1.4582901416460763
0.464,0.004196285933433585,0.12359707719901171,1.681204717898146
0.465,0.00432057616935794,0.12498339464969734,1.091430183473114
0.466,0.004446135928930402,0.1261361244952274,1.2140295075870446
0.467,0.004572707622184228,0.12700726201242687,0.5282455268119252
0.468,0.004699981225019786,0.12753994365868881,0.5371177657119602
0.46900000000000003,0.004827592562603541,0.12768273150882317,-0.25154206544327284
0.47000000000000003,0.004955123429803507,0.12737900289110804,-0.35591516998700073
0.47100000000000003,0.005082103454112371,0.12658104572661955,-1.2399991589899664
0.47200000000000003,0.0052080137698889495,0.12523958582653755,-1.4429206411740285
0.47300000000000003,0.005332292284751012,0.12331744389758771,-2.4013632167256413
0.47400000000000003,0.0054543404846462435,0.12077895589287665,-2.6756127926964677
0.47500000000000003,0.005573531452321173,0.11760297945698289,-3.676340079091069
0.47600000000000003,0.005689218950282394,0.11377201646545794,-3.985585903958826
0.47700000000000004,0.005800747170749384,0.10928442446852042,-4.9895980899161865
0.47800000000000004,0.005907460948047427,0.10414313012756576,-5.2929905919931315
0.47900000000000004,0.006008716007629353,0.09836698903628614,-6.259291590566113
0.48,0.006103889038101975,0.0919790719089588,-6.5165426640885595
0.481,0.00619238717939468,0.0850172106764513,-7.407179800926486
0.482,0.006273656750760394,0.0775219320549742,-7.5833774420277145
0.483,0.0063471908742692915,0.06954631496282078,-8.367856742279109
0.484,0.006412535894150844,0.061143724800284585,-8.43732358279328
0.485,0.006469296343635962,0.05237717416995064,-9.095777677874606
0.486,0.00651713846287845,0.043307064315026046,-9.04444203197459
0.487,0.006555792134083986,0.034000278096044265,-9.569130405988973
0.488,0.006585051350605543,0.024518154947069236,-9.395115891961082
0.489,0.006604773201523877,0.014925546889599958,-9.790100222977472
0.49,0.0066148755937492365,0.005279237561118575,-9.502518433985292
0.491,0.006615333792028804,-0.0043628410019846695,-9.781638692221197
0.492,0.006606176079936456,-0.01395258318270963,-9.397845669228724
0.493,0.006587478689991654,-0.023442196706892467,-9.581381379136948
0.494,0.006559360350533807,-0.03279448220880026,-9.123189624678641
0.495,0.006521976624713148,-0.04197296943251788,-9.233784822756594
0.496,0.006475514391003484,-0.05095149798680984,-8.723272285827319
0.497,0.006420186624380038,-0.05970403526008185,-8.78180226071669
0.498,0.006356227787168595,-0.06821363916280476,-8.237405544729125
0.499,0.006283889933071777,-0.07646206903083308,-8.2594541913275
0.5,0.00620343975802671,-0.08443828105930141,-7.692969865609164
0.501,0.006115156616455031,-0.0921280020840552,-7.686472183898406
0.502,0.006019331638804558,-0.09952195321689003,-7.101430081771265
0.503,0.005916267869146239,-0.1066055860997493,-7.065835683947266
0.504,0.0058062814543203166,-0.11336724355209532,-6.457479220744811
0.505,0.005689703705155505,-0.11978825477752797,-6.38454323012051
0.506,0.005566883966603969,-0.12585122232554474,-5.741391865913076
0.507,0.005438193036392062,-0.13153063809826687,-5.61743967953121
0.508,0.005304026998633716,-0.13680143741842601,-4.924158960787046
0.509,0.005164811161098979,-0.14163023765105048,-4.733441504461845
0.51,0.005021003926872423,-0.1459842308020619,-3.974544797560981
0.511,0.004873100275991576,-0.14982307095963243,-3.703135517580041
0.512,0.004721634691651883,-0.15310809771975264,-2.8669180026603827
0.513,0.004567183233097435,-0.1557948193891438,-2.5065253361219413
0.514,0.004410364631937535,-0.15784238293065647,-1.5886017469034148
0.515,0.00425184017590854,-0.1592065291273331,-1.1396906464498453
0.516,0.004092312330215382,-0.15984916225898252,-0.14557561684894696
0.517,0.003932521948191314,-0.1597316017891537,0.38069655650662015
0.518,0.0037732441143962406,-0.15882406580099317,1.434375419814382
0.519,0.003615282572162422,-0.15709901866664414,2.0157188488837123
0.52,0.0034594628769289066,-0.15454037180038716,3.101574883630263
0.521,0.003306624325323072,-0.15113673141128212,3.705705894579784
0.522,0.0031576108899806906,-0.146890139273481,4.787478381022425
0.523,0.0030132612915303807,-0.14180905762713897,5.374684911661601
0.524,0.002874398503836221,-0.13591651776118116,6.410394820254034
0.525,0.0027418188776101387,-0.129242734690984,6.937171320140329
0.526,0.0026162812128324195,-0.12183259486445455,7.883108332918564
0.527,0.0024984959842038346,-0.11373786239271536,8.306356610559853
0.528,0.0023891150484999083,-0.1050240090151372,9.121350144596462
0.529,0.002288722021187156,-0.09576204561036676,9.4025766649444
0.53,0.002197823615039036,-0.08603476668587293,10.051981184043282
0.531,0.00211684207925965,-0.075928304872899,10.16094244190458
0.532,0.002046108967563691,-0.06553791851901909,10.619830265855255
0.533,0.0019858603014046104,-0.05495941379914286,10.537179173897213
0.534,0.0019362332746046367,-0.04429463980080503,10.792368822778451
0.535,0.0018972644813341631,-0.03364294674014192,10.511017298547765
0.536,0.001868889725927659,-0.023106564072865987,10.561748036004099
0.537,0.001850945312943458,-0.012782261895536063,10.08685631865575
0.538,0.0018431707950461258,-0.0027667738991280205,9.944119674160337
0.539,0.001845213006035404,0.006851195877684901,9.291819879465507
0.54,0.0018566312931868236,0.015985378425154195,8.976545215473081
0.541,0.0018769037267456507,0.024559488692500152,8.171675319218838
0.542,0.001905434162159645,0.032501382135488824,7.712111566758515
0.543,0.0019415599103164566,0.039750114178134704,6.785352518533259
0.544,0.0019845598807488743,0.046249826686700586,6.214072498598505
0.545,0.0020336629582902075,0.05195632839596611,5.198930919932536
0.546,0.0020880564941540055,0.05683074333162981,4.549898951394859
0.547,0.0021468947015117427,0.06084567138384475,3.4799571530350155
0.548,0.002209306873866061,0.06397867332479185,2.786046728859185
0.549,0.0022744052632985676,0.0662181055402209,1.6928177019989203
0.55,0.0023412925872418108,0.06755654234626529,0.9840559100898786
0.551,0.002409069056033768,0.06799639523764898,-0.10435012732250275
0.552,0.002476838943481665,0.06754337965814505,-0.8016810316853619
0.553,0.0025437166460927224,0.06621202556397038,-1.8610271566639824
0.554,0.002608832300304645,0.06401928285987453,-2.524458251527715
0.555,0.0026713369459502464,0.06099000843132765,-3.534090605566027
0.556,0.002730407337896754,0.057150775461688424,-4.144375333712426
0.557,0.002785250419156749,0.052535387058301596,-5.086401473061237
0.558,0.0028351075704227016,0.047178915473603054,-5.626541696335848
0.559,0.002879258653561039,0.041123250803072046,-6.484787644726165
0.56,0.0029170259560278157,0.034411354130481804,-6.939005700454321
0.561,0.0029477780376965432,0.027092809206973992,-7.698084146561307
0.562,0.0029709335605077425,0.01921823641542469,-8.051061436537298
0.5630000000000001,0.002985965070318843,0.010844783206775992,-8.6958449807601
0.5640000000000001,0.002992402772048084,0.0020306202517059767,-8.932480929379931
0.5650000000000001,0.0029898382264340827,-0.007159711479708617,-9.448182533449254
0.5660000000000001,0.002977927965552112,-0.016660810284233454,-9.55401507560042
0.5670000000000001,0.002956396914183907,-0.026401292452176105,-9.926949260284879
0.5680000000000001,0.0029250415746365785,-0.03630938664247982,-9.889239120322559
0.5690000000000001,0.0028837328296351466,-0.04630810336038378,-10.108194315485376
0.5700000000000001,0.002832418294155617,-0.056320967598675435,-9.917534161097928
0.5710000000000001,0.0027711240546408177,-0.06626751143092369,-9.97555350339856
0.5720000000000001,0.0026999557188920656,-0.07606916006658045,-9.627743767914943
0.5730000000000001,0.002619098620051494,-0.08564503761456312,-9.524011328050392
0.5740000000000001,0.002528817112725411,-0.09491797703760312,-9.021867518029604
0.5750000000000001,0.0024294528321363845,-0.10381058414045043,-8.76334668766501
0.5760000000000001,0.0023214218908871255,-0.1122512983580668,-8.118081747567722
0.577,0.002205210931750512,-0.1201706199151603,-7.720561366619288
0.578,0.0020813720651238674,-0.1275071133381289,-6.952425479317926
0.579,0.0019505166712430108,-0.13420367442358416,-6.440696691592655
0.58,0.0018133081600496784,-0.1402133479630808,-5.578650387400654
0.581,0.0016704537361823305,-0.14549549977161486,-4.985653229667499
0.582,0.0015226953271657514,-0.15002131826154327,-4.065983750189376
0.583,0.0013707997856119544,-0.15376976484605048,-3.4309094188250664
0.584,0.001215548579816206,-0.15673264674544607,-2.494854379966132
0.585,0.0010577271333800237,-0.15891024612691831,-1.8603443829783581
0.586,0.0008981140668658644,-0.16031588690140014,-0.9509371659852833
0.587,0.0007374705306191927,-0.16097118559194318,-0.35966021510079543
0.588,0.0005765298962279712,-0.1609100831905,0.4818650179871922
0.589,0.0004159879980534701,-0.1601737131585023,0.990875046008179
0.59,0.00025649417948985474,-0.15881392396872843,1.7287033335395035
0.591,9.864331024853274e-05,-0.15688781451391556,2.123515576086176
0.592,-5.703101005572868e-05,-0.15446082609460723,2.730461262530448
0.593,-0.00021006194566761945,-0.15160104512917433,2.989100668335327
0.594,-0.0003600534620283606,-0.14838198759230792,3.449014405397475
0.595,-0.0005066828589935209,-0.14487680633801261,3.561348103193133
0.596,-0.0006497017222565887,-0.14116092018812298,3.8704241965860926
0.597,-0.0007889353239788786,-0.13730628325645708,3.8388496667456713
0.598,-0.0009242804761524161,-0.1333840210906181,4.005674664932294
0.599,-0.0010557019464558332,-0.129458919516216,3.8445284838718963
0.6,-0.0011832275163462405,-0.12559222026459843,3.888870019363213
0.601,-0.0013069418601310949,-0.12183646730511075,3.622635899612147
0.602,-0.0014269793867483823,-0.11823858592946417,3.573126851681018
0.603,-0.001543516273876459,-0.11483518832668933,3.233668353868649
0.604,-0.0016567618767219106,-0.11165601736421388,3.1246735710822633
0.605,-0.0017669497681711925,-0.10871976553434955,2.7478300886463947
0.606,-0.001874328607807518,-0.10603791373830135,2.615873503449996
0.607,-0.0019791530973455942,-0.10361106533785087,2.237823297450955
0.608,-0.0020816752090532503,-0.10143315807746155,2.1179912233277136
0.609,-0.0021821359205109266,-0.09948826483789136,1.7717952558126755
0.61,-0.0022807576080574534,-0.09775511025516191,1.6945139096462303
0.611,-0.0023777372873282337,-0.09620424828639826,1.4072100278810658
0.612,-0.0024732408013880495,-0.09480277983323347,1.3957268784484982
0.613,-0.0025673980859404893,-0.09351178927164704,1.1862542447243836
0.614,-0.0026602995502415018,-0.09229113933037822,1.255045637813254
0.615,-0.002751993638432572,-0.09109703705176145,1.1331589194202871
0.616,-0.0028424855463914196,-0.0898867788659332,1.2873574522361988
0.617,-0.002931737096512063,-0.08861632137535293,1.253557528924348
0.618,-0.003019667688272084,-0.08724486214468886,1.4893609324038017
0.619,-0.0031061562744692773,-0.0857323102496976,1.535742857578742
0.62,-0.0031910442364733766,-0.08404361375850024,1.8416501248159887
0.621,-0.0032741390709831414,-0.08214605526102917,1.9534668701261544
0.622,-0.0033552187339852563,-0.08001327074320133,2.3121021655295184
0.623,-0.003434036534952247,-0.07762233119078098,2.4697769393111937
0.624,-0.00351032641760659,-0.07495743411790558,2.8600172064395952
0.625,-0.0035838085188094554,-0.07200676828782493,3.0413144537217023
0.626,-0.00365419484952247,-0.06876589313820508,3.4404358455179973
0.627,-0.0037211950033863906,-0.06523441458963633,3.622521251619499
0.628,-0.0037845217578961854,-0.06141909442995349,4.0081190677461835
0.629,-0.0038438964987007494,-0.05733038717917508,4.169295433810634
0.63,-0.003899054361313856,-0.052985338047038325,4.5208028304628805
0.631,-0.003949749051179795,-0.048404041684838896,4.641789893935968
0.632,-0.003995757268207861,-0.043612392371294544,4.94150873315273
0.633,-0.004036882726867037,-0.038638524947058626,5.006226115319107
0.634,-0.004072959726898002,-0.03351547511486992,5.239873549058299
0.635,-0.004103856290718333,-0.028277652525793256,5.235771629095032
0.636,-0.0041294768444392034,-0.022963454915947215,5.3926235905970525
0.637,-0.004149764475045154,-0.017611806295953943,5.310673649389487
0.638,-0.004164702753055202,-0.01226474972414185,5.383439494234696
0.639,-0.004174317159839114,-0.006964063843680976,5.217932266687054
0.64,-0.00417867611155916,-0.0017538395964101648,5.202516227854568
0.641,-0.004177891616427232,0.003322829860266036,4.950822685497833
0.642,-0.004172119551865452,0.008221299263294896,4.846116120559886
0.643,-0.004161559589239769,0.01289862598807017,4.508537328990662
0.644,-0.004146454742620073,0.017311067251321914,4.316345197512829
0.645,-0.00412709055749862,0.021417302991584394,3.896126283012124
0.646,-0.004103793905194836,0.02517600161598322,3.621270965785523
0.647,-0.0040769313887189474,0.028549031335793618,3.124788473835271
0.648,-0.004046907318724841,0.03149910865241879,2.775366159415073
0.649,-0.004014161260678579,0.033993007440106644,2.2124314159606295
0.65,-0.003979165111863199,0.03599929019065514,1.8001340851363665
0.651,-0.003942419713028466,0.03749150747881045,1.1843004911742518
0.652,-0.003904450962414779,0.03844599374856345,0.7246720483317443
0.653,-0.003865805450110873,0.038845030859247925,0.07340217303720234
0.654,-0.0038270455988870565,0.03867467158838435,-0.41412071476435314
0.655,-0.0037887443512905437,0.037927823604640934,-1.0795752527224758
0.656,-0.0037514794151101926,0.03660204875606217,-1.5719744444350483
0.657,-0.0037158271348523226,0.03470251175967761,-2.227099548334063
0.658,-0.0036823560314108283,0.03223969512331081,-2.6985337243995327
0.659,-0.003651620107354628,0.02923215298908974,-3.3165505440426077
0.66,-0.003624151989606935,0.025704082506296678,-3.7395904215435145
0.661,-0.003600456033746418,0.021687829214737296,-4.292916161575249
0.662,-0.003581001485808007,0.017221266662084383,-4.640208943730582
0.663,-0.0035662158447483635,0.012350015457202974,-5.102293466032235
0.664,-0.003556478535483827,0.007124603071869849,-5.348531304634017
0.665,-0.003552115042650633,0.0016023825945190324,-5.695909650067617
0.666,-0.0035533916155579778,-0.004155528409208981,-5.819912357388411
0.667,-0.0035605106869585146,-0.010082614391865056,-6.034259607923739
0.668,-0.0035736071015957387,-0.0161102148825837,-6.020941373513543
0.669,-0.0035927452745450807,-0.02216613101610047,-6.090890893520005
0.67,-0.003617917346226715,-0.028178012347167866,-5.932871768614791
0.671,-0.0036490424179958987,-0.03407213119120008,-5.8553659194496435
0.672,-0.0036859668941506564,-0.039776821118314855,-5.554013934779899
0.673,-0.003728465968214222,-0.04522132700881683,-5.334997846224044
0.674,-0.0037762462307377887,-0.05033919803831653,-4.90074421277536
0.675,-0.003828949385580077,-0.05506711164625962,-4.555083003110807
0.676,-0.0038861570013523075,-0.05934811989820129,-4.006933500772535
0.677,-0.0039473962351381335,-0.0631303476734499,-3.5575220497246667
0.678,-0.004012146408670503,-0.0663699993912908,-2.921781385957128
0.679,-0.004079846331190586,-0.06902984564887468,-2.397911129210627
0.68,-0.004149902212312673,-0.07108191659529935,-1.7062307636387022
0.681,-0.004221696028291238,-0.07250571536183115,-1.1413667694248937
0.682,-0.004294594162217348,-0.07329055249039032,-0.4283074876934606
0.683,-0.004367956166349246,-0.07343345577340667,0.14250092166076334
0.684,-0.0044411434610015545,-0.07294113353120973,0.8421435627330952
0.685,-0.00451352782024257,-0.07182758495082124,1.3849535980438759
0.686,-0.004584499469933026,-0.07011571443009197,2.038787443414646
0.687,-0.0046534746670650416,-0.06783467983393868,2.523281748891933
0.6880000000000001,-0.004719902612625621,-0.0650212112872207,3.1036553445440176
0.6890000000000001,-0.004783271599696938,-0.06171676285541356,3.5052415190702617
0.6900000000000001,-0.0048431142877819544,-0.05796861331461917,3.9910575625185043
0.6910000000000001,-0.004899012047598945,-0.05382690631936332,4.292356427993194
0.6920000000000001,-0.0049505983133035945,-0.049345625089935986,4.670206030861479
0.6930000000000001,-0.004997560933398083,-0.0445796150990401,4.8618139509302996
0.6940000000000001,-0.005039643504929409,-0.03958552796361256,5.1263603199247845
0.6950000000000001,-0.005076645728156162,-0.03441891848989329,5.206858627513761
0.6960000000000001,-0.005108422810164398,-0.02913524552657751,5.360487299117804
0.6970000000000001,-0.0051348839943192014,-0.02378712278302926,5.335758187978698
0.6980000000000001,-0.005155990279516702,-0.018425447611972817,5.387592154134186
0.6990000000000001,-0.005171751435619444,-0.013096864593510645,5.269573882790158
0.7000000000000001,-0.005182222402880157,-0.007845069927916906,5.234015448397321
0.7010000000000001,-0.005187499198609097,-0.0027085215299615184,5.039081347513455
0.7020000000000001,-0.005187714429565154,0.0022780596178463485,4.934080948102279
0.7030000000000001,-0.005183032536966486,0.007085725579488807,4.681250975182637
0.704,-0.005173644870405359,0.011689607542766808,4.526512951373364
0.705,-0.005159764709122505,0.01607071502294083,4.235702008974673
0.706,-0.005141622313792186,0.020214075637697393,4.05101922053845
0.707,-0.005119460109365147,0.024110333216378434,3.7414959368236294
0.708,-0.005093528061219294,0.02775376307532875,3.545363781077005
0.709,-0.0050640793213757715,0.031143716611718296,3.2345432917020878
0.71,-0.0050313661822124975,0.03428256171482898,3.0431469145192698
0.711,-0.0049956363887214295,0.03717702526730662,2.745780190435997
0.712,-0.0049571298219200505,0.03983610833545196,2.572385945854678
0.713,-0.004916075580547624,0.04227237440940053,2.300146202042455
0.714,-0.004872689452218482,0.044499882248882454,2.1548694769213896
0.715,-0.004827171781981818,0.04653545822444523,1.9162824742041558
0.716,-0.004779705713801186,0.04839667813681893,1.8061573505432544
0.717,-0.004730455800238461,0.05010314898863024,1.606784353079373
0.718,-0.004679566947100606,0.051674557287078586,1.5360322438173217
0.719,-0.0046271636826393,0.053131971635533196,1.378796453091902
0.72,-0.004573349716006926,0.05449596162921789,1.3491835342774894
0.721,-0.004518207775012825,0.055787920358982786,1.2347339252523022
0.722,-0.004461799691155581,0.05702824735550493,1.2459200677919762
0.723,-0.004404166726739309,0.058237681477039505,1.1729481752771742
0.724,-0.004345330118449469,0.059435535102638944,1.2227590759216982
0.725,-0.004285291838826053,0.06064102414419181,1.1882190071840368
0.726,-0.004224035556971421,0.061871539565070834,1.2728118345739992
0.727,-0.004161527805865304,0.06314396264716174,1.2720343296078054
0.728,-0.004097719342714354,0.06447296365473928,1.3859676855472638
0.729,-0.004032546712755364,0.06587229626323983,1.4126975314538086
0.73,-0.003965934004306973,0.0673531206335425,1.548951209151532
0.731,-0.0038977948042216177,0.06892527953716746,1.5953665980983898
0.732,-0.0038280343382398213,0.07059565242642497,1.7453791804166328
0.733,-0.0037565517994082105,0.07236942523679621,1.8021664403258142
0.734,-0.0036832428412456224,0.07424849108837957,1.9559652628408974
0.735,-0.003608002228775961,0.07623273385094273,2.0125202622854195
0.736,-0.003530726612943495,0.07831849781398967,2.1590076638084432
0.737,-0.003451317409056263,0.08049990996047479,2.203816629161796
0.738,-0.0033696837322496442,0.08276744365276281,2.3312507554142328
0.739,-0.0032857453579915974,0.08510930486333164,2.352471665723415
0.74,-0.0031994356492024414,0.08751011271498106,2.4491440375754188
0.741,-0.003110704407764307,0.08995237016128844,2.4353708550393343
0.742,-0.003019520584163354,0.09241527704061732,2.490442903618415
0.743,-0.002925874797500029,0.09487629628603286,2.4315955872126733
0.744,-0.002829781597437398,0.09731010383922857,2.4360195191787417
0.745,-0.002731281421200501,0.09969024863456534,2.3242700714948064
0.746,-0.002630442181955435,0.1019882298555667,2.2716923705079184
0.747,-0.0025273604497532305,0.10417523454884216,2.102317016042993
0.748,-0.00242216217329506,0.10622131836749903,1.989850621270756
0.749,-0.0023150029186485674,0.10809719092548643,1.7618944947040573
0.75,-0.00220606759139124,0.10977346358916808,1.59065083265922
0.751,-0.0020955696387203217,0.11122244175266911,1.3073054943428424
0.752,-0.001983749720625799,0.11241739443637684,1.0825998730726096
0.753,-0.0018708738702340254,0.11333430634717029,0.7512239485142986
0.754,-0.00175723115680109,0.11395112051869995,0.4824043945450249
0.755,-0.0016431308953147002,0.11424940245407976,0.11415947621460208
0.756,-0.0015288994393234541,0.11421350952841254,-0.18594532754903942
0.757,-0.0014148766220634275,0.11383212499164093,-0.5768237459941971
0.758,-0.001301411901468947,0.11309731619732057,-0.8927938426465363
0.759,-0.001188860289782775,0.11200590717502319,-1.2900242019482036
0.76,-0.0010775781357273064,0.11055840093591379,-1.6049882762705847
0.761,-0.0009679188481034786,0.10876017431174173,-1.991464972073542
0.762,-0.0008602286330009693,0.10662025589327691,-2.28837186485611
0.763,-0.0007548423331096596,0.10415234388934257,-2.6474521430125644
0.764,-0.0006520794369127859,0.10137344850440476,-2.9103386268630542
0.765,-0.0005522403374521484,0.09830475041686994,-3.2270575482065915
0.766,-0.00045560289609487007,0.09497013229768676,-3.4421786901597424
0.767,-0.00036241937499167,0.09139690990871344,-3.704266087786907
0.768,-0.00027291377507735864,0.08761428991990924,-3.860973889821498
0.769,-0.0001872796222546082,0.0836540157255916,-4.059574498813796
0.77,-0.00010567821630908108,0.07954879616546266,-4.150864621444079
0.771,-2.8237361862214947e-05,0.07533291272826961,-4.280902252942043
0.772,4.494942719695756e-05,0.07104066539007542,-4.303592423446359
0.773,0.00011382325314510348,0.06670698650621643,-4.363765344271623
0.774,0.00017835971927880037,0.062365945761177335,-4.318316145806545
0.775,0.0002385683967467481,0.05805140917471817,-4.310757027111781
0.776,0.00029449191930703276,0.05379563594585115,-4.20078943062225
0.777,0.0003462047421881555,0.04963000981639442,-4.130462828291195
0.778,0.0003938116210465744,0.0455837479004433,-3.962061003611043
0.779,0.0004374458539597535,0.04168471792591482,-3.8359989454459105
0.78,0.00047726734538390656,0.0379582649223913,-3.6169070616011316
0.781,0.0005134605346744682,0.03442811365873227,-3.443395465716929
0.782,0.0005462322442068466,0.031115305406024696,-3.182221039698233
0.783,0.0005758094830335757,0.028039172247433797,-2.9700452774835697
0.784,0.0006024372516343842,0.02521636495418319,-2.675569309017646
0.785,0.0006263763723523482,0.022661876481744784,-2.433407635859163
0.786,0.0006479013779718247,0.020388134757208277,-2.11407581321385
0.787,0.0006672984692241372,0.018406047747416603,-1.8500982063694995
0.788,0.0006848635593292772,0.016724132462863448,-1.5137323627368071
0.789,0.0007009004025228831,0.015349553924348298,-1.2354247142934904
0.79,0.0007157188114833675,0.014287263996620355,-0.8891551411623935
0.791,0.0007296329490164752,0.013541011069595045,-0.6033507128882267
0.792,0.000742959688934692,0.013112468766838315,-0.2537338926252328
0.793,0.0007560170239152513,0.013002201194280201,0.03319874750900564
0.794,0.0007691225099347004,0.013208770844618094,0.3799405531667822
0.795,0.0007825917225307465,0.013729654347474278,0.6618264525455865
0.796,0.0007967367143779296,0.014560329346891736,0.9995235462893304
0.797,0.0008118644520791086,0.015695146055466302,1.270109870859798
0.798,0.000828275226476736,0.01712640273978881,1.5924034977852182
0.799,0.0008462610215001366,0.018845187307012443,1.8451656366620492
0.8,0.0008661038444925356,0.020840458677785473,2.145377104884007
0.801,0.0008880740131713341,0.023099878679811607,2.3734628991682634
0.802,0.0009124284129178935,0.025608920813307352,2.644621367823227
0.803,0.0009394087308049663,0.028351714960838464,2.8409669272389935
0.804,0.0009692396909014845,0.031310205232197894,3.076013615479861
0.805,0.0010021273075802477,0.03446502812532888,3.233632170782114
0.806,0.0010382571902983627,0.03779473731090098,3.4257862003620856
0.807,0.0010777929240824032,0.041276730257180094,3.5381996921961356
0.808,0.0011208745645350832,0.04488655064817989,3.681441089803444
0.809,0.0011676172748891866,0.048598870060027013,3.743197733890793
0.81,0.001218110144608567,0.052386869378733776,3.832800903522729
0.811,0.0012724152154227422,0.056223272249616596,3.840004838242907
0.812,0.0013305667499783711,0.060079796861641346,3.8730443858065873
0.8130000000000001,0.0013925707624801856,0.0639282281419877,3.8238181748861346
0.8140000000000001,0.0014584048376341072,0.0677399221658553,3.7995698728490557
0.8150000000000001,0.0015280182466876067,0.07148689594114381,3.6943776777279886
0.8160000000000001,0.0016013323745966723,0.07514135987698708,3.6145501939585687
0.8170000000000001,0.0016782414538968411,0.07867679872335054,3.4563274987683537
0.8180000000000001,0.0017586136052589248,0.08206750400081696,3.3250830561644853
0.8190000000000001,0.0018422921662548217,0.08528961799097709,3.1191449241557745
0.8200000000000001,0.0019290972943926258,0.08832063828463152,2.942895663153087
0.8210000000000001,0.002018827812966596,0.0911403988633091,2.69662549420208
0.8220000000000001,0.0021112632738352352,0.09373052287396975,2.4836225271192327
0.8230000000000001,0.002206166195486113,0.09607532042778591,2.2059725805130936
0.8240000000000001,0.002303284442060521,0.09816117272103027,1.9657320059756234
0.8250000000000001,0.0024023536955882813,0.09997733433448933,1.6665912209424778
0.8260000000000001,0.00250309998316854,0.10151524082602874,1.4092217621363465
0.8270000000000001,0.002605242209993899,0.10276921282468893,1.0987222351840262
0.8280000000000001,0.002708494660856564,0.10373568890064155,0.8342299167212321
0.8290000000000001,0.002812569424428528,0.10441383824328607,0.5220687685678067
0.8300000000000001,0.002917178708352639,0.10480472960493557,0.2597139547312065
0.8310000000000001,0.0030220370069176856,0.10491186752515747,-0.04543811428743337
0.8320000000000001,0.0031268630983028035,0.1047403152450787,-0.2976664458701171
0.833,0.003231381843545715,0.10429717524074456,-0.5886135627981643
0.834,0.003335325775342322,0.10359068835247055,-0.8243602137498495
0.835,0.003438436460604493,0.1026306821718701,-1.0956521474510437
0.836,0.003540465636598113,0.10142766981536896,-1.3103725655512304
0.837,0.0036411761161601513,0.09999328930870754,-1.5583884477716126
0.838,0.0037403424725836734,0.0983394235383363,-1.7493430929708609
0.839,0.0038377515096097038,0.09647865051372465,-1.9722029562524326
0.84,0.003933202535662669,0.09442340159220478,-2.1382948867872877
0.841,0.0040265074550094,0.09218643710125889,-2.3356340951044774
0.842,0.004117490700478346,0.08978005383663216,-2.4771324341489698
0.843,0.004205989024394611,0.08721659399589671,-2.6497872473219592
0.844,0.004291851174528115,0.08450770627111172,-2.7679882022480116
0.845,0.004374937472405422,0.08166488948350012,-2.917645372975183
0.846,0.004455119319854637,0.07869880541492982,-3.0145227641654078
0.847,0.004532278649044096,0.07561985296398871,-3.143382137716816
0.848,0.004606307338578036,0.07243752610389212,-3.2212715824763634
0.849,0.004677106606921336,0.06916101058270867,-3.331759459890532
0.85,0.004744586401048765,0.06579857767214614,-3.3931063612345107
0.851,0.004808664786801255,0.06235819383283389,-3.4876613173899793
0.852,0.0048692673539424075,0.05884694044947077,-3.534845449336252
0.853,0.004926326637911664,0.05527162748904349,-3.615780471518312
0.854,0.004979781567162689,0.05163823101300599,-3.651012480556693
0.855,0.005029576934815045,0.04795250429170372,-3.720440962047867
0.856,0.005075662900957044,0.044219427992294676,-3.7457116367702192
0.857,0.00511799452284431,0.04044381578223623,-3.80551278334668
0.858,0.005156531318689781,0.03662977590870469,-3.822566963716404
0.859,0.005191236862719631,0.03278131215099639,-3.874360551700201
0.86,0.005222078418357399,0.02890179912453932,-3.884665501213943
0.861,0.005249026609232722,0.024994582626105082,-3.929767495654533
0.862,0.005272055137326442,0.021062473561335004,-3.9344506338856213
0.863,0.005291140550858931,0.017108353503643342,-3.9737894814976995
0.864,0.005306262074118312,0.013134693015119749,-3.973531495549487
0.865,0.005317401504684119,0.009144168116494707,-4.007518301700597
0.866,0.005324543192555788,0.005139207626842598,-4.002402677603623
0.867,0.005327674108411385,0.0011226240843504203,-4.030764407380731
0.868,0.005326784016268955,-0.0029028083692104988,-4.0201004997411065
0.869,0.005321865757576792,-0.0069337090151140824,-4.04170079206606
0.87,0.005312915660459924,-0.010966485218621803,-4.023851614949376
0.871,0.005299934078393407,-0.014996678914411695,-4.036535776630409
0.872,0.005282926067791833,-0.01901934228873707,-4.008790972020348
0.873,0.005261902203316046,-0.023028386662838487,-4.009297776182484
0.874,0.0052368795335405805,-0.027016952888092496,-3.9678346743255357
0.875,0.005207882667931115,-0.030976778330837312,-3.9518162111641
0.876,0.005174944988895282,-0.034898579740829,-3.891786608819278
0.877,0.005138109970422977,-0.038771457203780516,-3.8539683170837526
0.878,0.00509743258716787,-0.042583309306433746,-3.7697358882227086
0.879,0.005052980785643325,-0.046320293742655526,-3.7042329842208495
0.88,0.005004836991741622,-0.049967294060747854,-3.589767651963816
0.881,0.004953099617379765,-0.05350745466296698,-3.490553552474446
0.882,0.0048978845325214695,-0.05692271505362349,-3.339967228838577
0.883,0.004839326458876561,-0.060193432236194826,-3.201467136304089
0.884,0.004777580246574126,-0.06329899236867514,-3.0096531286565362
0.885,0.004712821987175775,-0.06621752642802704,-2.82741499004728
0.886,0.004645249923408447,-0.06892660110662899,-2.5907343671566356
0.887,0.004575085110435699,-0.07140302483886454,-2.3621130973144826
0.888,0.004502571792741977,-0.07362361054858037,-2.079058322117164
0.889,0.004427977457595052,-0.07556505974526877,-1.8038400712596288
0.89,0.004351592537489204,-0.07720478046642583,-1.4756013710544824
0.891,0.0042737297331036,-0.07852082830478144,-1.1564943056567192
0.892,0.004194722941581171,-0.07949275474007395,-0.7873585649282865
0.893,0.004114925775823194,-0.08010157677588053,-0.4302855066848811
0.894,0.004034709675000789,-0.08033062486893118,-0.027810679416413242
0.895,0.00395446160843171,-0.08016550826922868,0.35804387882141425
0.896,0.0038745813899359774,-0.0795949287222358,0.783115215164355
0.897,0.003795478621954765,-0.07861060724018831,1.1855277489306153
0.898,0.003717569303282591,-0.07720803010415997,1.619626523126088
0.899,0.0036412721357940905,-0.07538630487284091,2.0238239395120297
0.9,0.0035670045788766995,-0.07314880896194174,2.451167882286294
0.901,0.003495178700383523,-0.07050294802441143,2.840553992774341
0.902,0.0034261968843028764,-0.06746068413688196,3.2439737822846144
0.903,0.0033604474533948394,-0.06403817767919232,3.6010391330946843
0.904,0.0032983002739733498,-0.060256181163786976,3.962953897715991
0.905,0.0032401024056333966,-0.05613955551611894,4.27029739762008
0.906,0.003186173864950351,-0.05171752584997208,4.573761934673646
0.907,0.0031368035652562967,-0.04702307353813602,4.815142688998463
0.908,0.0030922454981564254,-0.04209306066160647,5.044883064060638
0.909,0.0030527152131465474,-0.03696750935814962,5.206219542853083
0.91,0.003018386652873495,-0.03168961118795533,5.349576797535489
0.911,0.0029893893903010886,-0.026304913956857065,5.419817664661041
0.912,0.0029658063133508276,-0.02086123994366506,5.467530361722969
0.913,0.002947671789910237,-0.01540780693751597,5.439335650575207
0.914,0.0029349703441758743,-0.00999508453120896,5.386109162038814
0.915,0.002927635861902006,-0.0046738800165275676,5.256299867323973
0.916,0.0029255513396637765,0.0005048355400688494,5.101131245868861
0.917,0.0029285491798167933,0.005490844765965407,4.870887205924255
0.918,0.0029364120305033067,0.010234856607061317,4.617136476267564
0.919,0.0029488741572187226,0.01468939682377043,4.291943957150663
0.92,0.002965623330816172,0.018808950371128237,3.9471631375649476
0.921,0.002986303205072543,0.02255079814161434,3.5365324034072567
0.922,0.0030105161564125665,0.025875104538431868,3.1120803902278027
0.923,0.0030378265480395556,0.028745678715546064,2.629067964000586
0.924,0.0030677643815409444,0.03112998828723143,2.13955117937015
0.925,0.0030998292902415215,0.03299982911392258,1.6001304740121522
0.926,0.00313349483080733,0.03433125201769467,1.0627153335320207
0.927,0.0031682130223450143,0.035105131057673676,0.4850427464259755
0.928,0.0032034190858004317,0.03530699585316178,-0.08131315544977248
0.929,0.003238536330598311,0.03492749374259722,-0.6776910656793411
0.93,0.0032729811401697234,0.0339621254002276,-1.253045619059901
0.931,0.003306168003331919,0.03241160092416293,-1.8480033330694408
0.932,0.0033375145441042996,0.030281480620598333,-2.412237274059765
0.933,0.0033664464988032543,0.027582428777311176,-2.9858664125145453
0.934,0.0033924025955626947,0.024329764741570115,-3.5194616589675762
0.935,0.0034148392884132536,0.0205436209595485,-4.052825905075648
0.936,0.0034332353048561605,0.01624841192626511,-4.5375921614911325
0.937,0.0034470959634250154,0.011472905211444439,-5.013421268150211
0.9380000000000001,0.003455957224912358,0.006249617763240099,-5.433153628258468
0.9390000000000001,0.003459389438982521,0.0006148103770866917,-5.836461144048346
0.9400000000000001,0.003457000755410414,-0.005392177521300929,-6.177514652726895
0.9410000000000001,0.0034484401677012605,-0.011728997897006169,-6.496126098683582
0.9420000000000001,0.0034334001647101558,-0.01835100808520334,-6.747894277710758
0.9430000000000001,0.003411618964893965,-0.025211391547178382,-6.972872646239324
0.9440000000000001,0.0033828823160764175,-0.03226190608791763,-7.128156435239169
0.9450000000000001,0.003347024843155541,-0.03945303975383546,-7.254110896596492
0.9460000000000001,0.0033039309348433504,-0.04673477687054696,-7.309363336826517
0.9470000000000001,0.0032535351606162864,-0.054056771583580715,-7.334626089240983
0.9480000000000001,0.0031958222181063868,-0.06136911343621863,-7.290057616034842
0.9490000000000001,0.003130826411731126,-0.06862249931430262,-7.216714140133132
0.9500000000000001,0.003058630672699592,-0.07576897874876531,-7.0762447287922665
0.9510000000000001,0.002979365131427983,-0.08276210379445302,-6.910005362583142
0.9520000000000001,0.0028932052628257714,-0.08955763340997044,-6.681053868451706
0.9530000000000001,0.002800369625886012,-0.09611364046954866,-6.430960250704738
0.9540000000000001,0.00270111722823564,-0.10239115483119487,-6.1240684725876795
0.9550000000000001,0.002595744547013743,-0.10835420761259845,-5.802037090219473
0.9560000000000001,0.002484582246094602,-0.11397039422568359,-5.430336135950791
0.9570000000000001,0.0023679916297325,-0.11921083849852042,-5.0505524097228855
0.9580000000000001,0.0022463608803794293,-0.12405066020762051,-4.629091008477296
0.9590000000000001,0.002120101127433962,-0.12846884568331432,-4.20727994291034
0.96,0.0019896423999954016,-0.13244860919380688,-3.752247078074795
0.961,0.001855429514295539,-0.13597716220591863,-3.3048589461487
0.962,0.0017179179511269285,-0.13904596413130205,-2.832744904618138
0.963,0.001577569774519275,-0.1416503890840049,-2.376105000787537
0.964,0.0014348496457054947,-0.1437898685435556,-1.9028539183138637
0.965,0.0012902209805741038,-0.14546746171922675,-1.4523324330284495
0.966,0.0011441422997121346,-0.14668990000471196,-0.9925441379419978
0.967,0.000997063812582168,-0.14746707425522093,-0.5618043630759447
0.968,0.0008494242765569411,-0.14781199779523302,-0.12804271694821726
0.969,0.0007016481625019902,-0.14774023031466874,0.2715776780767814
0.97,0.0005541431563803856,-0.14726978192854034,0.6693190941799918
0.971,0.00040729801625737175,-0.14642049831748735,1.0292481279259627
0.972,0.00026148080095064616,-0.14521393229596385,1.3838839151210225
0.973,0.00011703747594944247,-0.14367271770644352,1.6985452639196625
0.974,-2.5709101239880283e-05,-0.14182043667220198,2.006016804563439
0.975,-0.0001664598247040202,-0.13968101025607788,2.2728360276848267
0.976,-0.00030493962424776676,-0.13727858883141528,2.53200682164042
0.977,-0.000440897411435615,-0.13463698554428125,2.7511997526276573
0.978,-0.0005741057112463567,-0.13177961407720223,2.9635431815303868
0.979,-0.0007043600116297978,-0.12872898668967997,3.1377115935141684
0.98,-0.0008314778641679232,-0.12550671838657065,3.306825012704452
0.981,-0.0009552977759562608,-0.12213310519010462,3.4404013802276054
0.982,-0.001075677932001928,-0.11862720690122974,3.571395197522156
0.983,-0.0011924947924085824,-0.11500651391207904,3.6699907807792673
0.984,-0.0013056416059003468,-0.11128711307144962,3.7688109004795805
0.985,-0.0014150268842046613,-0.10748344353717958,3.8385281680604897
0.986,-0.0015205728772285296,-0.10360854251055661,3.911273885185441
0.987,-0.0016222140900542734,-0.09967388314093073,3.958044854066304
0.988,-0.0017198958765473709,-0.09568968984526416,4.010341737266828
0.989,-0.0018135731438880703,-0.09166484483613431,4.039348280992856
0.99,-0.0019032091948318257,-0.0876072570513762,4.07582728852336
0.991,-0.001988774732886858,-0.08352381905868893,4.091048696851189
0.992,-0.0020702470472990656,-0.07942080976572709,4.1149698890724675
0.993,-0.0021476093924966233,-0.07530388062938931,4.118888383603068
0.994,-0.0022208505680868253,-0.07117847055101482,4.131931773145899
0.995,-0.002289964703170787,-0.0670497996169084,4.125410095066944
0.996,-0.0023549512404372,-0.06292327491591745,4.127639306914952
0.997,-0.0024158151135713363,-0.058804471352354455,4.1099678202110415
0.998,-0.0024725671039161935,-0.05469950933736038,4.099956209777096
0.999,-0.00252522436120045,-0.050615005231152026,4.06905200263961
1.0,-0.0025738110665943434,-0.04655840555663485,4.044147346394729
1.0010000000000001,-0.0026183592163117795,-0.04253789387823829,3.996876010398406
1.002,-0.002658909498675617,-0.03856267084943705,3.9535700472040736
1.0030000000000001,-0.002695512238736911,-0.03464280927315188,3.8861531053662626
1.004,-0.0027282283805558764,-0.03078947436477841,3.820516711380677
1.0050000000000001,-0.0027571304796435805,-0.02701472381062877,3.7289843969185976
1.006,-0.002782303675336571,-0.023331667575351458,3.6371280736360245
1.0070000000000001,-0.002803846616369336,-0.0197542144901783,3.517778096710294
1.008,-0.002821872311274631,-0.016297175320412173,3.396300242821962
1.0090000000000001,-0.00283650887963491,-0.012975961400144889,3.2461275977126065
1.01,-0.00284790017943454,-0.009806638199115312,3.0925188043465477
1.0110000000000001,-0.0028562062908079693,-0.006805584547742674,2.9095884983987292
1.012,-0.002861603836308338,-0.003989506452994366,2.7225676910978867
1.0130000000000001,-0.0028642861232614863,-0.0013750674533017724,2.506310308287301
1.014,-0.0028644630939519216,0.0010211260724309944,2.2860767431782327
1.0150000000000001,-0.0028623610749884654,0.0031829118544807545,2.037494820921288
1.016,-0.002858222317516477,0.005094603089494819,1.7858876491068416
1.0170000000000001,-0.002852304325516511,0.006741380910437895,1.5076679927793109
1.018,-0.0028448789697234304,0.008109330675723076,1.2282315377910527
1.0190000000000001,-0.0028362313901117687,0.009185828547600352,0.9247642059635001
1.02,-0.0028266586900559405,0.009959571564055565,0.6227218269469232
1.0210000000000001,-0.002816468430445329,0.010420947657166647,0.30003035927524263
1.022,-0.0028059769320084565,0.010562049216577694,-0.017827240453148735
1.0230000000000001,-0.00279550739899415,0.01037701681203546,-0.352237568631319
1.024,-0.00278538787711895,0.009862026938364653,-0.6777421787102973
1.025,-0.0027759490632920216,0.009015600715492142,-1.0151102670347238
1.026,-0.0027675219841660744,0.007838557536402486,-1.3389760911445863
1.027,-0.00276043556486184,0.006334281072067144,-1.6695768375260973
1.028,-0.0027550141085087624,0.004508631634087568,-1.9817220384330536
1.029,-0.002751574711214112,0.0023701629552128085,-2.295215319316466
1.03,-0.0027504246360858103,-7.001269860918888e-05,-2.585135988327529
1.031,-0.0027518586735212416,-0.0027980621722532646,-2.8709629589606225
1.032,-0.002756156513636374,-0.0057976180580117855,-3.1281488125564176
1.033,-0.0027635801598318104,-0.00904967433286114,-3.375963737142291
1.034,-0.002774371410707983,-0.012532827419484697,-3.5903424361048217
1.035,-0.002788749440095585,-0.016223231355719653,-3.7904654363650883
1.036,-0.0028069085026264217,-0.02009489370595311,-3.95285926410183
1.037,-0.002829015794145877,-0.02411968933295692,-4.096731989905788
1.038,-0.002855209493265597,-0.028267708906482662,-4.199307157145698
1.039,-0.0028855970114598888,-0.0325073274821015,-4.279929994091972
1.04,-0.002920253475367816,-0.03680560033375341,-4.316615709211831
1.041,-0.002959220465243503,-0.04112837941761972,-4.328942458520808
1.042,-0.003002505028990614,-0.04544074807660274,-4.29579485944523
1.043,-0.003050078990680761,-0.04970717530369052,-4.237059594730329
1.044,-0.003101878567227353,-0.05389197778949414,-4.132545376876888
1.045,-0.0031578043056167916,-0.05795949898938373,-4.002497022902295
1.046,-0.0032177213472714505,-0.06187458431993415,-3.8276736381985352
1.047,-0.0032814600242793185,-0.06560276969580242,-3.628697113538009
1.048,-0.003348816785999449,-0.06911075374445833,-3.387270983773822
1.049,-0.0034195554523795023,-0.07236657901564858,-3.1243795586066874
1.05,-0.0034934087839640906,-0.0753400841535276,-2.822630717151341
1.051,-0.0035700803563586117,-0.07800306063551445,-2.503322246822364
1.052,-0.0036492467207324035,-0.0803296681120689,-2.1498927062865576
1.053,-0.0037305598300093274,-0.0822965504417785,-1.7838719531326221
1.054,-0.0038136497047099958,-0.08388319895955802,-1.3894250824264351
1.055,-0.003898127311065924,-0.08507201375229806,-0.988204503053638
1.056,-0.003983587619135426,-0.08584860238670707,-0.5649727657643723
1.057,-0.004069612808171833,-0.0862017756861064,-0.14137383303431653
1.058,-0.004155775582636829,-0.08612377324388709,0.29737871747294226
1.059,-0.004241642562837623,-0.08561018715770269,0.7297934548958819
1.06,-0.004326777711495674,-0.08466011015840032,1.17036054370887
1.061,-0.004410745759310217,-0.08327598547068468,1.5978888317223934
1.062,-0.004493115591146011,-0.08146367820090422,2.0267257078385144
1.063,-0.004573463557396061,-0.07923225429919735,2.4361220955752314
1.064,-0.004651376674813735,-0.07659398053614963,2.8404254305202055
1.065,-0.004726455685084146,-0.07356404000467369,3.2194556324316803
1.066,-0.00479831794016363,-0.0701604701542958,3.587684068324118
1.067,-0.004866600088239143,-0.06640382599672928,3.9256042468089443
1.068,-0.00493096053568779,-0.06231706890056505,4.247909945519534
1.069,-0.004991081665810853,-0.05792519134556099,4.535845164488584
1.07,-0.005046671797113749,-0.05325507126022971,4.804395006173976
1.071,-0.0050974668695540175,-0.048335073620306535,5.035600273672364
1.072,-0.00514323184932422,-0.043194885920097584,5.244775126745539
1.073,-0.005183761848326797,-0.037865112085057016,5.414772543335598
1.074,-0.0052188829564842705,-0.032377104229889875,5.561243166998683
1.075,-0.005248452790272308,-0.026762563346186277,5.667838600408507
1.076,-0.005272360762431872,-0.02105338097294177,5.750526146080507
1.077,-0.005290528082489198,-0.01528125914171006,5.793717516382908
1.078,-0.005302907498674958,-0.009477573229810807,5.8136543074155975
1.079,-0.0053094827957883926,-0.0036730209970573732,5.79545015809127
1.08,-0.005310268063804738,0.0021024849643668064,5.755561764757089
1.081,-0.005305306755201187,0.007820132242736071,5.679732791981439
1.082,-0.005294670548501618,0.01345228115640164,5.5845650353497
1.083,-0.005278458037963551,0.01897273991972996,5.456352491306942
1.084,-0.0052567932681881775,0.02435679963101884,5.311766931270809
1.085,-0.005229824134196587,0.02958146835216211,5.137570511015738
1.086,-0.005197720665824343,0.03462546839232564,4.950429569311306
1.087,-0.0051606732165281905,0.039469430199979956,4.7374940459973205
1.088,-0.005118890574612954,0.04409585363049321,4.51535281502918
1.089,-0.005072598015769934,0.048489264055544316,4.271468035073023
1.09,-0.005022035313499882,0.05263614048456077,4.022284822959883
1.091,-0.0049674547246761425,0.05652503716291781,3.755508533754197
1.092,-0.004909118965099526,0.060146481990315685,3.4873811210415493
1.093,-0.004847299190509793,0.0634930671891519,3.2057892766308864
1.094,-0.004782272996140244,0.06655932154994731,2.9267194449599168
1.095,-0.004714322448536189,0.06934177365816363,2.638184771472711
1.096,-0.004643732161070613,0.07183880127299032,2.355870458180659
1.097,-0.0045707874252870736,0.07405067029408974,2.067867584018156
1.098,-0.004495772408020239,0.07597936423958053,1.7895203069634193
1.099,-0.004418968424998597,0.07762860180370472,1.5089548212849615
1.1,-0.004340652299536501,0.07900364912048669,1.2411398122789608
1.101,-0.004261094815692458,0.08011131856759914,0.9741990819459416
1.102,-0.004180559273200432,0.08095976641645164,0.7226966157590899
1.103,-0.004099300152203553,0.08155847557730755,0.4747217059527407
1.104,-0.004017561893709406,0.08191804141098598,0.2444099614041089
1.105,-0.003935577802295833,0.08205014141615884,0.01979004894163301
1.106,-0.00385356907538482,0.08196731240586684,-0.18544806952562592
1.107,-0.0037717439638478892,0.08168291066799535,-0.3833554062173709
1.108,-0.0036902970663555204,0.08121088431674266,-0.5606972962880308
1.109,-0.0036094087601429036,0.08056572810849098,-0.7296151202153403
1.11,-0.003529244768369275,0.07976225543876607,-0.8773302192345139
1.111,-0.0034499558643373103,0.07881555262516238,-1.016075407972887
1.112,-0.0033716777102342243,0.077740755581009,-1.1335186803338706
1.113,-0.0032945308280289643,0.07655300882951074,-1.2419748226626384
1.114,-0.003218620697516551,0.07526725219531495,-1.329538445728947
1.115,-0.0031440379764440048,0.07389818994977797,-1.4085860453450314
1.116,-0.003070858835069503,0.07246009279922622,-1.4676082557584862
1.117,-0.0029991453975290517,0.07096678228167604,-1.5190127793418862
1.118,-0.0029289462799756407,0.06943145282514598,-1.5516461337182328
1.119,-0.002860297215671961,0.06786667578221314,-1.577907952147464
1.12,-0.0027932217550922186,0.06628424537727148,-1.586952857735867
1.121,-0.002727732029601209,0.06469520560474647,-1.591126687314172
1.122,-0.002663829565527909,0.0631097225418533,-1.5798394384721501
1.123,-0.002601506136336273,0.06153713584141898,-1.565333962396501
1.124,-0.0025407446392773864,0.05998585827635468,-1.5372211677321075
1.125,-0.002481519984203316,0.058463451871786434,-1.5075916414043782
1.1260000000000001,-0.0024237999813523006,0.056976553830244095,-1.4662044416803002
1.127,-0.0023675462166154147,0.055530975643528234,-1.424951931751421
1.1280000000000001,-0.002312714902342708,0.05413165290188602,-1.3736935515330024
1.129,-0.002259257693801257,0.052782764181015664,-1.3240838902076997
1.1300000000000001,-0.0022071224612934272,0.05148770083464388,-1.2660428025358705
1.131,-0.0021562540102647546,0.05024920122270145,-1.2109564213489967
1.1320000000000001,-0.0021065947418725996,0.049069335561608814,-1.1487749008362675
1.133,-0.002058085248961959,0.04794965025967195,-1.0905957030374576
1.1340000000000001,-0.0020106648426624673,0.046891162339311336,-1.026380137683763
1.135,-0.0019642720073273965,0.04589450833083066,-0.9669278792775821
1.1360000000000001,-0.001918844781806774,0.04495994271041451,-0.9022033615547166
1.137,-0.001874321067468054,0.04408748596702535,-0.8427101252235872
1.1380000000000001,-0.0018306388635435863,0.04327692188190998,-0.7784180450071596
1.139,-0.001787736432622668,0.04252793995992678,-0.719545798959246
1.1400000000000001,-0.001745552399082426,0.04184012712055712,-0.6560798797800785
1.141,-0.001704025785240195,0.04121310056390487,-0.5979732335244187
1.1420000000000001,-0.0016630959897466653,0.040646490423154796,-0.5352470479757225
1.143,-0.0016227027144450697,0.040140060180036616,-0.4776134382606385
1.1440000000000001,-0.0015827858454033803,0.03969367790334195,-0.4151511151286869
1.145,-0.0015432852952523537,0.03930742239871125,-0.3573598941327102
1.1460000000000001,-0.001504140813206263,0.03898154169347079,-0.29440151634821576
1.147,-0.0014652917703197978,0.03871654407945922,-0.23559371167491347
1.1480000000000001,-0.001426676926582272,0.03851314339559215,-0.1712076560592296
1.149,-0.0013882341874274697,0.03837233491401277,-0.11040930709953126
1.1500000000000001,-0.0013499003561429882,0.03829532765495048,-0.04360521102505012
1.151,-0.0013116108894972076,0.038283605636610575,0.020161174345244098
1.1520000000000001,-0.0012732996627202774,0.03833884791724979,0.09032338693319042
1.153,-0.0012348987507180315,0.03846297608724197,0.15793295305114755
1.154,-0.0011963382311729826,0.03865806300285566,0.2322408781762325
1.155,-0.0011575460158732942,0.03892636759652116,0.30436830915477514
1.156,-0.0011184477153681283,0.039270233413810564,0.3833633254240327
1.157,-0.001078966542693353,0.03969211193574041,0.4603937184356676
1.158,-0.001039023260654042,0.0401944521428814,0.5442866958463212
1.159,-0.0009985361777464354,0.04077971367233157,0.6262363630540159
1.16,-0.0009574211965106278,0.04145024879928357,0.7148338908499864
1.161,-0.0009155919186249796,0.04220830697201302,0.8012824546089072
1.162,-0.0008729598096936719,0.04305591089060242,0.8939253825698996
1.163,-0.0008294344270838175,0.04399485432910659,0.9839614944384436
1.164,-0.000784923712700652,0.045026574437224624,1.0794787217976283
1.165,-0.0007393343528412599,0.04615214528155946,1.171662966872047
1.166,-0.0006925722056567843,0.04737214908739178,1.268344644792579
1.167,-0.000644542796825334,0.04868666857550857,1.360694331441
1.168,-0.000595151882267789,0.05009516053958144,1.456289596704755
1.169,-0.0005443060766272503,0.051596450741496096,1.5462908071245594
1.17,-0.000491913544313301,0.05318861388640244,1.638035482688135
1.171,-0.00043788474964313846,0.05486897545392258,1.7226876523521393
1.172,-0.0003821332605847539,0.056634002662846565,1.8073667654958259
1.173,-0.0003245766002398518,0.05847931802695773,1.8832639627265073
1.174,-0.00026513713814491584,0.0603996061629141,1.9573123091862352
1.175,-0.0002037430130930075,0.06238864394090261,2.0207632467907928
1.176,-0.00014032907718968627,0.06443922786573981,2.0804046028836014
1.177,-7.483785058530785e-05,0.06654322534301704,2.1275903516708485
1.178,-7.22047452669155e-06,0.06869152677421554,2.169012510726159
1.179,6.256234967147396e-05,0.07087412162211545,2.1961771850736693
1.18,0.00013453944962118328,0.0730800782773032,2.2157361253018175
1.181,0.00020872831240200407,0.07529764728433838,2.2194018887685316
1.182,0.00028513427129066266,0.07751427049297878,2.21384452851225
1.183,0.00036374976256933175,0.0797167120643594,2.1910386142489973
1.184,0.0004445536668575582,0.08189109651209345,2.1577302812190906
1.185,0.0005275107481491597,0.0840230660711097,2.106208836813383
1.186,0.0006125712037412691,0.08609784511310929,2.043349247185813
1.187,0.0006996703364495082,0.08810042030336893,1.9618011333334808
1.188,0.000788728359967564,0.09001562673274253,1.8686117254137609
1.189,0.0008796503459401148,0.09182834521235886,1.7568252338189032
1.19,0.0009723263203007687,0.09352360350894871,1.6336913593607996
1.191,0.0010666315137263132,0.0950867833421407,1.4926683070231506
1.192,0.001162426769668925,0.0965037285430826,1.3412220948606566
1.193,0.001259559110446922,0.09776095301291136,1.1732268447968819
1.194,0.0013578624602618534,0.09884574661695195,0.9963603632842843
1.195,0.001457158520911875,0.0997463746830911,0.8048957689940076
1.196,0.0015572577943106481,0.10045217211445553,0.6066990937348778
1.197,0.0016579607428881022,0.10095372504045273,0.39640675825951366
1.198,0.0017590590774249945,0.10124294403333156,0.18203122749812764
1.199,0.0018603371590868911,0.10131321929046135,-0.041480713238564566
1.2,0.0019615735012103496,0.10115946495645611,-0.2660279547719123
1.201,0.002062542354018284,0.10077824065941343,-0.49642063931347247
1.202,0.002163015354689573,0.1001677606831652,-0.7245393131829971
1.203,0.0022627632233734015,0.09932797668449121,-0.9550286841649689
1.204,0.0023615574855575918,0.09826054768388878,-1.1798293170398781
1.205,0.002459172199992806,0.0969688811865394,-1.4035036776588752
1.206,0.002555385671825008,0.09545806247786401,-1.6181337396919024
1.207,0.0026499821300430882,0.09373485395829671,-1.8282832994426799
1.208,0.0027427533494394783,0.09180758483448408,-2.0262549481825944
1.209,0.0028335001973804662,0.08968611104749238,-2.216692625800799
1.21,0.0029220340873722366,0.08738166893604918,-2.39219159708562
1.211,0.003008178322086631,0.08490680049274033,-2.557545289532089
1.212,0.0030917693107123693,0.08227517675873654,-2.7057021784754753
1.213,0.0031726576466499347,0.0795014951163943,-2.8416611062089685
1.214,0.0032507090341630128,0.07660127990976268,-2.9587693070542636
1.215,0.0033258050540944384,0.07359075995308823,-3.0622706062946436
1.216,0.0033978437616015845,0.07048665506120386,-3.145939177474101
1.217,0.0034667401105573786,0.06730604285038429,-3.2152852441650204
1.218,0.003532426202213986,0.06406614046283009,-3.2645195309433768
1.219,0.003594851357465651,0.06078417004050005,-3.299421313716694
1.22,0.00365398201495761,0.05747714494341797,-3.3146288804474735
1.221,0.003709801458936992,0.05416174301534582,-3.3161749756968137
1.222,0.0037623093834815045,0.050854106073679024,-3.2990989076367656
1.223,0.0038115213011796745,0.047569729322661805,-3.2696545943976596
1.224,0.003857467806796441,0.04432328191087152,-3.223240229182905
1.225,0.0039001937075875273,0.04112851967130009,-3.1662842499599564
1.226,0.003939757034021785,0.037998133197213554,-3.094488698213101
1.227,0.003976227945420106,0.034943689599428,-3.01439849735801
1.228,0.004009687546692122,0.03197551294460546,-2.92195481228707
1.229,0.004040226632674443,0.02910265902003814,-2.8237530368475694
1.23,0.004067944377789048,0.02633283120917215,-2.7159025848844114
1.231,0.004092946988612335,0.023672390437402626,-2.6049789586546384
1.232,0.004115346337689382,0.021126307716690083,-2.487186482770448
1.233,0.004135258596345469,0.018698209595481467,-2.369009759646784
1.234,0.004152802884525492,0.016390366764563572,-2.2466759021890077
1.235,0.004168099954668277,0.014203773521008089,-2.1265105849219608
1.236,0.004181270926456916,0.012138170056269791,-2.0046963445546346
1.237,0.004192436087849638,0.010192152729173608,-1.8873383096377319
1.238,0.004201713777220524,0.008363226012597196,-1.7705151235150927
1.239,0.004209219359631204,0.00664793880876166,-1.6600592841559787
1.24,0.0042150643093186784,0.005041960566184895,-1.5518972009975525
1.241,0.004219355408359801,0.0035402375160595977,-1.4515488992530423
1.242,0.004222194070238234,0.002137086240805124,-1.3547536512559055
1.243,0.004223675794667446,0.0008263626176172388,-1.266693595119865
1.244,0.004223889758566222,-0.00039843482006602456,-1.1829012802466616
1.245,0.0042229185455466825,-0.0015439912190119368,-1.108211517645163
1.246,0.004220838014685894,-0.0026170705025641986,-1.0379470494593606
1.247,0.004217717306748892,-0.003624345371439295,-0.9766026882908315
1.248,0.00421361898441435,-0.004572299297643968,-0.9193051641185146
1.249,0.0042085993004937336,-0.005467068543587788,-0.8702333277691262
1.25,0.004202708586605362,-0.006314359233155333,-0.824348051365964
1.2510000000000001,0.004195991752365401,-0.007119309246765935,-0.7855519758552391
1.252,0.0041884888838360545,-0.007886427811928649,-0.7486851544701879
1.2530000000000001,0.004180235927853496,-0.008619484153187324,-0.7174275280471608
1.254,0.004171265447863141,-0.009321475827522236,-0.6865558206226623
1.2550000000000001,0.00416160743516875,-0.009994549561260967,-0.6595916468548013
1.256,0.004151290158942621,-0.010640002890996357,-0.6313150126159816
1.2570000000000001,0.00414034103711987,-0.011258240754505388,-0.6051607144020792
1.258,0.004128787510265174,-0.011848812954889163,-0.5759836863654697
1.2590000000000001,0.004116657899848045,-0.01241040787936865,-0.5472061625935051
1.26,0.004103982232912406,-0.012940925991909321,-0.513830062487835
1.2610000000000001,0.004090793015087195,-0.013437509658512613,-0.4793372707187491
1.262,0.0040771259350406465,-0.013896650434584363,-0.438944281424752
1.2630000000000001,0.004063020484055842,-0.01431425153502504,-0.39625791945660266
1.264,0.004048520476145983,-0.014685764284693663,-0.34676757988064316
1.2650000000000001,0.004033674455272824,-0.015006277461623823,-0.29425877397967504
1.266,0.004018535978491202,-0.015270676101620292,-0.23453850601326592
1.2670000000000001,0.00400316376546922,-0.015473749942344467,-0.17160917543508342
1.268,0.003987621707502716,-0.015610365990661656,-0.10162292119929528
1.2690000000000001,0.003971978731122372,-0.015675586770027915,-0.028818637533219477
1.27,0.00395630851432507,-0.01566484682457663,0.05029852843579311
1.2710000000000001,0.003940689055633981,-0.015574070557601344,0.13125400551477723
1.272,0.00392520209921798,-0.015399842274400317,0.21720256088727688
1.2730000000000001,0.00390993242148747,-0.015139513186621439,0.30345561467047805
1.274,0.0038949669875189274,-0.014791354750463125,0.3928612576461482
1.2750000000000001,0.0038803939876757942,-0.014354644935803868,0.4805583716723664
1.276,0.0038663017674562534,-0.013829795503277549,0.5691404933802718
1.2770000000000001,0.003852777665268,-0.013218408873228785,0.6536327667172536
1.278,0.0038399067750568747,-0.01252337154902127,0.7364418816977777
1.2790000000000001,0.0038277706518900214,-0.01174887478468517,0.8125516469744188
1.28,0.003816445980252221,-0.010900468490916321,0.8842609405632779
1.281,0.003806003225379255,-0.009985041255015325,0.9465935312387156
1.282,0.0037965052889507977,-0.009010831601898828,1.0018257749942783
1.283,0.0037880061903551596,-0.007987365589377193,1.045106250048992
1.284,0.0037805497950360784,-0.006925425048784936,1.0787748311355203
1.285,0.003774168610630297,-0.0058369437627777765,1.0981877408787974
1.286,0.003768882671211737,-0.004734935074341283,1.105829635994189
1.287,0.00376469852850033,-0.003633350348473168,1.097339815742042
1.288,0.003761608367869162,-0.0025469709138626,1.0754190534790942
1.289,0.0037595892649512565,-0.0014912349219481412,1.036052930349824
1.29,0.003758602597093413,-0.0004821007937389351,0.9822153260685882
1.291,0.0037585936214175244,0.00046414944196182344,0.9102851453329289
1.292,0.003759491229301838,0.0013310663266658661,0.8235486240751566
1.293,0.0037612078843000207,0.0021022436696993257,0.7188060619917624
1.294,0.0037636397483301193,0.00276148439049799,0.5996753796055664
1.295,0.0037666669980253365,0.003293014999936375,0.46338583927120286
1.296,0.003770154330879452,0.003681650708293953,0.3138855774439532
1.297,0.0037739516578976116,0.003913003328025164,0.1488196620184693
1.298,0.0037778949772910653,0.003973635458882179,-0.027555400304439388
1.299,0.0037818074210041438,0.003851251967274805,-0.21721158291030923
1.3,0.0037855004639215047,0.0035348338674464157,-0.41562461674646894
1.301,0.0037887752831590525,0.0030148046076488586,-0.6244339028486455
1.302,0.003791424253254825,0.002283135583896147,-0.8389041446567777
1.303,0.003793232561043949,0.001333479994351447,-1.0604070344326224
1.304,0.00379397992285948,0.00016124363671065137,-1.2840656808489685
1.305,0.00379344238515677,-0.00123631904213118,-1.5110596768346942
1.306,0.003791394189020863,-0.0028600732296825268,-1.7364486982679987
1.307,0.003787609678003281,-0.004708948805481609,-1.9613024533301653
1.308,0.0037818652286275376,-0.006779949946005807,-2.1806998277182323
1.309,0.0037739411824319036,-0.009068142445262328,-2.3956851707948115
1.31,0.0037636237588389247,-0.01156670474069543,-2.601439420071391
1.311,0.00375070692819546,-0.014266956546234628,-2.799064191007007
1.312,0.003734994225246102,-0.017158449352481852,-2.983921421487442
1.313,0.003716300483840634,-0.02022903345845331,-3.1572467904554724
1.314,0.0036944534750414817,-0.023464984139851142,-3.3146545723401863
1.315,0.00366929543175709,-0.02685110242893269,-3.4575820058229025
1.316,0.0036406844447693376,-0.03037087154657332,-3.5819562294583505
1.317,0.003608495716328991,-0.03400658533412027,-3.689471345635568
1.318,0.003572622659530145,-0.037739528263571805,-3.7764145132675044
1.319,0.00353297783323926,-0.04155012431819799,-3.844777595984866
1.32,0.0034894937045954104,-0.045418132969500195,-3.8912397066195425
1.321,0.003442123232827838,-0.0493228105656449,-3.9181154856698583
1.322,0.003390840270485896,-0.05324311411823825,-3.92249161951682
1.323,0.00333563977997343,-0.0571578669066924,-3.9070139573914835
1.324,0.003276537865638682,-0.061045961762803753,-3.8691757548312196
1.325,0.0032135716234372924,-0.06488652263997673,-3.8119459995147427
1.326,0.003146798812458395,-0.06865909931781847,-3.7332073561687573
1.327,0.003076297354244606,-0.07234381710976004,-3.636228227714403
1.328,0.0030021646679299087,-0.07592155551963459,-3.5192485920347014
1.329,0.00292451685064548,-0.07937407904922263,-3.3857984671413637
1.33,0.0028434877144726425,-0.08268419329645262,-3.2344300273186084
1.331,0.002759227692353635,-0.08583585094156253,-3.0688852629012207
1.332,0.00267190262686282,-0.08881428004006628,-2.887972934106283
1.333,0.0025816924565117394,-0.09160606066209481,-2.6955883099507725
1.334,0.002488789815358172,-0.09419922164503992,-2.4907336559394255
1.335,0.0023933985620507637,-0.09658328496977646,-2.2773929935336232
1.336,0.002295732255103952,-0.09874932892384747,-2.0546949146083744
1.337,0.0021960125911222846,-0.10068999903948765,-1.8266453166719736
1.338,0.0020944678229071014,-0.102399537390879,-1.5924313861106965
1.339,0.001991331173862543,-0.1038737606982371,-1.3560152286055025
1.34,0.0018868392648918651,-0.10511005724311874,-1.1165778611577744
1.341,0.0017812305690410293,-0.10610733445855294,-0.877976569710653
1.342,0.0016747439085163438,-0.10686598659081833,-0.6393276948201401
1.343,0.001567617007399177,-0.10738781564351486,-0.4043304105729078
1.344,0.0014600851124070727,-0.10767597434069405,-0.1719869837854591
1.345,0.00135237969244932,-0.10773486557481099,0.05420451555158457
1.346,0.001244727226490592,-0.10757006634264489,0.27539394878062756
1.347,0.0011373480874294572,-0.10718821177962498,0.4883151772592075
1.348,0.0010304555283032414,-0.10659690647280684,0.6942954363770888
1.349,0.000924254775224073,-0.10580459968553024,0.890318138176101
1.35,0.0008189422300047036,-0.10482049075320879,1.0778997264667918
1.351,0.000714704783538183,-0.10365440217983211,1.254277420286554
1.352,0.0006117192396102951,-0.1023166856759437,1.4211555874902893
1.353,0.0005101518470510266,-0.10081809944259323,1.5760168792106317
1.354,0.00041015793691272413,-0.09916972083401163,1.720740337952582
1.355,0.00031188165981073623,-0.09738283336996419,1.853034590142313
1.356,0.00021545581760095073,-0.09546885104960676,1.9749300505725562
1.357,0.00012100178231796834,-0.09343921951635799,2.0843330159249724
1.358,2.8629494662201377e-05,-0.09130535579517593,2.1833944264391443
1.359,-6.15624665697034e-05,-0.0890785666686336,2.2701838266455
1.36,-0.00014948675298460612,-0.08677000616117178,2.3469371882781394
1.361,-0.00023506706240662226,-0.08439061268286055,2.4118497683443207
1.362,-0.0003182379112772983,-0.08195108505849158,2.4672054803936163
1.363,-0.0003989443730449215,-0.07946183847675488,2.5112876830798
1.364,-0.000477141791473103,-0.07693299837960807,2.546392511213831
1.365,-0.0005527954775813572,-0.0743743738369006,2.570856574201117
1.366,-0.000625880398142101,-0.0717954672845872,2.5869565304256668
1.367,-0.0006963808631507356,-0.06920546273268191,2.593052573384904
1.368,-0.0007642902186490757,-0.0666132482639982,2.591376363982515
1.369,-0.0008296105505606649,-0.06402741555918041,2.58028904565305
1.37,-0.0008923524039950486,-0.061456291309586866,2.561959453534041
1.371,-0.0009525345216303026,-0.05890794396092104,2.5347352437976025
1.372,-0.0010101836035072427,-0.056390219792958725,2.5007130921270275
1.373,-0.0010653340896863929,-0.053910752565341696,2.4582213631070213
1.374,-0.0011180279659586691,-0.05147699997921074,2.4092838091548865
1.375,-0.0011683145919710453,-0.049096252045541675,2.3522120581832615
1.3760000000000001,-0.0012162505499664915,-0.04677566394535067,2.2889641421987568
1.377,-0.0012618995116365941,-0.04452225939485463,2.2178449587933247
1.3780000000000001,-0.001305332119589912,-0.04234295651178109,2.140760807353765
1.379,-0.001346625879426975,-0.04024456316234492,2.056025891518581
1.3800000000000001,-0.001385865057634482,-0.038233793252669006,1.9655139278332445
1.381,-0.001423140580228307,-0.03631725193498095,1.8675687075428766
1.3820000000000001,-0.001458549926543649,-0.034501440695702885,1.7640537710132536
1.383,-0.0014921970125367865,-0.032792731290571954,1.653365039248608
1.3840000000000001,-0.0015241920576884696,-0.031197359012794145,1.5373795163070125
1.385,-0.0015546514298142792,-0.029721385238825032,1.414568031631213
1.3860000000000001,-0.0015836974620607237,-0.02837067925406362,1.2868439378916081
1.387,-0.0016114582368132505,-0.0271508702509899,1.152774068255833
1.3880000000000001,-0.0016380673314390871,-0.026067319000683282,1.0143284323574024
1.389,-0.00166366352143652,-0.025125060994182193,0.8701875806447774
1.3900000000000001,-0.0016883904369460996,-0.024328770024977263,0.7223943577650815
1.391,-0.0017123961693889,-0.023682694860623257,0.5697559709429256
1.3920000000000001,-0.0017358328255243664,-0.02319061741030964,0.4143989296843042
1.393,-0.0017588560271451503,-0.02285578583125808,0.25526422841881574
1.3940000000000001,-0.0017816243552502516,-0.022680870378944333,0.09456667620867965
1.395,-0.0018042987385304993,-0.022667896181551295,-0.06861828142259828
1.3960000000000001,-0.001827041786673724,-0.02281820010489789,-0.23198956527059048
1.397,-0.0018500170700114782,-0.023132366570610477,-0.39634336615458426
1.3980000000000001,-0.0018733883477072397,-0.023610188820912772,-0.5593011344500054
1.399,-0.0018973187476795915,-0.024250611123791004,-0.721543471306459
1.4000000000000001,-0.0019219699020960777,-0.025051697709181114,-0.8806296994737646
1.401,-0.0019475010432078853,-0.026010584514434117,-1.03714391103224
1.4020000000000001,-0.0019740680648659996,-0.027123458801794426,-1.188604663688381
1.403,-0.0020018225559015218,-0.028385523269250586,-1.3355242712239457
1.4040000000000001,-0.0020309108120207804,-0.029790988969266696,-1.4754071288082777
1.405,-0.0020614728335871494,-0.031333054163471055,-1.608723259600438
1.4060000000000001,-0.002093641317000775,-0.03300391266378008,-1.7329937410176102
1.407,-0.002127540647964197,-0.034794749263063786,-1.8486794575497987
1.408,-0.002163285905110957,-0.03669576503045637,-1.953352077235374
1.409,-0.0022009818828873763,-0.03869619052238137,-2.047498906614625
1.41,-0.002240722142599588,-0.04078432890204209,-2.12877785270681
1.411,-0.002282588100772679,-0.042947587444140414,-2.1977392314898485
1.412,-0.0023266481638113,-0.04517253863310178,-2.252163146432888
1.413,-0.002372956917998045,-0.04744496974038836,-2.2926990681402692
1.414,-0.002421554383522227,-0.04974996130797497,-2.3172840670329475
1.415,-0.0024724653410871373,-0.052071953821845804,-2.326700960708721
1.416,-0.0025256987391136555,-0.05439484223119104,-2.3190758579817454
1.417,-0.002581247189225194,-0.056702057991885574,-2.295355663407322
1.418,-0.0026390865569891064,-0.05897667753593881,-2.253883424699145
1.419,-0.002699175654379499,-0.06120151724484712,-2.195795993117459
1.42,-0.0027614560395518768,-0.06335925309990867,-2.1196757170056277
1.421,-0.0028258519288518985,-0.06543252550013541,-2.026869083447855
1.422,-0.0028922702249649696,-0.06740406672600671,-1.916213368294756
1.423,-0.002960600664315086,-0.06925681197422635,-1.7892771281445154
1.424,-0.0030307160856966014,-0.07097403078880532,-1.6451605010133927
1.425,-0.0031024728212298274,-0.07253944027764722,-1.4856584766704044
1.426,-0.0031757112095365087,-0.07393733633571552,-1.3101336394661847
1.427,-0.00325025623008618,-0.07515270476362727,-1.1206032163573298
1.428,-0.003325918256444025,-0.07617134795206204,-0.9166831605122194
1.429,-0.0034024939252000124,-0.07697998955991255,-0.7006000551887995
1.43,-0.0034797671161607064,-0.0775663923614745,-0.4722055479351104
1.431,-0.0035575100384766323,-0.07791945227037686,-0.23391426986960817
1.432,-0.003635484416249434,-0.07802930327522538,0.014212260172550369
1.433,-0.003713442766343385,-0.07788739691267657,0.2696004649250394
1.434,-0.0037911297601116553,-0.07748659062386372,0.5320121127006565
1.435,-0.0038682836600591104,-0.07682120927104585,0.7987505929350743
1.436,-0.00394463782160249,-0.07588711381571352,1.0694403177296092
1.437,-0.004019922249566232,-0.07468174211177113,1.3413030901551712
1.438,-0.004093865198375018,-0.07320415550580071,1.6138701217856506
1.439,-0.004166194804573297,-0.07145505689075587,1.8843271083040265
1.44,-0.004236640739829141,-0.0694368136209325,2.152159431342716
1.441,-0.004304935872456055,-0.06715345163289231,2.414564544737642
1.442,-0.004370817925227584,-0.0646106539101657,2.671030900715572
1.443,-0.004434031117347468,-0.06181573032960288,2.9188162604100607
1.444,-0.004494327778392796,-0.05877759176105214,3.157460876691408
1.445,-0.004551469922341739,-0.055506696136835704,3.384330371741463
1.446,-0.004605230769955742,-0.05201499909116869,3.599063719592563
1.447,-0.004655396208272112,-0.048315877541573,3.7991793795988174
1.448,-0.004701766176307283,-0.0444240585287672,3.984458646012795
1.449,-0.004744155966728655,-0.04035552231397818,4.152613783565233
1.45,-0.004782397433759923,-0.03612741174855607,4.30360734727898
1.451,-0.0048163400983890535,-0.03175791750970477,4.435381130423624
1.452,-0.004845852142591539,-0.027266170895265094,4.548112098455723
1.453,-0.004870821285205175,-0.0226721143320077,4.640001028059067
1.454,-0.00489115553284492,-0.017996380947484243,4.711465740987844
1.455,-0.004906783800261922,-0.013260153886519372,4.760988380941897
1.456,-0.004917656395384477,-0.008485036358590655,4.789246674915538
1.457,-0.004923745365359356,-0.0036929035911658936,4.795018859933986
1.458,-0.004925044700800914,0.0010942327080513928,4.779253738500587
1.459,-0.004921570396575731,0.005854375742314522,4.7410323300256705
1.46,-0.004913360368370071,0.01056568066900525,4.681577523355786
1.461,-0.0049004742254232635,0.01520660522460899,4.600271587851695
1.462,-0.004882992900736514,0.019756044148887566,4.498606260705458
1.463,-0.004861018141194664,0.02419347493481013,4.376255311139675
1.464,-0.004834671860948173,0.028499085558173952,4.2349659355879625
1.465,-0.004804095362499273,0.032653911339626016,4.074685627316163
1.466,-0.004769448430805618,0.03663995204768533,3.8973957888024695
1.467,-0.004730908306755503,0.04044029605254357,3.7032922209140073
1.468,-0.004688668547172522,0.04403922311341708,3.4945619008330175
1.469,-0.004642937779466541,0.047422312298543184,3.271616469419204
1.47,-0.00459393835975921,0.0505765271161201,3.0368131657346353
1.471,-0.004541904944162081,0.0534903040781382,2.790740758301564
1.472,-0.004487082983476199,0.05615361729362694,2.535885672675912
1.473,-0.004429727152294357,0.05855804507005648,2.2729698801831626
1.474,-0.004370099723929052,0.060696811660554136,2.00456330081216
1.475,-0.0043084689031359395,0.06256482992567063,1.7314732294208366
1.476,-0.004245107128868413,0.06415871860938026,1.4563041379984443
1.477,-0.00418028935965449,0.06547681981846576,1.1798982801725746
1.478,-0.004114291354253211,0.06651919098409123,0.9048440510783755
1.479,-0.004047387960391233,0.06728759673986316,0.6319674604654804
1.48,-0.003979851424228802,0.0677854755849992,0.3637902298065858
1.481,-0.003911949733121686,0.06801790662923266,0.10107185866032141
1.482,-0.0038439450038673445,0.06799155187945091,-0.15378135822380654
1.483,-0.003776091928310554,0.06771459923413028,-0.40012393241745403
1.484,-0.00370863628757953,0.06719668222791784,-0.6357100800074302
1.485,-0.0036418135456869794,0.06644880155718408,-0.8600512614600982
1.486,-0.0035758475324132602,0.06548322499025411,-1.0711018723998398
1.487,-0.003510949224647753,0.06431339054076035,-1.2685670265876663
1.488,-0.0034473156343593943,0.06295379003595734,-1.4506339830183397
1.489,-0.0033851288104529394,0.061419857776952434,-1.617230534991476
1.49,-0.0033245549606114562,0.05972784190601412,-1.766801206885151
1.491,-0.0032657436981801758,0.057894682956547636,-1.899516692047828
1.492,-0.0032088274178868822,0.05593787763003963,-2.0140939609681943
1.493,-0.003153920803068843,0.05387535200603941,-2.1109572870322464
1.494,-0.0031011204657669872,0.05172532259767186,-2.18910152970287
1.495,-0.0030505047199002743,0.04950616913575336,-2.249205394134136
1.496,-0.003002133486433202,0.04723629779839026,-2.2905372805920714
1.497,-0.002956048328338255,0.04493401839150383,-2.3140215331807923
1.498,-0.0029122726119234915,0.04261741443802313,-2.319186373780611
1.499,-0.0028708117900786696,0.04030422925162042,-2.307183999024814
1.5,-0.0028316538018852895,0.03801174713514,-2.277780233936024
1.5010000000000001,-0.002794769582165668,0.03575669230410371,-2.232329428136557
1.502,-0.002760113673609834,0.03355512480756464,-2.170805564941571
1.5030000000000001,-0.002727624933438414,0.031422355535275906,-2.0947329796358862
1.504,-0.0026972273258327097,0.029372859676132915,-2.004258738650094
1.5050000000000001,-0.0026688307909038316,0.027420210181623137,-1.9010402503694608
1.506,-0.0026423321804800452,0.02557701066594933,-1.7853587809781524
1.5070000000000001,-0.002617616250771664,0.023854848750813402,-1.6589650492937058
1.508,-0.002594556701725571,0.022264249341373044,-1.5222337695870072
1.5090000000000001,-0.002573017252905065,0.020814648299638788,-1.3769683138815036
1.51,-0.0025528527457259224,0.0195143660586458,-1.223596168104474
1.5110000000000001,-0.002533910262136917,0.018370601119365094,-1.063933710456932
1.512,-0.0025160302500542857,0.01738942304589755,-0.8984224364781573
1.5130000000000001,-0.0024990476463282564,0.016575784406161205,-0.7288548429945338
1.514,-0.0024827929884390443,0.01593353137226369,-0.5556512248004942
1.5150000000000001,-0.002467093506766558,0.01546543197270968,-0.3805475743075222
1.516,-0.0024517741898577835,0.01517320184483979,-0.20391268143225952
1.5170000000000001,-0.0024366588158996733,0.01505754607138077,-0.027398865485777572
1.518,-0.002421570944301354,0.015118197125258026,0.14870097324028717
1.5190000000000001,-0.0024063348621636816,0.015353967150087449,0.322839076418557
1.52,-0.0023907764811782173,0.015762794820840684,0.4948162650879136
1.5210000000000001,-0.002374724181413377,0.016341804708839797,0.6632035109103164
1.522,-0.002358009599228373,0.01708735966116727,0.8279063937446325
1.5230000000000001,-0.0023404683574639843,0.017995123867609288,0.987622019139404
1.524,-0.002321940736813324,0.019060117433711252,1.1423651130645245
1.5250000000000001,-0.0023022722881311194,0.020276779930698246,1.290959880909468
1.526,-0.002281314386121832,0.021639024087876695,1.4335284334474345
1.5270000000000001,-0.002258924725608378,0.023140296939031867,1.5690172688629078
1.528,-0.002234967762155099,0.024773629967525582,1.6976487881245212
1.5290000000000001,-0.0022093150994522133,0.026531695438246336,1.8184821533169908
1.53,-0.0021818458263008506,0.02840685086447929,1.931828699148919
1.5310000000000001,-0.0021524468065177915,0.030391188701638486,2.0368469751694778
1.532,-0.0021210129253496452,0.03247657363465478,2.133922890863121
1.5330000000000001,-0.002087447296296072,0.03465468447249236,2.2222987848120432
1.534,-0.002051661432339447,0.03691704344075723,2.3024191517176957
1.5350000000000001,-0.002013575385711458,0.03925504981522071,2.3735935972092572
1.536,-0.0019731178602504637,0.041660001106767694,2.4363089858847005
1.537,-0.0019302263003633936,0.04412311866737269,2.4899261353252755
1.538,-0.0018848469603634014,0.04663556133261183,2.5349591951530144
1.539,-0.0018369349577548196,0.049188443884551604,2.5708059087265274
1.54,-0.0017864543136469598,0.0517728443311681,2.5979949845064536
1.541,-0.0017333779831421692,0.05437981667841316,2.6159497099836693
1.542,-0.001677687878033569,0.05700039353878739,2.6252040107647834
1.543,-0.0016193748837068796,0.05962559511459118,2.6251991408427884
1.544,-0.0015584388715461836,0.062246429206800666,2.616469043576182
1.545,-0.001494888707636266,0.06485389861303445,2.5984697688913863
1.546,-0.0014287422579164607,0.06743900082657618,2.5717346581920855
1.547,-0.0013600263894113448,0.06999273618365581,2.535736055967182
1.548,-0.001288776966528185,0.07250610958266408,2.4910107420493617
1.549,-0.0012150388409054556,0.07497014166279475,2.437053418211993
1.55,-0.0011388658327102824,0.07737587472755184,2.374412711302185
1.551,-0.0010603207008473862,0.07971438899824057,2.302615830075299
1.552,-0.000979475099049622,0.08197681459728791,2.2222353680193887
1.553,-0.0008964095144982794,0.08415435450539732,2.132844448199438
1.554,-0.0008112131852631153,0.08623830396493105,2.0350544708680083
1.555,-0.0007239839926802422,0.08822008120081494,1.9285000008997562
1.556,-0.0006348283245945194,0.09009125497063088,1.8138475387321293
1.557,-0.0005438609053988793,0.09184358342064927,1.6908093613046786
1.558,-0.00045120458880018496,0.09346904977673944,1.560123350875649
1.559,-0.00035699010944042873,0.09495990894277304,1.421594981191555
1.56,-0.00026135578969710204,0.09630873054388037,1.2760482210231188
1.561,-0.0001644471983815423,0.09750845208723911,1.1233948656943642
1.562,-6.641675844208509e-05,0.09855242779167532,0.9645565431780284
1.563,3.257669864249181e-05,0.09943448637747848,0.7995606284282814
1.564,0.0001323684335320191,0.10014898340157614,0.6294334197670274
1.565,0.000232788355773237,0.10069086108085971,0.45432193880008787
1.566,0.00033366163694172654,0.10105570125611936,0.2753584117191823
1.567,0.00043480937963774824,0.10123978413592395,0.09280734788999423
1.568,0.0005360493409982364,0.10124013858505242,-0.0920984496330693
1.569,0.0006371967084649827,0.10105459634844018,-0.2789860235914048
1.57,0.0007380649247094988,0.10068183614059223,-0.4665343921044916
1.571,0.0008384665576820899,0.10012142980458989,-0.6542782799001965
1.572,0.0009382142109312614,0.099373876693753,-0.8408279417735884
1.573,0.001037121468456711,0.09844063835714607,-1.0256487314402554
1.574,0.0011350038676168565,0.09732415996314502,-1.2073080565618628
1.575,0.0012316798928390436,0.09602789048122928,-1.3852309072696205
1.576,0.001326971982275284,0.09455628839125123,-1.557973272686508
1.577,0.001420707538938351,0.09291482493488266,-1.7249536400506118
1.578,0.0015127199374353826,0.09110997205918027,-1.884752111354163
1.579,0.0016028495170183565,0.08914918710676713,-2.0368177934721055
1.58,0.0016909445514802026,0.08704088181692526,-2.1797927862116007
1.581,0.001776862186270538,0.08479438776374507,-2.313195320148777
1.582,0.001860469333266956,0.08241990622909101,-2.435767749159323
1.583,0.0019416435137436514,0.07992845472430041,-2.5471352604218946
1.584,0.002020273640403072,0.07733179859454083,-2.6461769990972694
1.585,0.002096260729703824,0.07464238000696354,-2.732660176057307
1.586,0.002169518536296746,0.07187323317888117,-2.8056334801074274
1.587,0.0022399741019946745,0.0690378982169752,-2.865036443704497
1.588,0.002307568212511204,0.06615032281608373,-2.9101143580784483
1.589,0.0023722557560323272,0.06322476422616301,-2.941002821762995
1.59,0.002434005978687432,0.060275681084046254,-2.957163462470519
1.591,0.002492802632984846,0.05731762751078266,-2.9589436840566603
1.592,0.0025486440164222014,0.05436513936392758,-2.9460326096534946
1.593,0.002601542898595441,0.051432624982551925,-2.9189961530978175
1.594,0.0026515263363586544,0.048534250543875265,-2.8777527242555068
1.595,0.0026986353777531656,0.045683832245147424,-2.8230838732001766
1.596,0.002742924656671752,0.04289472559202572,-2.755129433043218
1.597,0.002784461881377725,0.040179723819919584,-2.6748741111690486
1.598,0.0028233272211999685,0.03755095582456708,-2.5826618795359524
1.599,0.0028596125968024053,0.035019795380307285,-2.479659008983627
1.6,0.0028934208805196436,0.03259677205416913,-2.3663876432926836
1.601,0.002924865014192028,0.030291495290600497,-2.2441658838445835
1.602,0.0029540670528630164,0.028112582051375918,-2.113660594604572
1.603,0.0029811571434563383,0.026067599135267752,-1.976305237611764
1.604,0.0030062724482703834,0.024163010492822587,-1.8328720472785693
1.605,0.003029556023654684,0.022404140275778958,-1.6848683868086873
1.606,0.003051155664709676,0.020795141834204764,-1.533128496339699
1.607,0.003071222727123671,0.019338982993785336,-1.3791891844991546
1.608,0.003089910937473129,0.01803743770513144,-1.2239013928086406
1.609,0.003107375203317011,0.01689109398263273,-1.068786052188773
1.61,0.0031237704343576498,0.01589936809864426,-0.9146657157881654
1.611,0.0031392503856781206,0.015060534542296916,-0.7630013969065222
1.612,0.0031539665337453017,0.014371761592064217,-0.6145445035588767
1.613,0.0031680669953530302,0.013829161623392974,-0.4706554337836105
1.614,0.003181695499118035,0.013427845906617355,-0.33197599976762715
1.615,0.0031949904184019494,0.01316199266121207,-0.19973049104294172
1.616,0.0032080838737635954,0.01302491806208008,-0.07441870722103817
1.617,0.003221100912120769,0.013009158652266579,0.042899887594036665
1.618,0.003234158768868001,0.013106554842197554,0.1518924922679151
1.619,0.0032473662181340744,0.013308343689949296,0.25168520323556925
1.62,0.0032608230153182297,0.013605250678360792,0.34212877358742216
1.621,0.003274619434897993,0.01398758848116552,0.4225468320220289
1.622,0.0032888359054011086,0.014445352525065193,0.4929812557773173
1.623,0.003303542742262663,0.014968321198043326,0.5529560901789506
1.624,0.003318799978191105,0.015546150658841448,0.6027028314172924
1.625,0.003334657289528632,0.016168472016212986,0.6419398833257818
1.6260000000000001,0.0033511540160547837,0.016824981036089634,0.6710781564275161
1.627,0.0033683192706330492,0.017505528120441562,0.6900160122763431
1.6280000000000001,0.0033861721341781974,0.018200198969855023,0.6993256865505784
1.629,0.003404721930512935,0.01889939369962061,0.6990637729805919
1.6300000000000001,0.003423968574921917,0.019593895118343783,0.6899390644657619
1.631,0.003443902989484582,0.020274934006987072,0.6721387128208195
1.6320000000000001,0.0034645075777069525,0.020934242437753846,0.6464781487127312
1.633,0.0034857567504608805,0.02156410307010198,0.6132431159835438
1.6340000000000001,0.003507617494903513,0.022157385815162904,0.573322374138306
1.635,0.0035300499777730985,0.022707579924008653,0.5270658435531904
1.6360000000000001,0.003553008174360853,0.0232088132515,0.4754008114294996
1.637,0.0035764405144238223,0.0236558668744395,0.4187064344495032
1.6380000000000001,0.0036002905364466275,0.024044177171170626,0.3579141590127464
1.639,0.003624497541860272,0.02436983365611826,0.2933988108825189
1.6400000000000001,0.0036489972411950008,0.024629565013339894,0.22606390356074582
1.641,0.003673722384559574,0.024820721715806775,0.1562495013730152
1.6420000000000001,0.0036986033694076824,0.024941247980408494,0.08480302783041857
1.643,0.0037235688191505807,0.024989651505388233,0.012004022129056127
1.6440000000000001,0.0037485461269055878,0.02496496400462606,-0.06137902365340877
1.645,0.0037734619594092388,0.0248667010026759,-0.13514698024691188
1.6460000000000001,0.003798242716970383,0.024694814119613356,-0.20862678587817168
1.647,0.0038228149461688936,0.02444964427740734,-0.2817128985338624
1.6480000000000001,0.003847105702915915,0.0241318692166356,-0.35383722300962006
1.649,0.0038710428643592143,0.023742453669962933,-0.42499387033571207
1.6500000000000001,0.003894555389036402,0.023282595684412738,-0.49472210076467565
1.651,0.003917573525528849,0.022753677300482153,-0.5631146670964906
1.6520000000000001,0.0039400289707432826,0.022157213128384045,-0.6298136770997226
1.653,0.003961854979728188,0.02149480484142754,-0.6950028968132855
1.6540000000000001,0.003982986429711494,0.020768095125183243,-0.7584165356753166
1.655,0.004003359841709682,0.0199787288711927,-0.8203159723057727
1.6560000000000001,0.0040229133637005405,0.01912831511052389,-0.8805115490318516
1.657,0.004041586719861158,0.018218397210710353,-0.9393242505952213
1.6580000000000001,0.004059321130844778,0.017250424756528323,-0.9966206577688377
1.659,0.004076059210398287,0.016225734350488807,-1.0527601543101985
1.6600000000000001,0.004091744843903089,0.015145532659114794,-1.1076432284378286
1.661,0.0041063230545541575,0.014010888643022336,-1.161644803747087
1.6620000000000001,0.004119739862973715,0.012822728196093756,-1.214676090110075
1.663,0.004131942145990007,0.011581837836490989,-1.2671046290954608
1.6640000000000001,0.004142877500198277,0.010288870580047493,-1.3188298837915302
1.665,0.004152494115667506,0.008944360358411054,-1.3701905594813475
1.666,0.004160740664864526,0.0075487380356307875,-1.421054086079186
1.667,0.004167566211447813,0.006102355130946567,-1.4717117232892534
1.668,0.004172920143139415,0.0046055082522585685,-1.5219820340867432
1.669,0.004176752132329622,0.003058470128155145,-1.5720942141201035
1.67,0.004179012127508282,0.0014615202291654904,-1.6218055838592065
1.671,0.0041796503779664325,-0.00018501931286463505,-1.6712735002010444
1.672,0.004178617493574963,-0.0018807494700756545,-1.7201868142209942
1.673,0.0041758645407428355,-0.0036251561941800505,-1.768626633987798
1.674,0.004171343174987621,-0.005417575316248815,-1.8162116101497316
1.675,0.004165005809836604,-0.007257154985783545,-1.8629477289197278
1.676,0.0041568058211176265,-0.009142822452170463,-1.9083872038541065
1.677,0.004146697785016336,-0.011073249750408942,-1.952467392622849
1.678,0.004134637747668595,-0.01304682494507399,-1.994682996707245
1.679,0.004120583523444836,-0.015061623502443285,-2.034914118031342
1.68,0.004104495018562124,-0.017115386262980068,-2.0726114030422296
1.681,0.004086334576150464,-0.019205498560340456,-2.1076131916785488
1.682,0.0040660673384946755,-0.0213289767512367,-2.13934319011394
1.683,0.004043661621791783,-0.023482456654549577,-2.1676166165118125
1.684,0.004019089298494993,-0.02566218993903005,-2.1918499524491386
1.685,0.003992326182078219,-0.02786404289451702,-2.211855958524806
1.686,0.003963352408934801,-0.03008350339232044,-2.2270650370820304
1.687,0.003932152812038792,-0.03231569039969927,-2.237308977675621
1.688,0.00389871728102863,-0.03455537162062421,-2.242053464174275
1.689,0.0038630411034384004,-0.03679698355983463,-2.241170414246556
1.69,0.003825125281979956,-0.03903465935705427,-2.2341811801927203
1.691,0.00378497682298622,-0.04126225863041729,-2.22101736653332
1.692,0.003742608991437733,-0.04347340446655722,-2.2012743057465314
1.693,0.003698041528327047,-0.04566152175481487,-2.1749602707687683
1.694,0.0036513008265418767,-0.04781988181552564,-2.141759850652779
1.695,0.0036024200618839,-0.04994164750042702,-2.101771519149975
1.696,0.0035514392763567144,-0.052019923553945066,-2.054780587886126
1.697,0.0034984054113697143,-0.05404780642005491,-2.000985144333568
1.698,0.003443372289083719,-0.056018438151935454,-1.940278319427509
1.699,0.003386400540685688,-0.057925058644126226,-1.8729626649540323
1.7,0.003327557480991624,-0.05976106074400155,-1.7990415347966184
1.701,0.003266916929356367,-0.06152004252651158,-1.7189220302234267
1.702,0.0032045589774832134,-0.06319586121979451,-1.6327153563424164
1.703,0.0031405697052941392,-0.06478268315835359,-1.540928520775741
1.704,0.003075040846608924,-0.06627503421207731,-1.4437735866716948
1.705,0.003008069406909423,-0.06766784518692372,-1.3418483630211095
1.706,0.002939757235999284,-0.06895649663335486,-1.235454529841166
1.707,0.0028702105588322116,-0.07013685770078958,-1.125267605028252
1.708,0.002799539468239279,-0.0712053234850755,-1.0116639635435714
1.709,0.0027278573836623386,-0.07215884566880487,-0.8953804039151687
1.71,0.002655280480362467,-0.07299496093093716,-0.77685012034939
1.711,0.0025819270938465897,-0.07371181210081759,-0.6568522194114637
1.712,0.0025079171045082607,-0.07430816657584027,-0.5358567306338848
1.713,0.0024333713076396695,-0.0747834271613423,-0.4146644403701761
1.714,0.002358410774108021,-0.0751376399019543,-0.2937610408538183
1.715,0.0022831562070325406,-0.0753714942490071,-0.17394765325178052
1.716,0.002207727299815838,-0.07548632018439813,-0.05570421753025868
1.717,0.0021322421008095854,-0.07548407782810689,0.060188930112758936
1.718,0.0020568163897972513,-0.07536734419656055,0.1732783329799075
1.719,0.0019815630712928427,-0.07513929281225677,0.2828244356276268
1.72,0.0019065915894522097,-0.0748036708690092,0.38841945086752133
1.721,0.0018320073691114977,-0.074364769812415,0.4893826623208991
1.722,0.001757911287174061,-0.0738273940624587,0.5853688375916836
1.723,0.00168439917820343,-0.0731968238788033,0.6757715297191063
1.724,0.0016115613777139331,-0.07247877710019046,0.7603220275065885
1.725,0.0015394823062248103,-0.07167936587805504,0.838500416764258
1.726,0.0014682400967259864,-0.07080505311959266,0.9101251001605071
1.727,0.0013979062677378137,-0.0698626048567529,0.9747714255190141
1.728,0.0013285454437002926,-0.06885904321828891,1.0323518514089676
1.729,0.0012602151239442243,-0.06780159629384773,1.0825419974734038
1.73,0.001192965501043666,-0.06669764950726867,1.1253515756847294
1.731,0.0011268393288713149,-0.0655546948374335,1.1605577639856215
1.732,0.0010618718402409702,-0.06438028242325591,1.188267064369517
1.733,0.0009980907135696754,-0.06318197091933347,1.208355943475336
1.734,0.0009355160875899919,-0.06196728104003362,1.2210238151243584
1.735,0.000874160622735812,-0.060743648668326114,1.226240928290657
1.736,0.0008140296074748961,-0.05951838185350584,1.2242927013498939
1.737,0.0007551211075135292,-0.05829861806922801,1.215234867205765
1.738,0.0006974261555132091,-0.05709128593141217,1.1994294084259252
1.739,0.0006409289786814389,-0.05590306773212831,1.1770069901417952
1.74,0.0005856072613864914,-0.05474036685776666,1.1483947585814966
1.741,0.0005314324397445055,-0.0536092764262051,1.1137861045416126
1.742,0.0004783700249925227,-0.05251555307776062,1.0736605923473594
1.743,0.0004263799523379152,-0.05146459223145437,1.0282611002651267
1.744,0.0003754169519173672,-0.05046140860964154,0.9781061433605316
1.745,0.00032543093845179347,-0.04951061832150592,0.9234744329106945
1.746,0.00027636741619993993,-0.04861642618220114,0.8649098456988563
1.747,0.000228167895837545,-0.047782614542588656,0.8027134335261116
1.748,0.00018077031997197808,-0.04701253718854516,0.7374412745608735
1.749,0.00013410949408902386,-0.04630911457736327,0.6694039478029074
1.75,8.811751986878753e-05,-0.04567483386310939,0.5991574807048599
1.7510000000000001,4.272422794670808e-05,-0.045111749981049505,0.5270102834149096
1.752,-2.142392617840088e-06,-0.04462149114804682,0.4535073825904603
1.7530000000000001,-4.655577072323822e-05,-0.04420526506274944,0.37894478800428977
1.754,-9.059033779480577e-05,-0.04386386908038564,0.3038471767232929
1.7550000000000001,-0.0001343211226706045,-0.04359770067121187,0.22848964162425142
1.756,-0.00017782335869035655,-0.043406771368292164,0.1533689642151498
1.7570000000000001,-0.00022117210464960731,-0.043290720550209334,0.07873267195051246
1.758,-0.00026444188102858095,-0.04324883220773792,0.005044012992330263
1.7590000000000001,-0.00030770632267610565,-0.043280051087311436,-0.0674817721393637
1.76,-0.0003510378488774174,-0.043383001315312045,-0.1384186838618637
1.7610000000000001,-0.00039450735151155364,-0.043556003952960436,-0.2075865914349306
1.762,-0.00043818390176371207,-0.04379709655135641,-0.2745986053570229
1.7630000000000001,-0.0004821344756503592,-0.044104051221937876,-0.33931073580589377
1.764,-0.0005264236983946835,-0.044474394266710564,-0.4013753537394801
1.7650000000000001,-0.0005711136075061599,-0.04490542395624209,-0.4606840253235746
1.766,-0.0006162634342255425,-0.045394229482523,-0.5169270272382344
1.7670000000000001,-0.0006619294028434649,-0.04593770775332176,-0.5700295143592763
1.768,-0.0007081645472423395,-0.046532581044427486,-0.61971706785217
1.7690000000000001,-0.0007550185438943437,-0.04717541225958102,-0.665945362454897
1.77,-0.0008025375604285832,-0.04786262080889773,-0.7084717361785073
1.7710000000000001,-0.0008507641188039466,-0.04859049594182901,-0.7472785296840452
1.772,-0.0008997369720466426,-0.04935521054356321,-0.7821506737843626
1.7730000000000001,-0.0009494909934777715,-0.05015283231869476,-0.8130928764787375
1.774,-0.0010000570773227107,-0.05097933537118339,-0.8399132284985275
1.7750000000000001,-0.001051462049604417,-0.05183060919222885,-0.8626344135923907
1.776,-0.0011037285882332932,-0.05270246806552349,-0.8810833329968832
1.7770000000000001,-0.001156875151259778,-0.05359065798744602,-0.8952965108481741
1.778,-0.0012109159123088074,-0.05449086411061256,-0.9051157354849041
1.7790000000000001,-0.0012658607023094128,-0.055398715890598194,-0.9105878244863572
1.78,-0.0013217149567245825,-0.056309792939741095,-0.9115662737994401
1.7810000000000001,-0.001378479667616636,-0.05721962884436594,-0.9081055354502445
1.782,-0.001436151340008497,-0.058123715939356044,-0.9000686545299581
1.7830000000000001,-0.0014947219521608353,-0.05901750836532067,-0.8875161973992981
1.784,-0.0015541789195359145,-0.059896426384837574,-0.8703198416345047
1.7850000000000001,-0.0016145050623995083,-0.06075585934235037,-0.8485460733910918
1.786,-0.0016756785771794493,-0.061591170217532,-0.82207567697217
1.7870000000000001,-0.0017376730118906455,-0.06239769920486053,-0.7909822976849024
1.788,-0.001800457246109019,-0.06317076923188628,-0.7551577563665759
1.7890000000000001,-0.0018639954761672838,-0.06390569088464336,-0.7146855491475903
1.79,-0.0019282472064114206,-0.0645977696036303,-0.6694718888262934
1.7910000000000001,-0.0019931672475339765,-0.06524231264148089,-0.6196141868748821
1.792,-0.0020587057231470545,-0.06583463858467442,-0.5650376995121735
1.793,-0.002124808085909332,-0.06637008693987982,-0.5058590108986339
1.794,-0.0021914151446364924,-0.0668440305144413,-0.44202813822429093
1.795,-0.0022584631039381264,-0.06725188808882704,-0.3736870105471906
1.796,-0.0023258836179960527,-0.06758914002702562,-0.3008168658499952
1.797,-0.0023936038601640964,-0.06785134430906264,-0.22359169822404457
1.798,-0.0024615466100883507,-0.06803415553944672,-0.14203076254410024
1.799,-0.0025296303600548034,-0.06813334439345947,-0.056346945481393414
1.8,-0.002597769442229927,-0.06814481995678727,0.0333958188257959
1.801,-0.002665874178404634,-0.06806465239262606,0.12693930949660973
1.802,-0.0027338510537461965,-0.06788909829049901,0.2241688947574984
1.803,-0.0028016029159419046,-0.06761462610091758,0.32477548440536513
1.804,-0.0028690292009472583,-0.0672379439097891,0.4285888978515652
1.805,-0.0029360261863662722,-0.06675602692823812,0.5352450652503864
1.806,-0.0030024872732583893,-0.06616614685599577,0.6445150792343218
1.807,-0.0030683032969220036,-0.06546590047123316,0.755977690290902
1.808,-0.0031333628669164516,-0.06465323951766339,0.8693442168486545
1.809,-0.0031975527362894515,-0.06372649922833624,0.984136361805645
1.81,-0.0032607581996444784,-0.06268442748171763,1.100007131431591
1.811,-0.003322863519349728,-0.06152621192878138,1.2164239744409033
1.812,-0.003383752378827448,-0.060251507026658276,1.3329858298053199
1.813,-0.0034433083615070374,-0.05886045833252023,1.449111558470777
1.814,-0.003501415453648739,-0.05735372595088298,1.5643532048037285
1.815,-0.003557958568884445,-0.055732504520528164,1.6780896559058924
1.816,-0.003612824091950321,-0.05399854161122424,1.7898361627019526
1.817,-0.003665900438739876,-0.0521541519678855,1.8989431239755448
1.818,-0.0037170786294584484,-0.05020222946925942,2.0049018732766193
1.819,-0.0037662528713476554,-0.0481462543091548,2.107048446932621
1.82,-0.0038133211471442522,-0.0459902972840393,2.2048656032983827
1.821,-0.0038581858051780476,-0.043739018783550784,2.297691397678648
1.822,-0.003900754146771162,-0.04139766440267815,2.3850173640666323
1.823,-0.003940939006411091,-0.03897205487718089,2.466201686927891
1.824,-0.003978659320005599,-0.03646857231183345,2.540763443766986
1.825,-0.004013840676422369,-0.033894140521705106,2.6081001364897043
1.826,-0.004046415847443073,-0.031256201519703423,2.667777867513654
1.827,-0.004076325291252478,-0.02856268609910966,2.7192529736738766
1.828,-0.0041035176246104685,-0.025821980616871222,2.762157990802996
1.829,-0.0041279500589492014,-0.023042888060595706,2.7960271217480384
1.83,-0.004149588795770375,-0.020234585581751487,2.8205778359404015
1.831,-0.004168409376917838,-0.017406576713173326,2.8354399012159153
1.832,-0.004184396985539159,-0.014568640529469126,2.840432466192486
1.833,-0.004197546693853659,-0.011730776099531003,2.835296393683761
1.834,-0.004207863654183312,-0.008903144559773982,2.81996668583028
1.835,-0.004215363230102893,-0.006096007279388601,2.7943078749404826
1.836,-0.004220071064995347,-0.003319662505520923,2.7583816727948745
1.837,-0.004222023085781784,-0.0005843790673517571,2.7121852035434575
1.838,-0.004221265440100856,0.0020996704292074063,2.6559137895748695
1.839,-0.004217854365762268,0.0047224782479682635,2.5897018479468445
1.84,-0.004211855991861035,0.007274269554495665,2.5138807651079595
1.841,-0.004203346071534546,0.009745571098481608,2.4287223228639236
1.842,-0.004192409646940256,0.012127278090098354,2.334691660369566
1.843,-0.004179140647648517,0.014410720493378095,2.2321931461899167
1.844,-0.004163641424249405,0.01658772630484505,2.1218184767439854
1.845,-0.004146022219584102,0.01865068302575953,2.004094965084977
1.846,-0.004126400580597549,0.020592594947347012,1.8797288780899857
1.847,-0.004104900714388848,0.022407137470053934,1.7493561673238593
1.848,-0.004081652792576866,0.024088706153910254,1.6137812003887853
1.849,-0.004056792208619802,0.025632461760217967,1.4737300122266408
1.85,-0.004030458793197577,0.02703436908423238,1.3300846358021858
1.851,-0.004002795993204125,0.028291230902670696,1.183639001074443
1.852,-0.003973950020272728,0.029400714960121768,1.035329113827699
1.853,-0.003944068975091359,0.03036137540261782,0.8859917711644032
1.854,-0.003913301954027683,0.031172666724733903,0.7365908730677605
1.855,-0.003881798144795913,0.03183495173880686,0.5879791550781656
1.856,-0.003849705918032788,0.0323495017874438,0.44112094219570863
1.857,-0.0038171719217298112,0.03271849081850968,0.296857119936051
1.858,-0.0037843401854680296,0.03294498170505321,0.15612465315101168
1.859,-0.0037513512413436933,0.03303290654361917,0.01972502398091662
1.86,-0.0037183412683346,0.03298703947456691,-0.11145916208543274
1.861,-0.0036854412666627178,0.03281296386919871,-0.2366920486509634
1.862,-0.0036527762684374727,0.032517032581292175,-0.3551705271620937
1.863,-0.0036204645905420114,0.03210632320963051,-0.46624821616122963
1.864,-0.0035886171353324546,0.03158858720948257,-0.569223784134648
1.865,-0.0035573367442849743,0.030972194885477193,-0.6635608638761034
1.866,-0.003526717609229921,0.030266075224629565,-0.7486784578191539
1.867,-0.003496844745284447,0.02947965266631816,-0.8241666588036555
1.868,-0.003467793529019058,0.028622779864458863,-0.8895789449149317
1.869,-0.0034396293047982006,0.027705668577256246,-0.9446436294903028
1.87,-0.0034124070616054765,0.026738817808192032,-0.9890579086381246
1.871,-0.003386171182029647,0.025732941343467493,-1.0226950208109553
1.872,-0.003360955264433901,0.0246988938480242,-1.0453999700756325
1.873,-0.0033367820186872314,0.023647597645315207,-1.0571924353423505
1.874,-0.0033136632351892154,0.022589969350716856,-1.0580641538543514
1.875,-0.0032915998262966844,0.021536848434345512,-1.048177678888338
1.8760000000000001,-0.0032705819386486556,0.0204989268617126,-1.0276654663774798
1.877,-0.0032505891343121663,0.01948668181126598,-0.9968246345157588
1.8780000000000001,-0.0032315906381218343,0.018510310569398808,-0.9559178492185817
1.879,-0.003213545648086404,0.017579669501461507,-0.9053642866560142
1.8800000000000001,-0.0031964037052708183,0.016704216129709265,-0.8455424568484683
1.881,-0.0031801051191572872,0.01589295609735208,-0.7769776078659041
1.8820000000000001,-0.0031645814441269536,0.015154393963315029,-0.7001466602082006
1.883,-0.0031497560024079077,0.014496489474776221,-0.6156623168694147
1.8840000000000001,-0.00313554444858773,0.013926618165578164,-0.5240803015266977
1.885,-0.0031218553706105294,0.013451537788822566,-0.4260804519844961
1.8860000000000001,-0.0031085909220502296,0.013077359331777899,-0.322276462104837
1.887,-0.0030956474803927997,0.012809523983081912,-0.21339423528713472
1.8880000000000001,-0.0030829163260496692,0.012652784703178488,-0.10008432451971332
1.889,-0.0030702843368798213,0.012611193636517196,0.01690219119712874
1.8900000000000001,-0.003057634693097311,0.012688093928503964,0.13689839277640636
1.891,-0.003044847587599652,0.012886117066813663,0.25914788384299203
1.8920000000000001,-0.0030318009369478412,0.013207184236807766,0.38298645614521304
1.893,-0.003018371088474827,0.013652512709221352,0.5076704886819584
1.8940000000000001,-0.0030044335192724284,0.014222625695576363,0.6325554840280647
1.895,-0.0029898635231200375,0.014917366609206058,0.7569263432313273
1.8960000000000001,-0.0029745368817479267,0.015735916135015814,0.8801727083881853
1.897,-0.00295833051718589,0.0166768129890585,1.0016209996971908
1.8980000000000001,-0.002941123122310263,0.017737976762195524,1.1207065465768609
1.899,-0.0029227957670810126,0.018916733696305026,1.2368073216421414
1.9000000000000001,-0.0029032324783318333,0.020209843802053495,1.3494128898547944
1.901,-0.0028823207913520584,0.021613530157496202,1.4579598210306173
1.9020000000000001,-0.002859952271856622,0.02312350883337663,1.5619975307302363
1.903,-0.0028360230072915805,0.024735020296705913,1.6610253959283339
1.9040000000000001,-0.0028104340667459335,0.026442860794588283,1.7546555998364057
1.905,-0.0027830919290485496,0.02824141460017956,1.8424520113461529
1.9060000000000001,-0.0027539088789012116,0.030124685694496053,1.9240901772868255
1.907,-0.002722803371148961,0.03208632981000468,1.9991980537304221
1.9080000000000001,-0.0026897003634979177,0.03411968549208245,2.0675133104251224
1.909,-0.0026545316181732915,0.03621780515717005,2.1287260197500797
1.9100000000000001,-0.002617235973148828,0.03837348489175733,2.1826334494244817
1.911,-0.0025777595836894043,0.04057929402708967,2.228984821240201
1.9120000000000001,-0.0025360561350148453,0.042827603322028486,2.267633768637421
1.913,-0.0024920870269323323,0.04511061284299773,2.2983852733010615
1.9140000000000001,-0.00244582153128253,0.04742037845660644,2.3211459539163593
1.915,-0.002397236923018793,0.04974883807086738,2.3357732746055224
1.9160000000000001,-0.0023463185856765012,0.05208783661371591,2.3422238110915523
1.917,-0.0022930600919095333,0.0544291509202196,2.340404801915822
1.9180000000000001,-0.0022374632596612125,0.056764513576421934,2.3303205104888542
1.919,-0.002179538184417285,0.059085636911433474,2.311926159534229
1.92,-0.0021193032478475913,0.061384236227953685,2.285272473506196
1.921,-0.0020567851030008923,0.06365205346544442,2.250362001475261
1.922,-0.001992018636063365,0.06588088040961095,2.2072918868577918
1.923,-0.001925046904545481,0.0680625826261568,2.1561125462339263
1.924,-0.0018559210516141394,0.07018912323652658,2.096968674505634
1.925,-0.0017847001961565623,0.07225258767862772,2.029960209696652
1.926,-0.0017114512980393676,0.07424520855576225,1.9552815445724046
1.927,-0.0016362489979292068,0.07615939166455953,1.8730846730221402
1.928,-0.0015591754309598805,0.07798774227409287,1.7836165460445454
1.929,-0.0014803200134827442,0.07972309268017973,1.687084266129146
1.93,-0.0013997792021112592,0.08135853006279009,1.5837904990915768
1.931,-0.0013176562242833824,0.0828874255929636,1.4740005612554403
1.932,-0.001234060779604967,0.08430346376386663,1.3580757805506372
1.933,-0.001149108711318762,0.08560067280854333,1.2363423088027543
1.934,-0.0010629216473536675,0.08677345512164523,1.1092223174010516
1.935,-0.0009756266105614608,0.08781661846276807,0.9771043648446266
1.936,-0.0008873555979288035,0.08872540680254648,0.8404723147121766
1.937,-0.0007982451287732467,0.0894955315085671,0.6997770973290427
1.938,-0.0007084357621776062,0.09012320168271393,0.5555632509646107
1.939,-0.0006180715841982525,0.0906051542759935,0.4083419355945138
1.94,-0.0005272996656829368,0.09093868275463803,0.25871502169452854
1.941,-0.000436269491862162,0.09112166488691159,0.10724924285259285
1.942,-0.00034513236521736617,0.0911525884026801,-0.04540221131557583
1.943,-0.0002540407834875337,0.0910305750569849,-0.19862448007483405
1.944,-0.0001631477950352611,0.0907554018475603,-0.3517219387744044
1.945,-7.260633416115688e-05,0.09032751990064816,-0.5040419550498864
1.946,1.7431460686624868e-05,0.08974806979491534,-0.6548582564157593
1.947,0.00010681494250602734,0.08901889384388961,-0.8034936456357058
1.948,0.00019539566150271354,0.08814254414948278,-0.9492057431779779
1.949,0.0002830280770656094,0.08712228697630901,-1.0913086031695676
1.95,0.00036957027171603395,0.08596210232454018,-1.2290607003681135
1.951,0.0004548846625294385,0.08466667930226889,-1.3617853441745078
1.952,0.0005388387053109662,0.0832414062607865,-1.4887607387902713
1.953,0.0006213055866235433,0.08169235636436767,-1.6093390540473607
1.954,0.0007021648986361479,0.08002626766084173,-1.7228383530045286
1.955,0.0007813032916718819,0.07825051841062614,-1.8286601474266555
1.956,0.0008586150993052655,0.0763730968561409,-1.926182961543804
1.957,0.000934002930876303,0.07440256628593417,-2.0148781788696306
1.958,0.0010073782263685274,0.07234802469851459,-2.094204995969525
1.959,0.001078661768728653,0.07021906002173665,-2.1637243575863554
1.96,0.0011477841488982121,0.06802570031738166,-2.22299505112364
1.961,0.0012146861790704692,0.06577836002713268,-2.271685529374305
1.962,0.001279319249988857,0.06348778180964278,-2.309470905605488
1.963,0.0013416456284526513,0.061164975117945594,-2.3361424777888717
1.964,0.0014016386915998685,0.058821151176488805,-2.3515054051247017
1.965,0.0014592830949816445,0.05646765558706343,-2.3554857737260453
1.966,0.0015145748719333663,0.05411589831637977,-2.348028767641276
1.967,0.0015675214622698354,0.05177728235655799,-2.3292031520022873
1.968,0.0016181416688901872,0.049463130884145085,-2.2990997928235277
1.969,0.0016664655414565333,0.04718461424854665,-2.2579334783733422
1.97,0.0017125341869129364,0.04495267666425951,-2.205941690200924
1.971,0.0017563995072211866,0.042777963952240386,-2.143483733837329
1.972,0.0017981238653108184,0.04067075222702326,-2.0709397165969268
1.973,0.0018377796808556842,0.03864087886270826,-1.9888070120330616
1.974,0.0018754489581016861,0.03669767562929579,-1.897599454791888
1.975,0.0019112227485630089,0.034849905293349866,-1.7979412170999636
1.976,0.0019452005519810093,0.0331057015426511,-1.6904662842975686
1.977,0.0019774896594842648,0.031472513463859764,-1.5759098732851002
1.978,0.002008204443404336,0.029957054376282388,-1.4550083018696547
1.979,0.0020374655986738622,0.02856525616277111,-1.3285881251528986
1.98,0.002065399341166468,0.02730222882244046,-1.1974665555083948
1.981,0.0020921365687171564,0.026172226278936617,-1.0625385314992908
1.982,0.002117811990893172,0.025178618073094353,-0.9246778801852338
1.983,0.0021425632338554724,0.024323867851506302,-0.7848225629908648
1.984,0.0021665299268670093,0.023609518171567076,-0.6438767968875869
1.985,0.0021898527771542532,0.02303618240292102,-0.5027947404045233
1.986,0.00221267263992097,0.02260354313051264,-0.36248380441224454
1.987,0.002235129590338042,0.022310357703631167,-0.2238870493507049
1.988,0.002257362004299705,0.02215447021969404,-0.08788791852354848
1.989,0.00227950565463627,0.022132830453435975,0.04460838600742047
1.99,0.0023016928293170358,0.022241518908095625,0.1727685233118773
1.991,0.0023240514779575483,0.022475778372929266,0.29575040635540306
1.992,0.0023467043926745637,0.022830051061101326,0.412794969988713
1.993,0.0023697684290042887,0.02329802159834821,0.5231461045050527
1.994,0.002393353772227544,0.0238726648481622,0.6261403951229276
1.995,0.0024175632540248968,0.024546298746543873,0.7211274016404261
1.996,0.002442491723929164,0.025310641061991525,0.8075572292548823
1.997,0.0024682254795483204,0.026156870176321748,0.8849009994055662
1.998,0.002494841759012955,0.02707568875294805,0.9527361538470419
1.999,0.0025224082985559585,0.028057390333059068,1.0106670063749883
2.0,0.002550982957572539,0.029091927700102205,1.0584077277112842
2.001,0.0025806134129332547,0.030168983021329292,1.0957029147428874
2.0020000000000002,0.002611336923745924,0.031278038604009434,1.122408250617397
2.003,0.0026431801671814993,0.032408448267141884,1.138411075647513
2.004,0.0026761591454082566,0.03354950818637255,1.14370876281382
2.005,0.0027102791631152573,0.034690527227628026,1.138329319697139
2.0060000000000002,0.0027455348745635128,0.03582089566888325,1.1224075628133114
2.007,0.002781910398578337,0.03693015236076511,1.0961058209504007
2.008,0.0028193794994018865,0.03800804928633434,1.0596880301880558
2.009,0.0028579058308569405,0.03904461362377371,1.0134406446906972
2.0100000000000002,0.002897443240843287,0.04003020634892023,0.9577448056023431
2.011,0.0029379361327922,0.040955577548906136,0.8929975943694691
2.012,0.0029793198803529444,0.04181191757258311,0.8196824529844796
2.013,0.0030215212912725483,0.042590904266625,0.7382909350992889
2.0140000000000002,0.00306445911616578,0.04328474551983817,0.6493915713270473
2.015,0.003108044597649837,0.04388621744827505,0.5535522855467084
2.016,0.003152182055146032,0.044388697544114744,0.4514079061326827
2.017,0.0031967695005212936,0.04478619320640823,0.34358341845429347
2.0180000000000002,0.003241699279662763,0.045073365076530834,0.230760321790903
2.019,0.0032868587350408083,0.045245545679561135,0.11360088426969732
2.02,0.00333213088432552,0.045298752889862556,-0.007186463666840565
2.021,0.0033773951101699795,0.04522969879905732,-0.13092171794362398
2.0220000000000002,0.0034225278563655534,0.04503579359209087,-0.25688869598928044
2.023,0.0034674033257002463,0.044715145077293864,-0.38440833360473137
2.024,0.0035118941750152217,0.04426655355265701,-0.5127747156689793
2.025,0.003555872203146636,0.04368950271017171,-0.6413269693016259
2.0260000000000002,0.003599209027663664,0.04298414632388379,-0.7693858032742278
2.027,0.0036417767465585196,0.04215129146582791,-0.8963239128375299
2.028,0.0036834485813137313,0.04119237804459561,-1.0215029296270755
2.029,0.0037240994980552353,0.040109455438412746,-1.1443422827386485
2.0300000000000002,0.0037636068038002573,0.038905156051630974,-1.2642564908249057
2.031,0.0038018507151157802,0.03758266657941434,-1.3807224536083769
2.032,0.003838714896819956,0.03614569682893692,-1.4932170473464597
2.033,0.003874086968674726,0.03459844688060307,-1.6012828493212279
2.0340000000000003,0.003907858978336575,0.032945572443094776,-1.704466025695344
2.035,0.003939927839143909,0.03119214917157222,-1.8023805173497585
2.036,0.0039701957316276865,0.029343635795982523,-1.8946462338296357
2.037,0.0039985704679273044,0.02740583680325301,-1.9809517516293942
2.0380000000000003,0.004024965818580508,0.025384864503155895,-2.060992848564837
2.039,0.004049301801425631,0.023287101187090497,-2.1345337835659617
2.04,0.004071504932611235,0.021119161184118013,-2.2013462223790037
2.041,0.004091508439944442,0.018887853482294138,-2.261269181268747
2.0420000000000003,0.004109252439029914,0.01660014468864976,-2.3141484060200113
2.043,0.004124684072849397,0.014263122950317298,-2.35989507064491
2.044,0.004137757615612527,0.01188396257594435,-2.3984256781009887
2.045,0.004148434541866774,0.009469889932549913,-2.4297196086878863
2.0460000000000003,0.004156683561994047,0.007028150321995495,-2.45375961242095
2.047,0.0041624806253376615,0.004565976365232761,-2.4705883011045175
2.048,0.004165808892302608,0.00209055756465995,-2.480249300041104
2.049,0.004166658676849109,-0.0003909884716572674,-2.482842772593331
2.05,0.004165027360861047,-0.002871643504466805,-2.478467293025744
2.051,0.004160919281912143,-0.005344514393340211,-2.467274484721067
2.052,0.0041543455959809844,-0.007802857468976289,-2.4494116665510886
2.053,0.0041453241166764234,-0.010240101140147095,-2.4250756757905227
2.054,0.004133879132534858,-0.012649867142984534,-2.3944563298843557
2.055,0.004120041203936187,-0.015025990054359907,-2.35778949286639
2.056,0.004103846941163039,-0.01736253549193707,-2.3153013822879336
2.057,0.004085338765094141,-0.019653816645859874,-2.2672609255576743
2.058,0.004064564651984514,-0.02189440957339396,-2.2139249295104997
2.059,0.00404157786373868,-0.02407916691827536,-2.155589760252295
2.06,0.004016436665035126,-0.026203230488832885,-2.092537380862747
2.061,0.003989204028606929,-0.028262042367560476,-2.025086376592433
2.062,0.003959947329931515,-0.03025135498326758,-1.9535388548217767
2.063,0.003928738032527769,-0.03216723982422491,-1.8782308270928831
2.064,0.003895651365007824,-0.03400609521566581,-1.7994799557889194
2.065,0.0038607659909794443,-0.03576465284109347,-1.7176352950663913
2.066,0.0038241636728492154,-0.037439983419364185,-1.633025861475046
2.067,0.003785928930532336,-0.03902950121439371,-1.5460097285840104
2.068,0.003746148696037582,-0.04053096777511457,-1.4569233928577017
2.069,0.0037049119648612286,-0.041942494577592505,-1.3661302120981698
2.07,0.0036623094450970745,-0.04326254495071496,-1.27397053414674
2.071,0.0036184332051461586,-0.04448993495111698,-1.1808094666572955
2.072,0.0035733763208946278,-0.04562383355194468,-1.0869877349981012
2.073,0.003527232523216455,-0.04666376180440065,-0.9928687699138293
2.074,0.0034800958466540545,-0.04760959132040054,-0.898790262085951
2.075,0.003432060280129152,-0.04846154172940448,-0.8051105559219282
2.076,0.003383219420543144,-0.0492201774426114,-0.7121608704919141
2.077,0.0033336661301350684,-0.04988640337353942,-0.620290991364112
2.078,0.003283492198480632,-0.05046145993533385,-0.5298221322247638
2.079,0.0032327880100319196,-0.050946916962091804,-0.4410919212911478
2.08,0.0031816422181184995,-0.05134466686474899,-0.3544078840232243
2.081,0.0031301414263509714,-0.0516569166703076,-0.270091727093988
2.082,0.003078369878391541,-0.0518861792485526,-0.1884334293960248
2.083,0.0030264091570772434,-0.052035263380041684,-0.10973483358214632
2.084,0.002974337893903674,-0.05210726296709738,-0.03426434052925374
2.085,0.0029222314898949006,-0.05210554505044874,0.037700173826539625
2.086,0.0028701618489022805,-0.05203373693479233,0.10591605748627694
2.087,0.0028181971243855576,-0.0518957120986545,0.17013361478939198
2.088,0.0027664014807375417,-0.051695575197377545,0.23014018776451797
2.089,0.0027148348702133664,-0.0514376458509726,0.2857185050453672
2.09,0.0026635528265203916,-0.05112644153497627,0.336690126947293
2.091,0.002612606276110034,-0.05076665928573799,0.38287437152928655
2.092,0.002562041368191876,-0.05036315655057825,0.4241310987901913
2.093,0.0025118993244581645,-0.04992093091684443,0.46032016867744624
2.094,0.002462216309467199,-0.049445099065086824,0.4913435348377577
2.095,0.0024130233225822884,-0.048940874704734495,0.517105185866897
2.096,0.0023643461123029432,-0.048413545853956665,0.5375525156887678
2.097,0.002316205113752215,-0.04786845124749938,0.5526366972257989
2.098,0.0022686154100029004,-0.04731095625112966,0.5623532955136388
2.099,0.0022215867178314477,-0.04674642809177582,0.5667030231940363
2.1,0.0021751233983863063,-0.046180210798506476,0.5657315633446645
2.101,0.0021292244931433294,-0.04561759968744649,0.5594906587753146
2.102,0.0020838837853993436,-0.045063815800524744,0.5480771150681821
2.103,0.002039089887422671,-0.04452398015281938,0.5315941803425406
2.104,0.001994826353241097,-0.04400308821032855,0.5101897046391236
2.105,0.0019510718169004338,-0.043505984470997294,0.4840177740233865
2.106,0.0019078001558755317,-0.04303733757880655,0.453276010358091
2.107,0.0018649806791574634,-0.04260161585733006,0.41816743259490646
2.108,0.0018225783393810082,-0.0422030636955801,0.3789368909050188
2.109,0.001780553968192882,-0.04184567868067222,0.33583313891075495
2.11,0.0017388645338987927,-0.041533189907506714,0.28914440742025915
2.111,0.0016974634202640538,-0.0412690373619714,0.23916068365037077
2.112,0.0016563007251835982,-0.04105635279893983,0.1862084424127626
2.113,0.001615323577780573,-0.04089794200711018,0.13061314124653675
2.114,0.001574476472343761,-0.040796268866514204,0.07273313994542312
2.115,0.001533701617370753,-0.04075344107950179,0.01292243407940422
2.116,0.0014929392978514364,-0.040771197959131124,-0.04843619333807641
2.117,0.0014521282488028143,-0.04085090013811315,-0.11096816462596816
2.118,0.0014112060379567028,-0.040993521554109916,-0.1742746673675728
2.119,0.0013701094554042397,-0.04119964355081673,-0.23796932604605145
2.12,0.0013287749079202932,-0.04146945141707633,-0.3016464064731485
2.121,0.001287138815624491,-0.04180273317452779,-0.3649171084297743
2.122,0.0012451380085883217,-0.042198880897810806,-0.4273783381362558
2.123,0.001202710120966951,-0.04265689434493088,-0.4886485561038899
2.124,0.0011597939802243898,-0.0431753871401915,-0.5483370344173449
2.125,0.0011163299890285222,-0.0437525952515437,-0.6060791882870663
2.126,0.0010722604974220645,-0.04438638796137133,-0.6615062313682013
2.1270000000000002,0.0010275301629235972,-0.045074281035563386,-0.7142799170159261
2.128,0.0009820862962827412,-0.04581345224614894,-0.7640625041551806
2.129,0.0009358791907017104,-0.046600758915912574,-0.8105508353720788
2.13,0.0008888624324447839,-0.047432757597940405,-0.8534465286835821
2.1310000000000002,0.0008409931908836819,-0.04830572552426378,-0.8924893239631739
2.132,0.0007922324861728222,-0.04921568389745544,-0.9274274224201434
2.133,0.0007425454329095619,-0.050158422629065245,-0.9580500407994635
2.134,0.0006919014583127677,-0.051129526564523235,-0.9841578301165201
2.1350000000000002,0.0006402744936436589,-0.05212440277369452,-1.0055945882260473
2.136,0.0005876431377973363,-0.05313830891895063,-1.0222177022861785
2.137,0.0005339907922067136,-0.05416638226229469,-1.0339289844019424
2.138,0.00047930576642387816,-0.05520366930337613,-1.0406450977609323
2.1390000000000002,0.00042358135397192596,-0.05624515560052838,-1.0423274965435727
2.14,0.0003668158782939436,-0.05728579575543634,-1.0389528132723451
2.141,0.00030901270885961874,-0.05832054311321337,-1.0305419022817244
2.142,0.0002501802477246505,-0.059344379156723186,-1.0171301847379148
2.1430000000000002,0.00019033188706825272,-0.06035234215607233,-0.9987958139603885
2.144,0.0001294859384602121,-0.061339555060008835,-0.9756299939126265
2.145,6.766553482579488e-05,-0.062301252208825625,-0.9477643037209494
2.146,4.8985062849812005e-06,-0.06323280487280174,-0.9153410242312652
2.1470000000000002,-5.878276876317861e-05,-0.06412974522351789,-0.878539677201016
2.148,-0.00012334153575898797,-0.06498778876810084,-0.8375474119648852
2.149,-0.00018873685758782327,-0.06580285488956979,-0.7925848309730303
2.15,-0.0002549238278110679,-0.06657108555691943,-0.7438765037262506
2.1510000000000002,-0.00032185380153486657,-0.06728886189067794,-0.6916761637907565
2.152,-0.00038947464182376986,-0.06795281868712866,-0.6362374291106787
2.153,-0.00045773097948456176,-0.0685598566344551,-0.5778384655422106
2.154,-0.0005265644839855834,-0.06910715236758797,-0.5167530007235086
2.1550000000000002,-0.0005959141432420892,-0.06959216614542364,-0.45327455494784397
2.156,-0.0006657165499861021,-0.07001264734260215,-0.38768783940917706
2.157,-0.0007359061924526536,-0.07036663759050071,-0.3202926563879443
2.158,-0.0008064157471501764,-0.07065247180454486,-0.25137577170033987
2.1590000000000003,-0.000877176371543285,-0.0708687769816722,-0.18123458255433547
2.16,-0.0009481179945576275,-0.07101446904701271,-0.11014954812667414
2.161,-0.0010191696029204706,-0.07108874767867364,-0.03840771519516834
2.162,-0.001090259521473043,-0.0710910894264713,0.03372421959983952
2.1630000000000003,-0.001161315685732363,-0.07102123909216863,0.10597644900548277
2.164,-0.0012322659051367461,-0.07087919971659747,0.17810230213686076
2.165,-0.0013030381155808791,-0.07066522117166857,0.24985478772094585
2.166,-0.0013735606200283215,-0.07037978772321596,0.32101210918428125
2.1670000000000003,-0.0014437623161816357,-0.07002360458341261,0.39135417042240045
2.168,-0.0015135729103878859,-0.06959758382908798,0.4606873382268376
2.169,-0.0015829231171597903,-0.06910282971472112,0.5288208905068823
2.17,-0.001651744843895122,-0.0685406237559424,0.5955910270505727
2.1710000000000003,-0.0017199713605787522,-0.0679124096113175,0.6608372621992455
2.172,-0.0017875374544477842,-0.06721977812674623,0.7244257069433071
2.173,-0.0018543795697903527,-0.06646445255839059,0.7862254297679798
2.174,-0.0019204359332278174,-0.065648274316539,0.8461310539352228
2.1750000000000003,-0.001985646664998321,-0.0647731892244683,0.9040391302061731
2.176,-0.002049953876912296,-0.06384123460348187,0.9598701117666913
2.177,-0.0021133017577878834,-0.06285452714769328,1.0135447998104934
2.178,-0.002175636647292173,-0.06181525186088597,1.0650057738041339
2.179,-0.0022369070992135495,-0.060725651981867,1.114193984233797
2.18,-0.0022970639352676517,-0.05958802012633657,1.1610697268270782
2.181,-0.002356060290595868,-0.05840469053009572,1.205589465654633
2.182,-0.002413851652148065,-0.05717803257429807,1.2477264459406616
2.183,-0.002470395891152361,-0.055910445434293944,1.2874478340675917
2.184,-0.002525653290862003,-0.05460435398499056,1.324735064539174
2.185,-0.0025795865707354706,-0.053262205761945014,1.35956138155192
2.186,-0.00263216090814933,-0.05188646906577426,1.3919120107895848
2.187,-0.002683343958667353,-0.050479631970271326,1.4217621802162854
2.188,-0.00273310587579321,-0.04904420228144303,1.4490971974403164
2.189,-0.0027814193310215255,-0.04758270817518707,1.473891015071615
2.19,-0.0028282595348729164,-0.046097699527594814,1.496126280112894
2.191,-0.0028736042594573303,-0.04459174964123333,1.5157734926100728
2.192,-0.0029174338629566125,-0.04306745735733197,1.532811075192644
2.193,-0.0029597313162566135,-0.04152744924267011,1.5472051541310983
2.194,-0.003000482231791788,-0.03997438182767953,1.5589296758500504
2.195,-0.0030396748944960697,-0.038410943580883615,1.567946817741782
2.196,-0.00307730029458362,-0.0368398565942169,1.5742271555916516
2.197,-0.0031133521617167587,-0.0352638776720607,1.5777306887207565
2.198,-0.0031478269999567062,-0.03368579880783465,1.578427039731341
2.199,-0.003180724122740681,-0.03210844676011492,1.5762770557081263
2.2,-0.003212045686986904,-0.030534681732331405,1.5712529998589126
2.201,-0.0032417967253017058,-0.028967394897272788,1.5633206702583202
2.202,-0.0032699851751505195,-0.02740950480035524,1.5524595235767684
2.203,-0.0032966219037612347,-0.02586395242107556,1.538645234982593
2.204,-0.0033217207274540187,-0.024333694964492194,1.5218696781841374
2.205,-0.0033452984240396858,-0.022821698206841757,1.502123837116735
2.206,-0.003367374736898458,-0.021330927510702154,1.479417555162468
2.207,-0.0033879723693453464,-0.01986433738307429,1.4537627000932563
2.208,-0.0034071169679059745,-0.01842485973818218,1.4251925896909645
2.209,-0.003424837093169643,-0.017015390789155434,1.3937453083625335
2.21,-0.003441164176952753,-0.01563877677706455,1.3594827158192346
2.211,-0.0034561324645967506,-0.014297798510930911,1.322473816448044
2.212,-0.0034697789413378386,-0.012995154971245254,1.2828132629232667
2.213,-0.0034821432418213993,-0.011733445995876644,1.2406046878139543
2.214,-0.0034932675419891094,-0.01051515433954295,1.1959786248534323
2.215,-0.0035031964327410627,-0.009342627164364082,1.1490757255043018
2.216,-0.003511976774964905,-0.008218057283321282,1.1000640365812986
2.217,-0.003519657535728418,-0.007143464243705252,1.049122042650763
2.218,-0.0035262896056468683,-0.006120675593195764,0.9964552583682118
2.219,-0.0035319255976606775,-0.005151308434423244,0.9422790591768269
2.22,-0.0035366196276878864,-0.004236751619995026,0.8868345696796077
2.221,-0.0035404270778481507,-0.003378148700533946,0.8303712692425528
2.222,-0.0035434043431858365,-0.0025763819748375553,0.7731621821502286
2.223,-0.003545608563047719,-0.0018320577489278809,0.7154862696691201
2.224,-0.0035470973384909483,-0.0011454931375302095,0.657642953126223
2.225,-0.003547928437308042,-0.0005167044966567071,0.5999343286207818
2.226,-0.003548159488453089,5.4602206562668395e-05,0.5426790778179691
2.227,-0.003547847667835857,0.0005690390279012476,0.4861945648591893
2.228,-0.0035470493776139267,0.001027541415959305,0.4308102112569257
2.229,-0.0035458199212565497,0.001431371298795014,0.376849554414492
2.23,-0.0035442131767738578,0.0017821176665883459,0.324643181172172
2.231,-0.00354228127060116,0.0020816946788071292,0.27451084326539466
2.232,-0.003540074254697214,0.0023323371290847193,0.22677405728978534
2.233,-0.0035376397894579664,0.0025365933494102873,0.1817383833613503
2.234,-0.0035350228350608534,0.002697315444814867,0.13970580744780894
2.235,-0.003532265353840554,0.0028176469957842225,0.10095729449090306
2.236,-0.0035294060262533312,0.0029010081786607425,0.06576507126213742
2.237,-0.003526479982915698,0.002951078496605835,0.03437556462804715
2.238,-0.003523518555103177,0.0029717771284365367,0.007021699033357035
2.239,-0.003520549045968955,0.0029672411400075128,-0.0160936758914042
2.24,-0.0035175945245900578,0.0029418016177875524,-0.03478536854851625
2.241,-0.0035146736447736215,0.0028999580150851603,-0.04890183685626817
2.242,-0.0035118004903582356,0.0028463508156866494,-0.058312561940754355
2.243,-0.0035089844485290127,0.0027857328427589095,-0.06292338391472563
2.244,-0.0035062301124311568,0.0027229393529529257,-0.0626635956972415
2.245,-0.0035035372141193817,0.0026628572705978825,-0.05750056901284449
2.246,-0.0035009005886210485,0.0026103937260685862,-0.04742652004574727
2.247,-0.0034983101696238763,0.002570444268275638,-0.032472395540148594
2.248,-0.00349575101702622,0.002547860927036855,-0.012694286937416803
2.249,-0.0034932033763137205,0.002547420497962034,0.011813428787774334
2.25,-0.0034906427694523985,0.0025737932246825204,0.04093202465319831
2.251,-0.003488040116719558,0.00263151224099807,0.07450600797790047
2.2520000000000002,-0.0034853618886317595,0.0027249439345989777,0.11235737922391506
2.253,-0.0034825702868779536,0.002858259573012905,0.15427389760393975
2.254,-0.003479623452927083,0.0030354083287285195,0.20002361382728892
2.255,-0.0034764757027568416,0.003260092011754163,0.2493437522239982
2.2560000000000002,-0.0034730777859449356,0.003535741612058025,0.3019554483837259
2.257,-0.0034693771671794834,0.003865495918846671,0.35755316519356606
2.258,-0.0034653183280815743,0.004252182276971601,0.41581955105629403
2.259,-0.0034608430870932895,0.004698299699598853,0.4764152941982092
2.2600000000000002,-0.0034558909350685145,0.00520600434995146,0.5389940065070036
2.261,-0.0034503993841138083,0.005777097559460919,0.6031924125119116
2.262,-0.003444304327161596,0.006413016344964001,0.6686451584942518
2.263,-0.003437540405719516,0.0071148265391965835,0.7349752299709149
2.2640000000000002,-0.0034300413832263447,0.007883218447146012,0.801808585927943
2.265,-0.003421740521457396,0.008718505090752492,0.8687647012850159
2.266,-0.0034125709574585055,0.009620622907028706,0.935470931267411
2.267,-0.0034024660785478065,0.010589134914369615,1.0015530834144057
2.2680000000000002,-0.0033913598930058876,0.011623236169467956,1.0666494267822764
2.269,-0.003379187394177181,0.012721761487945418,1.130401210172648
2.27,-0.0033658849158253903,0.013883195215635512,1.1924662452075405
2.271,-0.003351390476722748,0.015105682989648811,1.2525093028190561
2.2720000000000002,-0.003335644112603386,0.016387045249076162,1.3102152160356413
2.273,-0.0033185881937739478,0.017724792409800197,1.3652791054124251
2.274,-0.0033001677268462413,0.019116141445612873,1.417418966212924
2.275,-0.003280330639235937,0.02055803377499604,1.466365692553409
2.2760000000000002,-0.0032590280452543573,0.02204715418816281,1.511875133780135
2.277,-0.0032362144928059946,0.023579950708561816,1.5537179070178713
2.278,-0.0032118481898890756,0.025152655125275848,1.5916909264101906
2.279,-0.003185891210279026,0.026761304094823607,1.6256070126853226
2.2800000000000002,-0.0031583096779517353,0.028401760559757884,1.6553059171832298
2.281,-0.0031290739299742977,0.0300697353951173,1.680643753535605
2.282,-0.0030981586577523714,0.031760809048734816,1.7015035536994296
2.283,-0.0030655430266749153,0.03347045310617689,1.7177845611847244
2.2840000000000003,-0.003031210774336332,0.03519405157098903,1.7294123684395557
2.285,-0.002995150287642898,0.03692692181587862,1.7363281213396315
2.286,-0.0029573546592227317,0.03866433502445482,1.738498295812773
2.287,-0.0029178217236568646,0.040401536107279916,1.7359038698374263
2.2880000000000003,-0.0028765540741317553,0.04213376294293895,1.728549801480635
2.289,-0.002833559060181696,0.043856264957180195,1.7164542270018566
2.29,-0.0027888487672420846,0.04556432092204269,1.6996577027231428
2.291,-0.0027424399787728438,0.04725325601643975,1.6782124860709864
2.2920000000000003,-0.0026943541217348773,0.04891845805949341,1.6521916000363301
2.293,-0.0026446171962132637,0.05055539298373401,1.621678248444875
2.294,-0.0025932596899787934,0.052159619485206275,1.5867747544996558
2.295,-0.0025403164787666955,0.05372680293898996,1.547592153067712
2.2960000000000003,-0.0024858267130282636,0.05525272853787379,1.504259044699939
2.297,-0.0024298336918801362,0.05673331375838099,1.4569113963144549
2.298,-0.002372384724937653,0.0581646201265856,1.4057013400947644
2.299,-0.0023135309826757106,0.05954286439729846,1.3507872013309394
2.3000000000000003,-0.002253327335913574,0.06086442912697452,1.2923422580211734
2.301,-0.0021918321849718173,0.06212587275653935,1.2305450011084829
2.302,-0.002129107279000698,0.06332393918569938,1.1655878572115697
2.303,-0.002065217525932398,0.06445556695089966,1.0976676731889854
2.3040000000000003,-0.002000230793465336,0.06551789798322473,1.0269943914611657
2.305,-0.0019342177014495627,0.06650828604832179,0.9537817387329599
2.306,-0.0018672514060085234,0.06742430483375673,0.8782558321369361
2.307,-0.0017994073757063253,0.06826375577063964,0.8006460416288829
2.308,-0.0017307631600512324,0.06902467553954619,0.7211934961842037
2.309,-0.0016613981506171504,0.06970534332861801,0.6401420819594226
2.31,-0.0015913933350651744,0.07030428777533416,0.5577468114728736
2.311,-0.0015208310443581682,0.07082029363867799,0.47426491521475456
2.312,-0.0014497946934821917,0.0712524081132749,0.38996403397905954
2.313,-0.0013783685160203283,0.07159994681045204,0.3051133603751937
2.314,-0.0013066372929659807,0.07186249929824358,0.2199916152078808
2.315,-0.0012346860762144963,0.07203993420472517,0.134878197755299
2.316,-0.0011625999072325656,0.07213240375913627,0.05006091106690867
2.317,-0.001090463531474267,0.072140347757461,-0.03417291441742086
2.318,-0.0010183611091890493,0.07206449681297446,-0.11752897455565318
2.319,-0.0009463759233500276,0.07190587486506883,-0.19971492125560247
2.32,-0.0008745900855185684,0.0716658007978493,-0.2804332131834715
2.321,-0.0008030842405526368,0.07134588913401388,-0.3593901144873771
2.322,-0.0007319372711593828,0.07094804965249396,-0.43628884855244776
2.323,-0.00066122600338613,0.0704744858940118,-0.5108386684118656
2.324,-0.0005910249142357683,0.0699276924067119,-0.5827483061879359
2.325,-0.0005214058426816457,0.06931045070153338,-0.6517351041691114
2.326,-0.00045243770544079603,0.06862582378016589,-0.7175187385658763
2.327,-0.0003841862189418601,0.06787714921770598,-0.7798303863539621
2.328,-0.0003167136289928477,0.0670680306803187,-0.8384066884205804
2.329,-0.00025007844971312935,0.06620232787911798,-0.8929989139808593
2.33,-0.00018433521334145379,0.0652841448642332,-0.9433671157886954
2.331,-0.0001195342325667508,0.06431781668517278,-0.9892892423321509
2.332,-5.572137704895383e-05,0.06330789435042114,-1.0305554271711141
2.333,7.062134197235e-06,0.06225912814195653,-1.0669769897581114
2.334,6.87799228935025e-05,0.06117644925057848,-1.0983807929979843
2.335,0.00012940062242908137,0.06006494982057927,-1.1246180670004384
2.336,0.0001888980280418944,0.05892986140504684,-1.1455587640644074
2.337,0.0002472512247218239,0.05777653195481222,-1.161100136404827
2.338,0.00030444469138846386,0.056610401378467574,-1.1711610162844683
2.339,0.0003604683799931077,0.055436975830819996,-1.1756900790106992
2.34,0.00041531776830966487,0.05426180080229437,-1.1746599780405593
2.341,0.0004689938853103573,0.05309043319909055,-1.1680752283670788
2.342,0.0005215033081693487,0.0519284125188923,-1.1559661320294212
2.343,0.0005728581300991656,0.05078123134074141,-1.138396224272344
2.344,0.0006230758984003823,0.04965430526169202,-1.1154559338264354
2.345,0.0006721795222924661,0.0485529425224757,-1.0872695446061948
2.346,0.0007201971502920657,0.04748231347672344,-1.0539885468983403
2.347,0.0007671620171119587,0.04644742016306253,-1.0157980804234725
2.348,0.0008131122602682206,0.045453066149461006,-0.9729099467795792
2.349,0.0008580907068023108,0.04450382691871945,-0.9255685147035357
2.35,0.000902144630747349,0.04360402097135663,-0.874043380022111
2.351,0.0009453254821911013,0.04275768191614791,-0.8186347303953072
2.352,0.0009876885890106925,0.041968531723034753,-0.7596656558310081
2.353,0.001029292832572951,0.041239955401482016,-0.6974869872744717
2.354,0.0010702002989081616,0.04057497726893896,-0.6324692778116442
2.355,0.0011104759070710833,0.0399762390569044,-0.5650071462574701
2.356,0.0011501870165999844,0.039445980000898086,-0.4955109657551659
2.357,0.0011894030161695808,0.038986019138294886,-0.42441075945124257
2.358,0.0012281948957059076,0.03859773993435893,-0.3521476484206743
2.359,0.0012666348043879356,0.038282077429696706,-0.2791773609037663
2.36,0.0013047955971012164,0.03803950799686489,-0.20596150475985983
2.361,0.001342750372030918,0.03787004186253799,-0.13297076389392395
2.362,0.0013805720021846475,0.03777321844492099,-0.0606760713400728
2.363,0.0014183326637177676,0.037748104621319105,0.010448424136291485
2.364,0.0014561033639951663,0.037793295933477994,0.07993420018149222
2.365,0.001493953472362381,0.037906920800951587,0.14731553476570095
2.366,0.0015319502566156823,0.038086647705650706,0.21213827463254029
2.367,0.0015701584281543211,0.038329695371627164,0.2739570573203734
2.368,0.001608639698769176,0.038632845858082694,0.3323439155906816
2.369,0.0016474523519699955,0.03899246054355607,0.3868854553560662
2.37,0.0016866508316793261,0.03940449887510518,0.4371912077421616
2.371,0.001726285351024955,0.03986453981615238,0.48289067435223365
2.372,0.0017664015238456003,0.04036780582513798,0.5236413436189513
2.373,0.0018070400213870462,0.04090918925775376,0.5591255216126125
2.374,0.0018482362565095832,0.04148328098732019,0.5890579375202449
2.375,0.0018900200975531603,0.04208440109983425,0.6131822875078818
2.376,0.0019324156138161336,0.04270663142611204,0.6312783650476935
2.3770000000000002,0.0019754408543978114,0.043343849737243645,0.6431582572155053
2.378,0.0020191076619364393,0.04398976534001216,0.6486729483215222
2.379,0.0020634215225440347,0.044637955875179165,0.6477081220124951
2.38,0.0021083814529999764,0.04528190503670463,0.6401902010384378
2.3810000000000002,0.0021539799260178703,0.045915040999082946,0.6260817237182039
2.382,0.0022002028341474664,0.04653077526010914,0.6053867983341936
2.383,0.002247029492616725,0.0471225416784085,0.5781460382645377
2.384,0.002294432681161144,0.04768383541042974,0.5444414257779489
2.3850000000000002,0.0023423787246295937,0.048208251526470326,0.5043908063032286
2.386,0.0023908276119006737,0.04868952301568976,0.45815217213564036
2.387,0.0024397331523924536,0.04912155796786994,0.40591773222471217
2.388,0.002489043169203816,0.04949847565485489,0.3479176417451854
2.3890000000000002,0.0025386997276887497,0.04981464131501243,0.28441367856989336
2.39,0.0025886393980380875,0.05006469938366327,0.21570245873178387
2.391,0.002638793550227497,0.050243604995156566,0.14210876425479516
2.392,0.0026890886794880362,0.05034665352592194,0.0639882972759575
2.3930000000000002,0.002739446760267116,0.050369508032238296,-0.018279284643244867
2.394,0.0027897856264750918,0.05030822438371253,-0.10428801240827593
2.395,0.0028400193756564964,0.050159273979097314,-0.19361279682215723
2.396,0.002890058794586642,0.04991956388119438,-0.28580739898370666
2.3970000000000002,0.0029398118036741963,0.04958645429391456,-0.38041177557592754
2.398,0.002989183917449605,0.04915777325690334,-0.4769502984465099
2.399,0.00303807871833778,0.04863182851944712,-0.5749391764659391
2.4,0.003086398340852225,0.048007416509442964,-0.673884843542379
2.4010000000000002,0.003134043963306302,0.047283828398710905,-0.7732913779217513
2.402,0.0031809163041161504,0.046460853220986885,-0.8726589775263
2.403,0.003226916119768288,0.04553877808328812,-0.9714912978712296
2.404,0.0032719447015431896,0.04451838546651447,-1.0692939356760736
2.4050000000000002,0.0033159043681232894,0.04340094769368501,-1.165581609982835
2.406,0.0033586989512697537,0.04218821859924379,-1.2598765788995825
2.407,0.0034002342718258034,0.04088242251285615,-1.351715593875698
2.408,0.0034404186033948824,0.03948624062530188,-1.4406481812328402
2.4090000000000003,0.0034791631211482216,0.03800279488137619,-1.526243306618545
2.41,0.0035163823333376424,0.036435629497465344,-1.6080874612031395
2.411,0.003551994493224194,0.0347886902756374,-1.685790982452754
2.412,0.0035859219892806185,0.033066301837211716,-1.7589858943986123
2.4130000000000003,0.003618091711683893,0.031273142969336816,-1.82733184135118
2.414,0.00364843539328234,0.0294142202275562,-1.8905136422100541
2.415,0.003676889923398101,0.027494840003965702,-1.9482468049709452
2.416,0.0037033976330092086,0.02552057921824943,-2.0002747664615983
2.4170000000000003,0.003727906550044155,0.02349725485164384,-2.046373966749577
2.418,0.003750370623714644,0.02143089248933369,-2.0863507578707283
2.419,0.0037707499170073853,0.019327694096149026,-2.1200460284986087
2.42,0.00378901076665226,0.017194005193600155,-2.147331776599135
2.4210000000000003,0.003805125910080158,0.015036281662194992,-2.168115286211191
2.422,0.0038190745790784024,0.012861056334294225,-2.182335369590343
2.423,0.0038308425600431357,0.010674905595172023,-2.1899661086540627
2.424,0.003840422220915613,0.008484416149782847,-2.19101278212429
2.4250000000000003,0.0038478125050715063,0.006296152162003576,-2.185515193434254
2.426,0.0038530188926083017,0.004116622911586927,-2.173543307399044
2.427,0.0038560533296444523,0.0019522511607132876,-2.155200194348235
2.428,0.0038569341264045277,-0.00019065764056295609,-2.1306174082042526
2.4290000000000003,0.003855685825016093,-0.002305945136306807,-2.09995758328345
2.43,0.0038523390380861473,-0.004387628723584373,-2.063409591271682
2.431,0.0038469302592566952,-0.006429928935319548,-2.021190832198668
2.432,0.003839501647060377,-0.008427295457317054,-1.9735422117963408
2.433,0.0038301007835073015,-0.010374431648833431,-1.920730171236418
2.434,0.0038187804089334066,-0.012266317498955893,-1.863041529008507
2.435,0.003805598134728379,-0.014098230911099066,-1.8007852952778385
2.436,0.003790616135637699,-0.015865767270260466,-1.7342874230449579
2.437,0.0037739008233983675,-0.017564857208401962,-1.663892453238031
2.438,0.0037555225035219397,-0.019191782544453907,-1.589958218865859
2.439,0.0037355550170814445,-0.020743190336537223,-1.5128573653007729
2.44,0.0037140753693912765,-0.022216105043799103,-1.432972049222984
2.441,0.003691163347491261,-0.023607938756232492,-1.3506953756437918
2.442,0.0036669011283585722,-0.024916499509144666,-1.266426130180555
2.443,0.003641372879774201,-0.02613999765959718,-1.1805701707244776
2.444,0.003614664355765079,-0.027277050358647217,-1.0935352273755963
2.445,0.0035868624885290177,-0.028326684113475165,-1.0057322822803008
2.446,0.0035580549787282197,-0.029288335488121382,-0.917570467012138
2.447,0.003528329886008548,-0.03016184995122195,-0.8294584591889961
2.448,0.0034977752215669088,-0.0309474789320553,-0.7417995024777054
2.449,0.0034664785445483117,-0.031645875105138804,-0.6549928436893019
2.45,0.003434526564008373,-0.03225808597473889,-0.5694288955108754
2.451,0.003402004748126339,-0.03278554578932828,-0.485490733667906
2.452,0.003368996942299076,-0.03323006586519668,-0.40354941806889005
2.453,0.003335584997688096,-0.03359382335676313,-0.32396556506400737
2.454,0.0033018484117302797,-0.03387934855886973,-0.24708483914920668
2.455,0.003267863982058578,-0.03408951078453357,-0.17323961217847283
2.456,0.0032337054752123837,-0.03422750290785451,-0.10274463446341428
2.457,0.003199443311448392,-0.03429682462012819,-0.03589879008395247
2.458,0.0031651442668921516,-0.034301264492352074,0.02701904563617204
2.459,0.0031308711941981,-0.034244880895751645,0.08574814756467579
2.46,0.0030966827628120088,-0.034131981876430156,0.14004989107830063
2.461,0.003062633219854259,-0.03396710403906948,0.18970578364304574
2.462,0.003028772172565616,-0.03375499053821562,0.2345212180646702
2.463,0.0029951443931787664,-0.03350056823548407,0.2743233873984388
2.464,0.00296178964699904,-0.033208924123968246,0.3089648356332075
2.465,0.002928742544396232,-0.03288528108164811,0.33832124900706856
2.466,0.002896032417326218,-0.03253497305837924,0.3622947975306594
2.467,0.0028636832209158816,-0.032163419762293415,0.38081179464098547
2.468,0.002831713460557748,-0.03177610095397339,0.3938258219990608
2.469,0.0028001361448713206,-0.03137853041888211,0.4013152481834833
2.47,0.002768958764796485,-0.030976229730788684,0.4032861280033734
2.471,0.002738183298990117,-0.030574701881947636,0.3997695696787253
2.472,0.002707806245600377,-0.030179404897531906,0.39082439915273626
2.473,0.0026778186803938183,-0.029795725515585333,0.3765343647404118
2.474,0.002648206341108485,-0.029428953055081118,0.35701055626802597
2.475,0.0026189497378015392,-0.02908425355881089,0.33238843627243053
2.476,0.0025900242888529054,-0.02876664433845698,0.30283000443539426
2.477,0.0025614004821769044,-0.028480969013544768,0.2685206453890287
2.478,0.0025330440610822945,-0.028231873175675423,0.22967103034966113
2.479,0.002504916234107637,-0.028023780773639213,0.18651377372275696
2.48,0.0024769739080441606,-0.027860871353313835,0.13930506692799718
2.481,0.0024491699432423286,-0.02774705825034988,0.08832113899991231
2.482,0.0024214534301821244,-0.027685967870058805,0.033859621582241005
2.483,0.0023937699861709513,-0.027680920152287482,-0.023764186039594227
2.484,0.002366062070917916,-0.027734910353783025,-0.08421621695148726
2.485,0.0023382693196196797,-0.02785059224269006,-0.14714756086257985
2.486,0.0023103288920821295,-0.02803026283241093,-0.21219361857915722
2.487,0.002282175836294465,-0.028275848742917865,-0.27897820243471744
2.488,0.002253743464769106,-0.028588894307800407,-0.34711292733036453
2.489,0.0022249637418628363,-0.02897055150473854,-0.41620146654590456
2.49,0.002195767680203118,-0.029421571814697362,-0.4858391533717413
2.491,0.0021660857442592535,-0.02994230007303175,-0.5556173632970294
2.492,0.0021358482590223505,-0.03053267040077426,-0.625123292187987
2.493,0.002104985821691644,-0.03119220426063906,-0.693944427541614
2.494,0.002073429714208867,-0.031920010704915645,-0.7616684610115598
2.495,0.0020411123144377374,-0.032714788837343065,-0.8278878038432809
2.496,0.0020079675037534103,-0.03357483253131106,-0.8921995840927031
2.497,0.0019739310687875095,-0.034498037400490573,-0.9542101542663393
2.498,0.0019389410950690683,-0.03548191003639149,-1.0135351175355074
2.499,0.0019029383503107635,-0.036523579480217824,-1.0698037701171603
2.5,0.001865866655114063,-0.037619810913183276,-1.122659095813741
2.501,0.0018276732389064091,-0.03876702150212475,-1.171762082069203
2.5020000000000002,0.001788309078978865,-0.03996129835296362,-1.216791619608541
2.503,0.001747729220563706,-0.04119841847735435,-1.2574486291729159
2.504,0.001705893075978377,-0.04247387069330322,-1.2934558027248215
2.505,0.0016627647009646832,-0.04378287933408465,-1.3245614788380533
2.5060000000000002,0.0016183130464699513,-0.04512042965537895,-1.3505391637505348
2.507,0.0015725121842494348,-0.04648129478565376,-1.371191096799072
2.508,0.0015253415048159683,-0.047860064081279616,-1.3863474944526486
2.509,0.0014767858864228303,-0.049251172704996474,-1.3958697529810542
2.5100000000000002,0.0014268358339381269,-0.05064893226441049,-1.3996493658469629
2.511,0.001375487586652404,-0.05204756230703501,-1.3976107194020695
2.512,0.0013227431942546134,-0.05344122248854587,-1.3897096436196401
2.513,0.0012686105604133482,-0.054824045193984705,-1.3759357672580246
2.5140000000000002,0.0012131034536091033,-0.05619016841450508,-1.3563106737827184
2.515,0.0011562414850773736,-0.05753376864895425,-1.3308897951156102
2.516,0.0010980500539401628,-0.05884909362546707,-1.299760157910029
2.517,0.0010385602598229182,-0.060130494609022186,-1.2630418092001954
2.5180000000000002,0.0009778087834734052,-0.06137245809000385,-1.2208851527631253
2.519,0.0009158377361165001,-0.06256963662380632,-1.1734719148418316
2.52,0.0008526944784925815,-0.0637168786240308,-1.1210120856071422
2.521,0.0007884314107350974,-0.0648092568909373,-1.0637444482058536
2.5220000000000002,0.0007231057344432792,-0.06584209569269907,-1.0019331553176545
2.523,0.000656779188496847,-0.06681099620016537,-0.935867859614942
2.524,0.0005895177603393737,-0.06771186011478113,-0.8658599696165746
2.525,0.0005213913746239054,-0.06854091131615546,-0.7922424331320743
2.5260000000000002,0.0004524735612670855,-0.0692947153974844,-0.7153657295258017
2.527,0.00038284110509482556,-0.06997019694703549,-0.6355973695763935
2.528,0.00031257367938242344,-0.07056465447776868,-0.5533176918899808
2.529,0.00024175346569362913,-0.07107577289981995,-0.46891915221256064
2.5300000000000002,0.0001704647625057785,-0.07150163347588136,-0.3828019999102479
2.531,9.879358517080686e-05,-0.07184072119406187,-0.29537343645078756
2.532,2.682725980435389e-05,-0.07209192953884407,-0.20704325311360944
2.533,-4.5345986283249794e-05,-0.0722545626363633,-0.11822294192487479
2.5340000000000003,-0.00011763743499953323,-0.07232833479620356,-0.029321377755630373
2.535,-0.00018995828613149423,-0.07231336746771848,0.05925603472579199
2.536,-0.0002622200617023254,-0.07221018367394375,0.14711155282368327
2.537,-0.000334335003529981,-0.07201969998136744,0.23385583232892326
2.5380000000000003,-0.0004062164615742416,-0.07174321610715371,0.3191119160985262
2.539,-0.0004777792707574158,-0.07138240225919468,0.4025157798195703
2.54,-0.0005489401140596253,-0.0709392843452242,0.4837200481213872
2.541,-0.0006196178698216735,-0.07041622717887205,0.5623942845828982
2.5420000000000003,-0.0006897339413352387,-0.06981591584825815,0.6382283766448986
2.543,-0.0007592125669602023,-0.06914133540166914,0.7109325165331123
2.544,-0.0008279811091804869,-0.06839574903890028,0.7802402090046143
2.545,-0.0008959703211912474,-0.0675826749826206,0.8459079035547302
2.5460000000000003,-0.0009631145897996288,-0.06670586223414209,0.9077175934023147
2.547,-0.0010293521536168422,-0.06576926540028462,0.965476074312638
2.548,-0.0010946252957189098,-0.06477701880385012,1.0190171185563837
2.549,-0.0011588805101552945,-0.06373341006891887,1.068200351306109
2.5500000000000003,-0.0012220686418866632,-0.0626428533938185,1.1129129988946351
2.551,-0.001284144999933486,-0.06150986269982709,1.1530683890881812
2.552,-0.0013450694437140013,-0.060339024861203586,1.188607288158828
2.553,-0.001404806442741663,-0.05913497319412006,1.21949604600822
2.5540000000000003,-0.00146332511003668,-0.057902361395913746,1.2457275504044065
2.555,-0.0015205992097822216,-0.05664583809516926,1.2673190510845733
2.556,-0.0015766071399216975,-0.05537002218378205,1.2843127716898488
2.557,-0.0016313318905480361,-0.05407947906889483,1.2967734580846042
2.5580000000000003,-0.001684760979077823,-0.05277869799067876,1.3047886983475359
2.559,-0.0017368863633316432,-0.05147207051696175,1.30846624908648
2.56,-0.0017877043337560402,-0.05016387033183232,1.3079341211723903
2.561,-0.0018372153861217178,-0.04885823439952318,1.3033377434458893
2.562,-0.0018854240761163321,-0.04755914558970549,1.2948398761894884
2.563,-0.0019323388573183442,-0.04627041681431873,1.2826176745840343
2.564,-0.0019779719040907773,-0.04499567673054749,1.2668624929584436
2.565,-0.0020223389209705084,-0.04373835702891479,1.2477769103069458
2.566,-0.002065458940150154,-0.042501681330375386,1.225574486771868
2.567,-0.002107354108656257,-0.04128865568183064,1.2004768103176238
2.568,-0.002148049466819797,-0.04010206064525095,1.1727132628417503
2.569,-0.0021875727196139704,-0.03894444494309514,1.1425181414698673
2.57,-0.0022259540024004883,-0.03781812062994005,1.1101304848403064
2.571,-0.0022632256425804483,-0.03672515972998051,1.075791315078774
2.572,-0.0022994219185901023,-0.035667392289327124,1.039743566227984
2.573,-0.0023345788176169797,-0.03464640576442785,1.0022294835705525
2.574,-0.0023687337933389163,-0.033663545679445954,0.9634906863932461
2.575,-0.0024019255249090135,-0.03271991746074937,0.9237657509999163
2.576,-0.0024341936783246476,-0.03181638937051954,0.8832904294597385
2.577,-0.0024655786712298264,-0.03095359643983863,0.8422954319020733
2.578,-0.002496121442108669,-0.03013194531784642,0.8010068120823441
2.579,-0.0025258632247349474,-0.02935161993470994,0.7596439541906155
2.58,-0.00255484532864968,-0.02861258789475502,0.7184201257192312
2.581,-0.0025831089263470123,-0.027914607499909837,0.6775406639711322
2.582,-0.002610694847758991,-0.027257235324047564,0.6372036877534132
2.583,-0.0026376433825435223,-0.026639834245014912,0.5975984703118944
2.584,-0.002663994090597676,-0.02606158186329223,0.5589062931334732
2.585,-0.0026897856211413845,-0.025521479224124916,0.5212989852011509
2.586,-0.0027150555406450835,-0.025018359783272798,0.48493989650308134
2.587,-0.0027398401698097053,-0.024550898545970118,0.4499825781022747
2.588,-0.002764174429748875,-0.024117621332368222,0.4165718491015138
2.589,-0.0027880916974716463,-0.02371691411317501,0.38484258928490894
2.59,-0.002811623670719748,-0.02334703238302935,0.35492087100640524
2.591,-0.002834800242176117,-0.023006110529708544,0.32692283563520563
2.592,-0.002857649383031369,-0.02269217118079555,0.3009558621907814
2.593,-0.00288019703587166,-0.02240313449978671,0.2771174998268964
2.594,-0.0029024670168346827,-0.02213682742625904,0.2554966472284466
2.595,-0.0029244809269699966,-0.02189099284436867,0.23617251655229168
2.596,-0.0029462580727348596,-0.02166329868535796,0.21921580146912623
2.597,-0.002967815395556743,-0.02145134695840925,0.20468765242828532
2.598,-0.002989167410397905,-0.02125268272391497,0.19264081656027
2.599,-0.0030103261532652453,-0.021064803010766426,0.1831186097368227
2.6,-0.0030313011376191753,-0.020885165697093783,0.17615601760846739
2.601,-0.003052099319647727,-0.02071119836000945,0.1717786565601972
2.602,-0.003072725072385719,-0.020540307115974512,0.17000383150967632
2.603,-0.0030931801686727095,-0.020369885458007258,0.17083948442483282
2.604,-0.003113463772956818,-0.020197323110209664,0.17428521117035542
2.605,-0.0031335724419636,-0.02002001490335554,0.18033120253789633
2.606,-0.00315350013425918,-0.019835369687804878,0.18895922856343073
2.607,-0.003173238228744175,-0.019640819282185074,0.2001415826761801
2.608,-0.0031927755521189392,-0.019433827467343498,0.21384204700697404
2.609,-0.0032120984153607914,-0.019211899016361226,0.23001485495757257
2.61,-0.00323119065924965,-0.018972588761356282,0.2486056550523136
2.611,-0.0032500337089696216,-0.01871351067858574,0.26955051048877005
2.612,-0.0032686066378002235,-0.01843234698261811,0.29277688144648384
2.613,-0.0032868862398919576,-0.018126857200850673,0.318202682088389
2.614,-0.0033048471120967456,-0.017794887208725893,0.3457373021611669
2.615,-0.0033224617447945026,-0.01743437818678775,0.37528074171511916
2.616,-0.003339700621622767,-0.017043375469741173,0.40672469237803516
2.617,-0.003356532327977302,-0.016620037239329734,0.43995176844484596
2.618,-0.003372923668108122,-0.01616264302230954,0.4748366655955464
2.619,-0.003388839790588008,-0.01566960193746209,0.5112455040993568
2.62,-0.0034042443218796972,-0.015139460645916366,0.5490370789920878
2.621,-0.0034190995076742096,-0.014570910943107973,0.5880623266246969
2.622,-0.003433366361616854,-0.013962796942179782,0.6281656752316876
2.623,-0.0034470048209800583,-0.013314121784228177,0.6691846406715226
2.624,-0.003459973908784008,-0.012624053823670817,0.7109512804431972
2.625,-0.003472231901808039,-0.0118919322243903,0.7532919181178342
2.626,-0.0034837365038784453,-0.011117271916422535,0.7960286978176967
2.6270000000000002,-0.003494445023762899,-0.010299767852484057,0.8389794300592591
2.628,-0.003504314556948633,-0.009439298518984413,0.8819592369400285
2.629,-0.0035133021705318064,-0.00853592864736187,0.9247805063050569
2.63,-0.003521365090399754,-0.007589911088533201,0.9672546113522826
2.6310000000000002,-0.003528460889846988,-0.006601687805934302,1.0091919538455152
2.632,-0.003534547678730338,-0.005571889960764791,1.0504037364935077
2.633,-0.003539584292239276,-0.004501337057111194,1.0907020708136874
2.634,-0.0035435304783346987,-0.0033910351337344,1.1299017759399002
2.6350000000000002,-0.0035463470828937735,-0.002242173984415223,1.1678205226984535
2.636,-0.003547996231590203,-0.0010561234084436474,1.2042806292446977
2.637,-0.00354844150753882,0.00016557151121023245,1.2391092100630618
2.638,-0.0035476481237408423,0.0014211960847450938,1.2721399370066608
2.6390000000000002,-0.0035455830893816194,0.002708872633701032,1.303213160905215
2.64,-0.003542215369056181,0.004026568017175491,1.3321776060437025
2.641,-0.0035375160340293827,0.005372102036420991,1.3588904324472977
2.642,-0.003531458404676584,0.006743156669177263,1.3832188330652457
2.6430000000000002,-0.00352401818329741,0.00813728608917038,1.4050400069209874
2.644,-0.0035151735765487926,0.00955192740806511,1.4242426308684717
2.645,-0.003504905406803751,0.010984412082018391,1.4407267170380902
2.646,-0.00349319721180868,0.012431977908123039,1.4544049351712034
2.6470000000000002,-0.003480035332083586,0.013891781542064139,1.4652023327109962
2.648,-0.003465408985586165,0.0153609114527791,1.4730574887189276
2.649,-0.0034493103292411297,0.016836401237291788,1.477922080306451
2.65,-0.0034317345070198663,0.018315243205235067,1.479761855580107
2.6510000000000002,-0.003412679684341617,0.019794402151263758,1.4785560364772712
2.652,-0.0033921470686551184,0.02127082922173396,1.4742981044631296
2.653,-0.003370140916148069,0.022741475792364123,1.4669950367971987
2.654,-0.003346668524620157,0.024203307263459737,1.4566679053940352
2.6550000000000002,-0.0033217402126427963,0.02565331669126135,1.4433509502091926
2.656,-0.003295369285214347,0.02708853816563757,1.427091998543245
2.657,-0.0032675719862027006,0.02850605985765541,1.4079513854924326
2.658,-0.0032383674379469016,0.029903036653941752,1.3860022070802527
2.6590000000000003,-0.0032077775684652434,0.03127670230937449,1.3613291037852249
2.66,-0.003175827026788362,0.032624381044388286,1.3340283662423698
2.661,-0.003142543087001793,0.033943498528749734,1.3042066024805317
2.662,-0.0031079555416424994,0.03523159218983757,1.2719807196951454
2.6630000000000003,-0.0030720965851477786,0.03648632079960411,1.237476499837942
2.664,-0.0030350006881022843,0.03770547329138536,1.2008284837245602
2.665,-0.002996704463069354,0.038886976774474856,1.1621784824544379
2.666,-0.0029572465228262074,0.04002890371181804,1.1216753922319234
2.6670000000000003,-0.002916667331848774,0.04112947824304821,1.0794736702284073
2.668,-0.002875009051910891,0.04218708163271859,1.0357331091123363
2.669,-0.0028323153826744297,0.0432002568402041,0.9906173058586794
2.67,-0.002788631398151622,0.044167712205410777,0.9442934245546707
2.6710000000000003,-0.0027440033799187545,0.045088324260324206,0.8969306852721952
2.672,-0.0026984786479517437,0.045961139673697325,0.8487001414740468
2.673,-0.0026521053899391535,0.04678537635148316,0.7997732140976181
2.674,-0.002604932489907439,0.04756042371194512,0.7503215068262973
2.6750000000000003,-0.0025570093569671055,0.0482858421687219,0.7005154067272572
2.676,-0.0025083857549573637,0.04896136185076156,0.6505239573520631
2.677,-0.0024591116337315338,0.04958688060089756,0.6005135429199373
2.678,-0.0024092369627862755,0.05016246128961893,0.5506478345228004
2.6790000000000003,-0.0023588115678953928,0.05068832849214758,0.5010865705344948
2.68,-0.0023078849713640635,0.051164864570511066,0.4519855861924827
2.681,-0.0022565062364724962,0.051592605212623925,0.4034956980332339
2.682,-0.002204723816629804,0.05197223447276007,0.35576282223906364
2.6830000000000003,-0.00215258540971,0.05230457936684704,0.3089269659348711
2.684,-0.0021001378179929127,0.05259060406732739,0.2631224350258227
2.685,-0.0020474268140842082,0.05283140375008143,0.2184769304822528
2.686,-0.0019944970131409796,0.05302819813637613,0.17511184210713363
2.6870000000000003,-0.001941391751683115,0.05318232477935294,0.13314144384647567
2.688,-0.0018881529732263196,0.0532952321342381,0.09267326592383557
2.689,-0.001834821120930593,0.0533684724572149,0.053807380029759704
2.69,-0.0017814350374185444,0.053403694566882084,0.016636839304615816
2.691,-0.0017280318718814788,0.05340263650724897,-0.018752958570843754
2.692,-0.0016746469945578934,0.053367118139921704,-0.05228377608368757
2.693,-0.0016213139186391006,0.053299033697663485,-0.08388510843275981
2.694,-0.001568064229630234,0.05320034432006968,-0.1134936467548467
2.695,-0.0015149275221719716,0.053073070596455225,-0.14105380047406202
2.696,-0.001461931344308896,0.052919285129696125,-0.1665171330441411
2.697,-0.001409101149174491,0.05274110513911361,-0.1898428481208821
2.698,-0.0013564602540501523,0.0525406851095636,-0.21099721097913832
2.699,-0.0013040298067461611,0.05232020949841897,-0.22995401131011592
2.7,-0.0012518287592460768,0.05208188550174944,-0.24669398202894846
2.701,-0.0011998738485522115,0.051827935885981086,-0.26120524950776197
2.702,-0.001148179584668388,0.051560591881666076,-0.2734827591222559
2.703,-0.0010967582456567924,0.051282086141524914,-0.28352872116006056
2.704,-0.001045619879707972,0.05099464575611573,-0.291352049658295
2.705,-0.0009947723141665566,0.05070048532671512,-0.2969688091429249
2.706,-0.0009442211714596379,0.050401800087122355,-0.30040167004259716
2.707,-0.0008939698918795537,0.050100759073046154,-0.30168035810980093
2.708,-0.0008440197631776283,0.04979949833080483,-0.3008411263728396
2.709,-0.0007943699569298322,0.04950011416478748,-0.2979272056618682
2.71,-0.0007450175716388798,0.04920465641711713,-0.29298828967882545
2.711,-0.0006959576825396497,0.04891512178134318,-0.28608098186908154
2.712,-0.0006471833980755565,0.04863344714684313,-0.27726828713100504
2.713,-0.0005986859230123254,0.04836150297961912,-0.2666200473170085
2.714,-0.00055045462815215,0.04810108674073167,-0.2542124304578887
2.715,-0.0005024771266052394,0.047853916353089505,-0.24012834482644227
2.716,-0.00045473935656698005,0.04762162372342917,-0.22445691449423016
2.717,-0.0004072256705372282,0.04740574833607454,-0.20729386021503154
2.718,-0.0003599189309033942,0.04720773093159358,-0.18874094874688427
2.719,-0.0003128006117909578,0.0470289072932793,-0.16890632788169013
2.72,-0.0002658509070637858,0.0468705021610648,-0.1479039365472984
2.721,-0.00021904884433215552,0.04673362330219567,-0.12585378119094995
2.722,-0.00017237240479875748,0.04661925576460043,-0.10288129399953364
2.723,-0.00012579864874233838,0.04652825634823776,-0.07911753872580839
2.724,-7.930384640518565e-05,0.0464613483260677,-0.054698505614317446
2.725,-3.286361401462211e-05,0.04641911645505939,-0.02976523640230685
2.726,1.3546945369670934e-05,0.0464020023135267,-0.00446304666307252
2.727,5.995309653097861e-05,0.04641030000908864,0.021058437786951763
2.728,0.00010638032268390223,0.04644415229675861,0.04664613755298827
2.729,0.0001528541724091525,0.04650354715374191,0.07214357641359201
2.73,0.00019940010341197104,0.046588314851895164,0.09739181989292038
2.731,0.0002460433236253255,0.04669812557481373,0.12222962594421144
2.732,0.00029280863022270484,0.04683248761994489,0.14649446431810828
2.733,0.0003397202471481646,0.04699074623097472,0.17002275774153622
2.734,0.00038680166181273134,0.04717208309815872,0.192650976626466
2.735,0.0004340754616457719,0.04737551656792237,0.21421596290083683
2.736,0.0004815631712269476,0.047599902594428964,0.23455609011236433
2.737,0.0005292850907583078,0.04784393646829144,0.25351165761259137
2.738,0.0005772601366664442,0.04810615534798146,0.2709261017674645
2.739,0.0006255056851508477,0.04838494162082551,0.2866464439206403
2.74,0.0006740374195162328,0.04867852710994467,0.30052453431768256
2.741,0.0007228691821431119,0.0489849981438134,0.3124175334197751
2.742,0.0007720128319619326,0.04930230149382777,0.3221891666089566
2.743,0.0008214781083011997,0.049628251184706415,0.3297102151483228
2.744,0.0008712725019788863,0.049960536170666925,0.3348597567726886
2.745,0.0009214011344987911,0.050296728869142805,0.33752564017906245
2.746,0.000971866646199123,0.0506342945315212,0.3376056845777254
2.747,0.00102266909417928,0.05097060142879297,0.3350081099658254
2.748,0.0010738058608024917,0.051302931817630536,0.3296526677093109
2.749,0.001125271573536632,0.05162849365065003,0.3214709983296921
2.75,0.0011770580368531507,0.051944432982386976,0.3104076651442079
2.751,0.0012291541768548152,0.05224784702094208,0.296420411966007
2.7520000000000002,0.0012815459992469873,0.05253579776340192,0.27948107295367525
2.753,0.0013342165612047036,0.05280532615203086,0.2595757043042115
2.754,0.0013871459576192506,0.05305346667706275,0.23670534575956712
2.755,0.0014403113221335515,0.05327726235153875,0.21088600319244297
2.7560000000000002,0.0014936868432960618,0.053473779973482086,0.18214924069423605
2.757,0.0015472437960783803,0.05364012559115495,0.1505419946514908
2.758,0.0016009505889131256,0.053773460078335965,0.11612697971054337
2.759,0.001654772826316374,0.053871014728160846,0.0789823199392253
2.7600000000000002,0.0017086733870637558,0.053930106766602676,0.039201756944446824
2.761,0.00176261251779192,0.05394815468972538,-0.0031059106990363105
2.762,0.001816547941798242,0.05392269332291855,-0.047816822914625946
2.763,0.0018704349827121363,0.05385138850487011,-0.09479281318223545
2.7640000000000002,0.001924226702611951,0.05373205129475936,-0.1438816070392601
2.765,0.0019778740540629617,0.053562651607261764,-0.19491776795592358
2.766,0.002031326045455327,0.053341331177469,-0.24772309162961242
2.767,0.002084529918926755,0.0530664157653872,-0.30210773253398693
2.7680000000000002,0.00213743134006391,0.0527364265089232,-0.3578707803940068
2.769,0.002189974598490062,0.052350090343380694,-0.4148015506910045
2.77,0.0022421028183648634,0.051906349406222116,-0.4726803236261629
2.771,0.0022937581777462157,0.05140436935648232,-0.5312797758534324
2.7720000000000002,0.0023448821356945844,0.0508435465402559,-0.590365856599408
2.773,0.0023954156659374928,0.05022351394556099,-0.6496993327904079
2.774,0.0024452994958568974,0.04954414589324852,-0.7090367718345222
2.775,0.0024944743495151755,0.048805561423308545,-0.7681321680454256
2.7760000000000002,0.0025428811933969927,0.0480081263403256,-0.8267379979204591
2.777,0.0025904614835147903,0.04715245389526882,-0.8846068921930973
2.778,0.00263715741250529,0.04623940408573022,-0.9414927268841069
2.779,0.0026829121553335,0.04527008157068958,-0.9971523031971583
2.7800000000000002,0.0027276701122193837,0.04424583220107812,-1.0513464360257647
2.781,0.0027713771474105705,0.04316823818129558,-1.1038416035393075
2.782,0.0028139808224423805,0.042039111882324655,-1.154410994402537
2.783,0.002855430622553743,0.04086048834040049,-1.2028360894457788
2.7840000000000003,0.002895678174964164,0.039634616480442024,-1.2489076304711482
2.785,0.0029346774577625,0.038363949116230346,-1.2924270979522001
2.786,0.0029723849982124647,0.03705113178369887,-1.3332075671107477
2.787,0.003008760059342217,0.035698990475805846,-1.3710750486752987
2.7880000000000003,0.003043764813755473,0.03431051835070719,-1.405869201522006
2.789,0.0030773645036787484,0.03288886149584433,-1.4374445082037088
2.79,0.003109527586343066,0.031437303832791745,-1.4656708179014535
2.791,0.003140225863887947,0.02995925125696993,-1.4904343337421762
2.7920000000000003,0.003169434597070058,0.02845821510725245,-1.511637965692787
2.793,0.003197132602157801,0.026937795068233836,-1.5292021123444393
2.794,0.003223302330495524,0.025401661607212366,-1.5430648096985016
2.795,0.003247929930326143,0.023853538054025177,-1.5531822966758755
2.7960000000000003,0.0032710052905679395,0.022297182429567068,-1.5595289522403417
2.797,0.0032925220663493023,0.02073636913315768,-1.5620976405784328
2.798,0.0033124776862134024,0.019174870595042366,-1.5608994356521906
2.799,0.0033308733410124256,0.017616439003003886,-1.555963748424765
2.8000000000000003,0.0033477139546171757,0.016064788206496428,-1.5473378445901502
2.801,0.0033630081366718607,0.01452357590287379,-1.5350867626551232
2.802,0.003376768117725001,0.01299638620340619,-1.5192926362800767
2.803,0.0033890096671649163,0.011486712676425587,-1.5000544176811292
2.8040000000000003,0.0033997519944814997,0.009997941956742059,-1.4774870216859284
2.805,0.0034090176344643715,0.008533338009002266,-1.4517208737936573
2.806,0.0034168323170306126,0.007096027123480765,-1.4229008972493447
2.807,0.0034232248224524667,0.005688983720227766,-1.3911859092566516
2.8080000000000003,0.0034282268228263825,0.004315017027603703,-1.356747475991474
2.809,0.0034318727106891936,0.002976758698018702,-1.319769183178529
2.81,0.0034341994157448216,0.0016766514132374576,-1.2804453863839593
2.811,0.0034352462107154185,0.0004169385279559361,-1.2389803841790836
2.8120000000000003,0.0034350545073743278,-0.0008003452101372408,-1.19558709200727
2.813,0.003433667643854442,-0.001973381829633769,-1.150486146985786
2.814,0.0034311306643545455,-0.0031005771701601834,-1.1039045340670426
2.815,0.0034274900923882013,-0.004180566762528927,-1.0560746506704457
2.816,0.0034227936987347046,-0.005212220544464684,-1.007232913201069
2.817,0.0034170902652597567,-0.006194646405431167,-0.9576188087318956
2.818,0.003410429345775245,-0.007127192563592834,-0.907473507591438
2.819,0.0034028610251029285,-0.008009448781039572,-0.857038927302038
2.82,0.003394435677496327,-0.008841246432163285,-0.8065563749453861
2.821,0.0033852037255591204,-0.009622657442250429,-0.756265645228899
2.822,0.003375215400777226,-0.010353992121538449,-0.706403713347141
2.823,0.003364520506755811,-0.01103579592129143,-0.6572038861588213
2.824,0.003353168186222323,-0.011668845145684998,-0.6088945626283156
2.825,0.003341206692822549,-0.012254141653862282,-0.561698453726253
2.826,0.003328683168699258,-0.012792906592719751,-0.5158314239886865
2.827,0.0033156434288024294,-0.013286573200937306,-0.47150179244642476
2.828,0.003302131752836987,-0.013736778729947602,-0.42890926557416914
2.829,0.0032881906857087123,-0.01414535552660155,-0.38824432773372786
2.83,0.003273860847281908,-0.014514321327008056,-0.34968727307928404
2.831,0.0032591807522137826,-0.014845868809242043,-0.31340769138868974
2.832,0.0032441866405808943,-0.015142354456534526,-0.2795636031962729
2.833,0.00322891231996238,-0.015406286780494133,-0.24830104472294107
2.834,0.003213389019593573,-0.0156403139571196,-0.21975330852799302
2.835,0.0031976452571520655,-0.015847210925895108,-0.19404062902303054
2.836,0.003181706718686491,-0.016029866005254086,-0.1712695296949286
2.837,0.0031655961521464275,-0.01619126707487228,-0.15153260954146494
2.838,0.003149333274920011,-0.01633448737796095,-0.1349079966358759
2.839,0.0031329346957341005,-0.01646267099386029,-0.12145923516281046
2.84,0.003116413851220167,-0.0165790180340069,-0.11123484513040158
2.841,0.003099780957397504,-0.016686769611318857,-0.10426830949351099
2.842,0.003083042976273929,-0.016789192635830962,-0.10057773953070114
2.843,0.003066203597712643,-0.016889564486741802,-0.10016596229098157
2.844,0.0030492632366624,-0.016991157613744024,-0.10302029171345835
2.845,0.003032219045796515,-0.017097224118025937,-0.10911271685036673
2.846,0.0030150649435543267,-0.017210980366350874,-0.1183997797995102
2.847,0.0029977916575265077,-0.017335591689287458,-0.13082286607365903
2.848,0.002980386783072976,-0.017474157217776256,-0.1463081909039332
2.849,0.002962834857008994,-0.017629694910188363,-0.16476719392027675
2.85,0.0029451174461413076,-0.017805126825184345,-0.18609663607168647
2.851,0.0029272132503817953,-0.01800326469384039,-0.210179101240402
2.852,0.0029090982201110402,-0.018226795847670084,-0.2368832064189841
2.853,0.002890745687408538,-0.018478269557334552,-0.2660642129099487
2.854,0.002872126510709906,-0.0187600838399304,-0.2975643522817423
2.855,0.002853209232394543,-0.01907447279079558,-0.33121354944861764
2.856,0.002833960248749862,-0.019423494498566687,-0.36682986609360063
2.857,0.0028143439917005294,-0.019809019600097746,-0.40422033696851634
2.858,0.002794323121633394,-0.020232720534173767,-0.44318153118352105
2.859,0.0027738587305911563,-0.020696061550301622,-0.4835005010721883
2.86,0.0027529105550506334,-0.021200289530744713,-0.5249554598139957
2.861,0.0027314371974449564,-0.02174642568060924,-0.5673168399150625
2.862,0.002709396355533714,-0.022335258141875293,-0.6103480826170459
2.863,0.0026867450586711638,-0.02296733558322662,-0.6538068000856092
2.864,0.002663439909970725,-0.02364296181765143,-0.6974456687640095
2.865,0.0026394373333144963,-0.024362191494806822,-0.7410136855467754
2.866,0.002614693824109908,-0.02512482691437049,-0.7842571535805568
2.867,0.002589166202652476,-0.025930416000493773,-0.8269210186660128
2.868,0.0025628118689144156,-0.02677825147562665,-0.8687499315997346
2.869,0.0025355890575440927,-0.027667371265018514,-0.909489647183995
2.87,0.002507457091831584,-0.028596560159999312,-0.9488881427776058
2.871,0.0024783766353714152,-0.029564352760338704,-0.9866970579011755
2.872,0.0024483099401353668,-0.03056903771175812,-1.022672844937654
2.873,0.0024172210896565875,-0.03160866324580057,-1.0565782231472431
2.874,0.002385076236021586,-0.032681044024203076,-1.0881833336577689
2.875,0.002351843829369366,-0.03378376928023677,-1.1172671784096104
2.876,0.0023174948386074094,-0.03491421224367601,-1.1436187484688696
2.8770000000000002,0.00228200296207268,-0.0360695408257829,-1.1670384157449096
2.878,0.0022453448268926115,-0.037246729534355066,-1.187339001399425
2.879,0.002207500175836319,-0.038442572578230125,-1.2043470863506849
2.88,0.002168452040490105,-0.03965369811419698,-1.2179039855830223
2.8810000000000002,0.0021281868996437837,-0.040876583578445376,-1.2278669429137703
2.882,0.002086694821835403,-0.04210757203831464,-1.2341099768247574
2.883,0.002043969591071416,-0.04334288948965937,-1.2365249258647104
2.884,0.00200000881481704,-0.04457866301909223,-1.2350221330010147
2.8850000000000002,0.0019548140134371976,-0.04581093974059256,-1.229531309999641
2.886,0.0019083906903615759,-0.04703570641065101,-1.220002030117256
2.887,0.0018607483823475726,-0.04824890961735531,-1.2064043832913507
2.888,0.0018119006893216616,-0.0494464764344669,-1.1887292509318304
2.8890000000000002,0.0017618652833923422,-0.050624335424172294,-1.166988728478949
2.89,0.0017106638967456559,-0.05177843786920022,-1.1412161615769054
2.891,0.0016583222882564977,-0.052904779109116215,-1.1114663182550855
2.892,0.0016048701887747625,-0.05399941985435423,-1.0778151722209495
2.8930000000000002,0.0015503412251738782,-0.055058507347414166,-1.0403598138989172
2.894,0.0014947728233795567,-0.056078296241228495,-0.9992179737297466
2.895,0.0014382060907276433,-0.05705516906259813,-0.9545276690095184
2.896,0.0013806856781308052,-0.057985656131078214,-0.9064464679506351
2.8970000000000002,0.0013222596226634229,-0.058866454803686345,-0.8551508772656232
2.898,0.0012629791713014077,-0.059694447920344035,-0.8008353560497558
2.899,0.0012028985866777606,-0.06046672132695047,-0.7437114571631087
2.9,0.0011420749358344697,-0.06118058035963134,-0.6840066081986285
2.9010000000000002,0.001080567863065842,-0.0618335651776243,-0.6219630277872857
2.902,0.0010184393480566314,-0.06242346484079699,-0.5578362985581036
2.903,0.0009557534506194167,-0.06294833003363236,-0.49189408711262567
2.904,0.0008925760434287537,-0.06340648434769387,-0.4244145410104038
2.9050000000000002,0.0008289745342338657,-0.06379653404208226,-0.3556848477663568
2.906,0.0007650175791063271,-0.06411737621299496,-0.2859994940590557
2.907,0.0007007747883436652,-0.06436820531232872,-0.21565870460847564
2.908,0.0006363164267034933,-0.06454851796801488,-0.1449666067638558
2.9090000000000003,0.0005717131096851979,-0.06465811606857594,-0.0742295943582699
2.91,0.0005070354976069841,-0.06469710808785153,-0.0037544441929147562
2.911,0.000442353989244919,-0.06466590863627872,0.0661533473385533
2.912,0.0003777384168073228,-0.06456523623891358,0.13519144739170966
2.9130000000000003,0.0003132577440123848,-0.06439610935096238,0.2030623285107056
2.914,0.00024897976901922837,-0.06415984063535048,0.2694751027130961
2.915,0.00018497083393295802,-0.06385802953719022,0.33414709360740213
2.916,0.00012129554256272798,-0.06349255320326987,0.3968055742332949
2.9170000000000003,5.801648805890129e-05,-0.0630655558043835,0.45718922353942176
2.918,-4.8060080086390275e-06,-0.06257943633069714,0.5150497238332808
2.919,-6.71141436434971e-05,-0.06203683493901897,0.570153059523053
2.92,-0.00012885287008399394,-0.06144061794197467,0.6222809345655582
2.9210000000000003,-0.00018997010982318584,-0.06079386153640914,0.6712318765655114
2.922,-0.0002504169577803507,-0.060099834377920575,0.7168224404116208
2.923,-0.0003101478645263726,-0.05936197911412329,0.7588880871829554
2.924,-0.00036912080058195166,-0.05858389299703478,0.7972841469940601
2.9250000000000003,-0.0004272974009298832,-0.05776930769882818,0.831886449419127
2.926,-0.00048464308900981844,-0.05692206846104226,0.8625920261527087
2.927,-0.0005411271795949446,-0.05604611270921007,0.8893194775116727
2.928,-0.0005967229600838806,-0.05514544826866206,0.9120094035843452
2.9290000000000003,-0.0006514077498767727,-0.054224131317122025,0.930624499495714
2.93,-0.0007051629376410466,-0.053286244211425755,0.9451497118968238
2.931,-0.0007579739964085375,-0.0523358733235561,0.9555920638424883
2.932,-0.0008098304765807648,-0.051377087020898334,0.9619805414730404
2.9330000000000003,-0.0008607259770520056,-0.05041391392158328,0.9643656571570719
2.934,-0.0009106580947896031,-0.04945032155361158,0.962819078786327
2.935,-0.0009596283533367388,-0.0484901955406598,0.9574329471172195
2.936,-0.0010076421108239006,-0.047537319433664356,0.9483192668736665
2.9370000000000003,-0.0010547084481906882,-0.046595355299911205,0.935609000632631
2.938,-0.001100840038428704,-0.04566782517612059,0.9194512469485949
2.939,-0.0011460529977584779,-0.04475809348342707,0.900012138438466
2.94,-0.001190366719748048,-0.04386935049571321,0.8774738369892655
2.9410000000000003,-0.0012338036934675233,-0.04300459694323771,0.8520332679617443
2.942,-0.0012763893068522326,-0.04216662982618097,0.8239009661517468
2.943,-0.0013181516365166062,-0.04135802950256634,0.7932996810775171
2.944,-0.001359121225321472,-0.04058114810716503,0.7604631097251091
2.945,-0.0013993308490487903,-0.039838099347471595,0.7256344096617704
2.946,-0.0014388152735799354,-0.03913074971481858,0.6890648556442729
2.947,-0.001477611004006377,-0.038460711138065,0.6510122978628974
2.948,-0.0015157560271251006,-0.03782933509938214,0.6117397795028241
2.949,-0.0015532895487854398,-0.03723770822129637,0.571513976668719
2.95,-0.001590251727559364,-0.036686649326552245,0.5306038128195352
2.951,-0.0016266834062038922,-0.03617670796250389,0.4892789152771728
2.952,-0.0016626258423724917,-0.0357081643746951,0.44780826034041454
2.953,-0.001698120440012435,-0.03528103090519165,0.4064586786664932
2.954,-0.0017332084828574849,-0.03489505478490826,0.3654935619002867
2.955,-0.001767930871390417,-0.03454972228095615,0.32517144600393233
2.956,-0.0018023278646082175,-0.034244264154644655,0.285744806619064
2.957,-0.0018364388278748057,-0.033977662378531885,0.24745874560647446
2.958,-0.0018703019880923397,-0.03374865805653607,0.21054989838515994
2.959,-0.0019039541973630868,-0.03355576048495838,0.17524524477021033
2.96,-0.0019374307062500341,-0.033397257288936166,0.1417611472742222
2.961,-0.001970764947676376,-0.033271225563746946,0.11030230310420888
2.962,-0.002003988332432343,-0.033175543948186816,0.08106092801604714
2.963,-0.0020371300571830316,-0.033107905553190944,0.0542158619757001
2.964,-0.0020702169257934455,-0.03306583166763655,0.029931909133103715
2.965,-0.0021032731847074604,-0.03304668616039298,0.008359105354037433
2.966,-0.0021363203730363073,-0.03304769049730114,-0.01036777917035461
2.967,-0.002169377187929882,-0.03306593928984754,-0.02612980592244331
2.968,-0.002202459365721276,-0.03309841629294062,-0.03882420026373317
2.969,-0.0022355795792517383,-0.03314201076798311,-0.04836474982124522
2.97,-0.0022687473517001844,-0.03319353412890911,-0.05468197203076629
2.971,-0.002301968987158875,-0.0332497367884734,-0.05772334709781643
2.972,-0.0023352475181151666,-0.03330732512410937,-0.05745332417412007
2.973,-0.002368582669918732,-0.033362978483021506,-0.05385339365016213
2.974,-0.002401970842234621,-0.033413366148755334,-0.04692193781749759
2.975,-0.0024354051074051628,-0.033455164192328704,-0.03667414932924689
2.976,-0.00246887522556839,-0.03348507213412644,-0.02314173426621876
2.977,-0.00250236767630742,-0.03349982934393313,-0.00637268534716204
2.978,-0.0025358657065344264,-0.033496231110080606,0.013569153052201448
2.979,-0.0025693493942445245,-0.03347114431011524,0.036604446878533016
2.98,-0.0026027957277092134,-0.03342152261926251,0.06263893482692723
2.981,-0.002636178699616244,-0.03334442119479885,0.09156391410039037
2.982,-0.0026694694156028415,-0.033237010778395394,0.12325691870651645
2.983,-0.0027026362165723642,-0.033096591160650495,0.1575823167832855
2.984,-0.0027356448141307222,-0.032920603956065594,0.19439209238651722
2.985,-0.002768458438428307,-0.03270664463910284,0.2335265415389906
2.986,-0.0028010379976459543,-0.03245247379619188,0.2748151442829237
2.987,-0.0028333422483195463,-0.03215602755099195,0.31807734611692967
2.988,-0.002865327975657375,-0.03181542712466559,0.3631235065357967
2.989,-0.002896950182967415,-0.031428987495414056,0.4097557519672758
2.99,-0.002928162289278192,-0.030995225126140096,0.45776898658063764
2.991,-0.0029589163342071604,-0.030512864731796038,0.5069518021074789
2.992,-0.002989163189104361,-0.02998084506260497,0.5570875362746641
2.993,-0.0030188527734767655,-0.02939832368220375,0.6079552245277815
2.994,-0.00304793427568014,-0.028764680724545615,0.6593306907884912
2.995,-0.0030763563768506086,-0.02807952161639163,0.710987525519482
2.996,-0.0031040674770373353,-0.027342678757061707,0.7626981931403549
2.997,-0.003131015922491046,-0.02655421215035887,0.8142350202653199
2.998,-0.0031571502330604235,-0.025714408988396515,0.8653713036593836
2.999,-0.0031824193286498627,-0.024823782190481643,0.9158822921703563
3.0,-0.003206772753697713,-0.02388306790521914,0.9655462783546507
3.001,-0.003230160898643981,-0.02289322198731696,1.0141455574497111
3.0020000000000002,-0.003252535217370512,-0.021855415465745636,1.0614674856929354
3.003,-0.0032738484396150386,-0.02077102902330728,1.1073053991837791
3.004,-0.003294054777383103,-0.019641646512821524,1.1514596217877322
3.005,-0.003313110124408768,-0.018469047538508847,1.1937383268376207
3.0060000000000002,-0.0033309722477461385,-0.01725519913623138,1.2339584777173143
3.007,-0.0033476009706090923,-0.016002246589676715,1.2719466153920098
3.008,-0.0033629583456161244,-0.014712503424387678,1.307539715186064
3.009,-0.0033770088176407254,-0.0133884406248145,1.3405858839602922
3.0100000000000002,-0.0033897193755152914,-0.012032675124317367,1.3709451170339757
3.011,-0.0034010596918878696,-0.010647957620839083,1.3984898899225937
3.012,-0.0034110022505860643,-0.009237159775551092,1.4231058006533885
3.013,-0.003419522460900963,-0.007803260854246899,1.4446920419549978
3.0140000000000002,-0.003426598758265707,-0.00634933387524096,1.46316191605688
3.015,-0.003432212690868172,-0.004878531329689442,1.4784431750461562
3.016,-0.00343634899180483,-0.003394070543627341,1.4904783970780453
3.017,-0.0034389956364529826,-0.001899218752678294,1.4992251848200482
3.0180000000000002,-0.0034401438848108558,-0.00039727796306805903,1.504656394400422
3.019,-0.0034397883086291323,0.0011084303265150373,1.5067601847657703
3.02,-0.003437926803233121,0.0026145804655078233,1.505540093219801
3.021,-0.0034345605840114747,0.004117857977785468,1.5010149313354875
3.0220000000000002,-0.003429694167624747,0.005614974795670936,1.493218704435448
3.023,-0.0034233353380647515,0.007102684324320161,1.4822003528630008
3.024,-0.0034154950977731886,0.008577796258805536,1.4680235161077504
3.025,-0.0034061876041049342,0.010037191077702484,1.4507661216861447
3.0260000000000002,-0.0033954300914972656,0.011477834137635083,1.430519998179053
3.027,-0.0033832427797806236,0.012896789295648865,1.4073903178485143
3.028,-0.0033696487691389325,0.014291231987733046,1.3814950663198482
3.029,-0.003354673922297497,0.015658461695139042,1.3529643484921428
3.0300000000000002,-0.003338346734583607,0.016995913732641265,1.3219397265123005
3.031,-0.0033206981925688163,0.01830117029694015,1.2885734020854684
3.032,-0.003301761622061984,0.019571970716724688,1.2530274374835997
3.033,-0.0032815725262781478,0.020806220850946612,1.215472830960248
3.0340000000000003,-0.0032601684150597742,0.02200200158580028,1.1760886387470901
3.035,-0.0032375886260735376,0.023157576386672783,1.1350609629979156
3.036,-0.0032138741389472177,0.024271397865966562,1.0925819955896432
3.037,-0.003189067383347201,0.025342113334066274,1.048848940609783
3.0380000000000003,-0.003163212042027222,0.02636856930589126,1.004063003040191
3.039,-0.0031363528499031624,0.02734981494222729,0.9584282696318652
3.04,-0.003108535390226722,0.02828510441065385,0.9121506672212614
3.041,-0.0030798058889424254,0.029173898157939523,0.8654368273500841
3.0420000000000003,-0.0030502110083176874,0.030015863091537087,0.8184930398450507
3.043,-0.0030197976409344143,0.03081087167500923,0.7715241270992339
3.044,-0.0029886127051228974,0.03155899994802441,0.724732418931128
3.045,-0.0029567029429045685,0.03226052448863328,0.6783166622865968
3.0460000000000003,-0.002924114721489624,0.0329159183412559,0.6324710429586488
3.047,-0.002890893839348735,0.033525845940521805,0.5873841555731554
3.048,-0.002857085337845179,0.03409115706658953,0.5432380965622908
3.049,-0.002822733319374997,0.034612879873775586,0.5002075178098303
3.0500000000000003,-0.0027878807729184965,0.03509221303922572,0.4584588130904312
3.051,-0.0027525694078568445,0.03553051708407874,0.41814927661561796
3.052,-0.0027168394968529455,0.035929304923719436,0.37942640266578304
3.053,-0.0026807297285367593,0.03629023170865265,0.3424271672006469
3.0540000000000003,-0.0026442770706720077,0.03661508402084969,0.3072774571934369
3.055,-0.0026075166444143355,0.03690576849449455,0.27409149009628697
3.056,-0.0025704816102008715,0.03716429993243378,0.24297138578217467
3.057,-0.0025332030657383405,0.03739278899262839,0.21400673460703798
3.0580000000000003,-0.002495709956481847,0.03759342952035868,0.18727432085352316
3.059,-0.002458028998919758,0.03776848560381957,0.16283784606825574
3.06,-0.0024201846169023132,0.0379202784310703,0.1407478084332053
3.061,-0.002382198891173189,0.03805117302717851,0.12104138378322199
3.0620000000000003,-0.0023440915221848153,0.03816356494956832,0.10374246099639582
3.063,-0.0023058798062003433,0.0382598670193758,0.08886167861857444
3.064,-0.0022675786246082914,0.03834249616472814,0.07639661208609824
3.065,-0.002229200446300637,0.03841386045058115,0.06633195961992247
3.0660000000000003,-0.002190755342891909,0.03847634636687465,0.05863987296707711
3.067,-0.0021522510164862416,0.03853230644445943,0.05328028220249197
3.068,-0.002113692839631752,0.03858404726451982,0.050201357918287365
3.069,-0.0020750839070374956,0.03863381792399275,0.04933996102757621
3.0700000000000003,-0.002036425098568041,0.03868379901491619,0.05062222081930644
3.071,-0.001997715152974678,0.03873609217180973,0.05396409296777485
3.072,-0.001958950751770851,0.03879271023584338,0.05927203509952573
3.073,-0.0019201266126128303,0.03885556808019772,0.06644365360914752
3.074,-0.0018812355915051237,0.038926474135215425,0.07536845642626744
3.075,-0.0018422687931139558,0.03900712264712037,0.08592856738363075
3.076,-0.00180321568844136,0.039099086698070884,0.09799953451740741
3.077,-0.0017640642390872243,0.0392038120102006,0.11145108974202857
3.078,-0.001724801027307009,0.0393226115502299,0.1261479903165585
3.079,-0.0016854113910588645,0.03945666094605889,0.1419508013414261
3.08,-0.0016458795632254396,0.0396069947207906,0.15871674812200334
3.081,-0.0016061888141927377,0.03977450334461342,0.176300499523635
3.082,-0.0015663215969708008,0.039959931099260285,0.1945550097701058
3.083,-0.0015262596940486231,0.040163874745095265,0.2133322818998567
3.084,-0.0014859843651882797,0.040386782975591576,0.23248417909276353
3.085,-0.0014454764953806003,0.040628956639767094,0.2518631492582729
3.086,-0.001404716742206508,0.040890549708417136,0.27132298804179933
3.087,-0.0013636856818740521,0.041171570956494305,0.2907195081125389
3.088,-0.0013223639532308881,0.04147188632983374,0.30991123856634806
3.089,-0.001280732399085115,0.04179122196171314,0.32876002519246145
3.09,-0.0012387722042035696,0.042129167801377654,0.3471316541365662
3.091,-0.0011964650293955273,0.042485181814706514,0.36489637252115087
3.092,-0.0011537931411308396,0.04285859471466844,0.38192942740269853
3.093,-0.001110739536184455,0.043248615178100934,0.3981114994622797
3.094,-0.0010672880608435546,0.04365433550369998,0.4133291517358056
3.095,-0.0010234235242588335,0.04407473766574213,0.4274751723484932
3.096,-0.0009791318055673074,0.04450869971730994,0.44044893078711994
3.097,-0.0009343999544600544,0.04495500249719582,0.4521566289846395
3.098,-0.0008892162849141267,0.04541233659465967,0.46251156594306875
3.099,-0.0008435704618530854,0.045879309527422904,0.4714342995833974
3.1,-0.0007974535805449219,0.04635445308890419,0.47885282337918433
3.101,-0.0007508582385891896,0.046836230822560485,0.4847026439334017
3.102,-0.0007037786003866816,0.0473230455824556,0.48892687585682815
3.103,-0.0006562104540247057,0.047813247141496304,0.49147624222458225
3.104,-0.0006081512605486916,0.04830513981053196,0.49230909584672394
3.105,-0.000559600195626311,0.04879699003422932,0.4913913515479873
3.106,-0.0005105581836433606,0.04928703393167125,0.4886964433358662
3.107,-0.0004610279243012106,0.04977348475262893,0.48420519857950006
3.108,-0.0004110139118135573,0.05025454022267771,0.4779057415180531
3.109,-0.00036052244682552856,0.0507283897533798,0.4697933198861282
3.11,-0.00030956164120080765,0.05119322149606213,0.45987016547853565
3.111,-0.00025814141584241685,0.05164722922071948,0.44814528383616464
3.112,-0.00020627349173017715,0.05208861900375989,0.43463428224465755
3.113,-0.0001539713743727189,0.052515615711156614,0.419359132548781
3.114,-0.00010125033188437066,0.05292646926553986,0.40234797621770213
3.115,-4.812736690743979e-05,0.05331946068832188,0.3836348693463343
3.116,5.378817391519386e-06,0.05369290790959648,0.3632595732028592
3.117,5.92478570166934e-05,0.05404517134075155,0.3412672891072678
3.118,0.00011345777229005955,0.05437465920598073,0.31770844135109366
3.119,0.00016798501820837483,0.05467983263064985,0.29263840798714374
3.12,0.00022280453976633894,0.05495921048527835,0.266117301269857
3.121,0.00027788983200157974,0.055211373985203295,0.23820969858004162
3.122,0.00033321300451735064,0.0554349710463385,0.20898442369036538
3.123,0.00038874485023966335,0.05562872039828695,0.17851428020653098
3.124,0.00044445491816678777,0.05579141545596194,0.14687583514344973
3.125,0.0005003115898704079,0.055921927951278275,0.1141491554892258
3.126,0.0005562821595090372,0.056019211325980596,0.08041759391541096
3.1270000000000002,0.00061233291711537,0.05608230388668486,0.045767527493102145
3.128,0.0006684292349199058,0.056110331722386726,0.010288143910625902
3.129,0.0007245356564732965,0.05610251138439475,-0.02592881989457332
3.13,0.0007806159883292774,0.05605815232756692,-0.06278929376108724
3.1310000000000002,0.0008366333940486858,0.055976659111249716,-0.10019713887330946
3.132,0.0008925504902828465,0.05585753335707183,-0.13805436948246333
3.133,0.00094832944469146,0.055700375460155174,-0.1762614243508584
3.134,0.00100393207544607,0.05550488604906482,-0.21471739782986185
3.1350000000000002,0.001059319952065216,0.0552708671892266,-0.2533203218465763
3.136,0.0011144544973215017,0.054998223323345266,-0.29196740991609343
3.137,0.0011692970899541504,0.05468696194195272,-0.330555352869
3.138,0.0012238091679132221,0.054337193976191196,-0.3689805786540545
3.1390000000000002,0.0012779523318536758,0.053949133904716354,-0.4071395642956259
3.14,0.0013316884485889986,0.05352309956592939,-0.4449291132782941
3.141,0.0013849797542053767,0.053059511666826736,-0.4822466849270066
3.142,0.0014377889565285074,0.05255889297943457,-0.5189906898573271
3.1430000000000002,0.0014900793366263707,0.05202186721629195,-0.5550608364279236
3.144,0.00154181484902279,0.051449157576546764,-0.5903584430624533
3.145,0.0015929602202886118,0.05084158495509699,-0.624786799837108
3.146,0.0016434810456700843,0.050200065807848075,-0.6582514946607319
3.1470000000000002,0.001693343883407756,0.049525609667494974,-0.6906607860454741
3.148,0.0017425163463941082,0.048819316305209144,-0.7219259385261869
3.149,0.0017909671908144574,0.04808237253548938,-0.7519616009133486
3.15,0.0018386664014136262,0.04731604866284831,-0.780686144368804
3.1510000000000002,0.0018855852730306523,0.04652169457120378,-0.8080220389202637
3.152,0.001931696488045607,0.0457007354587055,-0.8338961860762953
3.153,0.001976974189386573,0.044854667223226896,-0.8582402848809194
3.154,0.0020213940487511326,0.04398505150589277,-0.8809911497873304
3.1550000000000002,0.00206493332970548,0.04309351040280249,-0.9020910563932368
3.156,0.0021075709453355794,0.04218172085739648,-0.9214880344187852
3.157,0.0021492875101386997,0.041251408748844205,-0.939136182685766
3.158,0.0021900653858602237,0.04030434269420322,-0.9549959265962047
3.1590000000000003,0.00222988872099984,0.039342327585028494,-0.9690342917532602
3.16,0.002268743483733083,0.03836719788145774,-0.9812251153882501
3.161,0.0023066174880186055,0.037380810689588026,-0.9915492683511645
3.162,0.0023435004126884295,0.036385038650060555,-0.9999948107037716
3.1630000000000003,0.002379383813347679,0.03538176266843854,-1.0065571525402566
3.164,0.0024142611269417427,0.03437286451968978,-1.011239144957254
3.165,0.0024481276688822474,0.03336021936132021,-1.0140511717818799
3.166,0.0024809806226584762,0.03234568819113784,-1.0150111685828693
3.1670000000000003,0.0025128190218976967,0.031331110287303086,-1.0141446390866438
3.168,0.0025436437248759535,0.030318295669209933,-1.01148459709966
3.169,0.0025734573815200295,0.029309017618941238,-1.00707150343773
3.17,0.002602264392981161,0.028305005303321657,-1.0009531278014376
3.1710000000000003,0.002630070863901353,0.02730793653706303,-0.9931844047158187
3.172,0.002656884547533503,0.026319430727237185,-0.9838272149358733
3.173,0.002682714783916689,0.0253410420391355,-0.9729501612674926
3.174,0.0027075724313475606,0.02437425282260746,-0.9606282717885868
3.1750000000000003,0.0027314697914274195,0.023420467337109924,-0.9469426992064821
3.176,0.0027544205280020406,0.022481005812132145,-0.931980350749075
3.177,0.0027764395803472073,0.021557098878201765,-0.915833517111682
3.178,0.0027975430709870257,0.020649882401434914,-0.8985994364220169
3.1790000000000003,0.0028177482085640373,0.01976039275258776,-0.8803798612722933
3.18,0.0028370731862097233,0.018889562538784672,-0.8612805663338852
3.181,0.002855537075890891,0.018038216823549585,-0.8414108641362817
3.182,0.0028731597192315234,0.017207069857715394,-0.820883067532099
3.1830000000000003,0.002889961615330721,0.01639672234068008,-0.7998119665385284
3.184,0.0029059638061150893,0.015607659228056398,-0.7783142587088367
3.185,0.0029211877597784216,0.014840248098608592,-0.7565080001867723
3.186,0.0029356552528725004,0.014094738089548921,-0.7345120179325673
3.1870000000000003,0.0029493882516202835,0.01337125940601737,-0.7124453491305326
3.188,0.0029624087930266796,0.012669823406775296,-0.6904266493536156
3.189,0.002974738866362454,0.011990323264773601,-0.6685736346497733
3.19,0.0029864002955936023,0.011332535197521573,-0.6470024998542844
3.1910000000000003,0.002997414623321881,0.010696120259036044,-0.6258273771167733
3.192,0.003007802996792175,0.01008062668155229,-0.6051597778507338
3.193,0.0030175860565090896,0.009485492752277646,-0.5851080806985568
3.194,0.0030267838279887872,0.008910050207117146,-0.5657770096224437
3.1950000000000003,0.003035415617152756,0.008353528120820727,-0.5472671629703901
3.196,0.00304349990984821,0.007815057270087598,-0.5296745384958659
3.197,0.00305105427595525,0.007293674943992313,-0.5130901136947029
3.198,0.0030580952785141204,0.006788330173747901,-0.4975994267941199
3.1990000000000003,0.003064638388277025,0.006297889352060409,-0.4832822165808646
3.2,0.003070697904058384,0.005821142210658016,-0.47021206622392103
3.201,0.003076286879225296,0.0053568081231663,-0.45845610875950954
3.202,0.0030814170546365847,0.004903542699411407,-0.4480747387502782
3.203,0.003086098798304549,0.004459944636517181,-0.4391213870381736
3.204,0.0030903410520184745,0.004024562791334894,-0.431642303326401
3.205,0.003094151285133547,0.0035959034388102985,-0.42567640172279053
3.206,0.0030975354556931683,0.003172437680432787,-0.4212551150322326
3.207,0.0031004979790170916,0.002752608967413705,-0.4184023110059316
3.208,0.003103041703852509,0.002334840703420564,-0.41713421698034964
3.209,0.0031051678961504336,0.0019175438924287705,-0.41745940500323714
3.21,0.003106876230495607,0.0014991247979178246,-0.41937878401865497
3.211,0.0031081647891849262,0.0010779925807197714,-0.42288565037745157
3.212,0.003109030068917156,0.0006525668837394975,-0.4279657435830961
3.213,0.0031094669950256374,0.00022128533322379913,-0.43459735744830064
3.214,0.0031094689431558774,-0.0002173890727435097,-0.442751454486317
3.215,0.0031090277682614274,-0.0006649607161561806,-0.45239183233902486
3.216,0.003108133840764438,-0.0011228942778228111,-0.46347529099423623
3.217,0.0031067760897016752,-0.0015926078477020433,-0.47595184876422814
3.218,0.0031049420526526746,-0.0020754662502987108,-0.48976495642910645
3.219,0.003102617932224089,-0.002572774606872591,-0.5048517567186548
3.22,0.0030997886588431762,-0.003085772154952495,-0.5211433394411533
3.221,0.0030964379595936563,-0.003615626344087858,-0.5385650388295727
3.222,0.0030925484328088804,-0.004163427225464134,-0.5570367239229794
3.223,0.003088101628120347,-0.00473018215160278,-0.5764731283543121
3.224,0.003083078131643928,-0.0053168108012351225,-0.5967841709103714
3.225,0.00307745765597176,-0.005924140543100323,-0.6178753128200294
3.226,0.0030712191346244627,-0.0065529021514945714,-0.6396479039684672
3.227,0.0030643408206061,-0.007203725885231186,-0.6619995635047611
3.228,0.0030568003886930696,-0.007877137940829861,-0.6848245476925869
3.229,0.003048575041077756,-0.00857355728979725,-0.7080141502421894
3.23,0.003039641615978267,-0.00929329290918124,-0.7314570885257916
3.231,0.003029976698816847,-0.010036541413658546,-0.75503992042882
3.232,0.0030195567355615315,-0.010803385096972385,-0.7786474461988581
3.233,0.003008358147818238,-0.011593790389614294,-0.8021631390849585
3.234,0.0029963574492537833,-0.012407606739295737,-0.8254695602779292
3.235,0.0029835313629241753,-0.01324456591992046,-0.8484488009715175
3.236,0.002969856939077072,-0.01410428177428525,-0.8709829077580618
3.237,0.0029553116729923957,-0.014986250395066621,-0.8929543338046793
3.238,0.002939873622420832,-0.015889850748061308,-0.9142463721846931
3.239,0.0029235215241764315,-0.016814345740739416,-0.9347436131715188
3.24,0.0029062349094367062,-0.017758883738710537,-0.9543323827707264
3.241,0.002887994217301562,-0.018722500531578572,-0.9729012029653448
3.242,0.0028687809061613326,-0.019704121748879883,-0.9903412316372757
3.243,0.002848577562424046,-0.020702565725693223,-1.0065467219894002
3.244,0.0028273680061529686,-0.02171654681646083,-1.0214154595458056
3.245,0.0028051373931676695,-0.022744679154137786,-1.0348492158081062
3.246,0.0027818723131653096,-0.023785480850582595,-1.0467541770815114
3.247,0.0027575608834237886,-0.02483737863245968,-1.0570413866726542
3.248,0.002732192837654893,-0.02589871290533183,-1.0656271590716535
3.249,0.0027057596095838104,-0.0269677432368337,-1.0724335039320898
3.25,0.002678254410841398,-0.028042654247990906,-1.0773885183823209
3.251,0.002649672302767594,-0.029121561899616035,-1.0804267848679359
3.2520000000000002,0.002620010261738391,-0.03020252015879033,-1.0814897334806566
3.253,0.0025892672376449837,-0.03128352802802369,-1.0805260049860679
3.254,0.002557444205172176,-0.032362536917591805,-1.0774917741501537
3.255,0.002524544207543846,-0.0334374583390687,-1.0723510688036235
3.2560000000000002,0.0024905723924264194,-0.03450617189578385,-1.0650760446266698
3.257,0.0024555360397067903,-0.03556653354347451,-1.0556472507546488
3.258,0.002419444580889024,-0.03661638409205793,-1.0440538464121873
3.259,0.0023823096098845187,-0.03765355791695288,-1.0302938033777
3.2600000000000002,0.0023441448850029293,-0.03867589184622515,-1.0143740551668348
3.261,0.0023049663219860982,-0.039681234187437034,-0.9963106272569446
3.262,0.0022647919779643197,-0.040667453856120576,-0.9761287101101491
3.263,0.00222364202625348,-0.04163244956555882,-0.953862708766342
3.2640000000000002,0.00218153872195271,-0.04257415903598077,-0.9295562320775699
3.265,0.0021385063583449974,-0.04349056817944428,-0.9032620548494625
3.266,0.0020945712141476097,-0.0443797202153313,-0.8750420169245784
3.267,0.0020497614917048546,-0.04523972467017963,-0.8449668927720861
3.2680000000000002,0.002004107246262432,-0.04606876621466498,-0.8131161961986202
3.269,0.001957640306510189,-0.046865113289821105,-0.7795779541136325
3.27,0.0019103941866280753,-0.04762712647440565,-0.7444484150554631
3.271,0.0018624039901183056,-0.04835326654513392,-0.7078317264010796
3.2720000000000002,0.0018137063057547711,-0.04904210218193497,-0.6698395472010056
3.273,0.0017643390960283187,-0.04969231727096985,-0.6305906308687501
3.274,0.0017143415785132031,-0.05030271775926143,-0.5902103457144051
3.275,0.0016637541006255523,-0.0508722380160399,-0.5488301678425301
3.2760000000000002,0.0016126180082886642,-0.05139994665773665,-0.5065871155509726
3.277,0.0015609755090620092,-0.051885051795573366,-0.4636231601224555
3.278,0.0015088695303306322,-0.052326905667180165,-0.42008458309114316
3.279,0.0014563435731888446,-0.05272500861639469,-0.3761213153378976
3.2800000000000002,0.0014034415626863594,-0.05307901238857595,-0.33188622902462067
3.281,0.001350207695136051,-0.053388722712041,-0.28753441790547757
3.282,0.0012966862832099874,-0.053654101140086286,-0.24322243818508027
3.283,0.001242921599574011,-0.053875266131866516,-0.19910754537537106
3.2840000000000003,0.001188957719830712,-0.05405249335473155,-0.1553469003546895
3.285,0.0011348383655558792,-0.05418621519493397,-0.11209678005014717
3.286,0.0010806067482242705,-0.05427701946828304,-0.06951176664800741
3.287,0.0010263054148266278,-0.05432564732700245,-0.027743950790812606
3.2880000000000003,0.0009719760959811419,-0.05433299036396937,0.013057876856972302
3.289,0.0009176595573389967,-0.05430008692032108,0.052749010439606295
3.29,0.0008633954550750701,-0.05422811760753231,0.09118961513792957
3.291,0.0008092221962413728,-0.054118400059862175,0.12824548020233129
3.2920000000000003,0.0007551768047423756,-0.05397238293813232,0.16378876325737546
3.293,0.0007012947936680445,-0.05379163921053003,0.197698691947199
3.294,0.0006476100446923101,-0.05357785874093844,0.2298622472359784
3.295,0.0005941546952119479,-0.053332840219785994,0.26017479506891383
3.2960000000000003,0.000540959033863613,-0.0530584824768837,0.28854069073566974
3.297,0.0004880514050152916,-0.05275677521975908,0.3148738235135832
3.298,0.00043545812278290516,-0.05242978924501372,0.33909812597712974
3.299,0.00038320339507354184,-0.05207966617371289,0.36114801662454665
3.3000000000000003,0.00033130925810407154,-0.05170860776522773,0.38096880034577224
3.301,0.00027979552178807103,-0.05131886486677341,0.39851699656288064
3.302,0.00022867972632539368,-0.050912726058581236,0.4137606198214767
3.303,0.00017797711026774237,-0.05049250605672139,0.42667938389821486
3.3040000000000003,0.00012770059027064179,-0.050060533937479786,0.437264854584991
3.305,7.786075267766647e-05,-0.04961914124847086,0.44552052343286025
3.306,2.8465857017080166e-05,-0.049170650072701744,0.45146182810537383
3.307,-2.047814857538083e-05,-0.048717361112220255,0.4551160928576065
3.3080000000000003,-6.896760006056358e-05,-0.048261541858145275,0.45652241529235627
3.309,-0.00011700107844634777,-0.04780541491342312,0.4557314741519557
3.31,-0.00016457935917003853,-0.04735114653395844,0.45280528477740434
3.311,-0.0002117053501632447,-0.046900835452453896,0.44781687823167265
3.3120000000000003,-0.00025838401891335174,-0.04645650204776024,0.44084993115565063
3.313,-0.0003046223088974416,-0.046020077920419386,0.4319983235260522
3.314,-0.00035042904582403334,-0.04559339593276413,0.4213656517844492
3.315,-0.00039581483417495554,-0.045178180769080256,0.4090646755833024
3.3160000000000003,-0.0004407919445936505,-0.04477604006830962,0.3952167259579825
3.317,-0.00048537419271693893,-0.04438845617826721,0.3799510541268247
3.318,-0.0005295768100944297,-0.04401677857671448,0.36340414897862855
3.319,-0.0005734163078830694,-0.04366221700056494,0.3457190033204471
3.3200000000000003,-0.0006169103340435459,-0.04332583532038814,0.32704435703314605
3.321,-0.0006600775248001805,-0.04300854619288131,0.30753389798050373
3.322,-0.000702937351156368,-0.04271110651949389,0.2873454487943235
3.323,-0.000745509961283414,-0.042434113734598024,0.2666401209974006
3.3240000000000003,-0.0007878160196216501,-0.042178002941874314,0.24558146445001525
3.325,-0.0008298765435488951,-0.04194304491261576,0.22433459406708942
3.326,-0.0008717127384826189,-0.04172934495483171,0.20306532150101433
3.327,-0.00091334583228854,-0.04153684265701048,0.18193927414145386
3.3280000000000003,-0.0009547969098698563,-0.04136531250562197,0.16112102863557196
3.329,-0.0009960867488079221,-0.04121436537050986,0.14077324158864868
3.33,-0.001037235656916998,-0.04108345084764206,0.12105580414695573
3.331,-0.0010782633125628284,-0.04097186044401824,0.10212500310069415
3.332,-0.00111918860857738,-0.04087873158508516,0.08413271476545225
3.333,-0.0011600295005802382,-0.04080305242063128,0.06722561414231636
3.334,-0.0012008028604910959,-0.04074366740108393,0.05154442495240005
3.335,-0.0012415243359876942,-0.04069928359211265,0.03722319299016096
3.336,-0.001282208216629674,-0.04066847769184698,0.024388607541194214
3.337,-0.0013228673073313367,-0.04064970371147846,0.013159353195833754
3.338,-0.001363512809825538,-0.04064130127692396,0.0036455159131753455
3.339,-0.0014041542127171225,-0.040641504506245284,-0.004051974555814814
3.34,-0.0014447991906777087,-0.04064845141492711,-0.009841842807839323
3.341,-0.0014854535132845514,-0.040660193798758654,-0.01364292485525874
3.342,-0.0015261209639549631,-0.04067470754206493,-0.01538456175729784
3.343,-0.0015668032693746138,-0.04068990329723625,-0.015006948585336962
3.344,-0.0016075000397633029,-0.04070363748014157,-0.01246141722532002
3.345,-0.0016482087202657804,-0.04071372352481338,-0.00771067211829898
3.346,-0.0016889245536982024,-0.04071794334003076,-0.0007289583164620246
3.347,-0.0017296405548231297,-0.04071405890982391,0.008497818730165602
3.348,-0.0017703474962679413,-0.04069982397979926,0.01997204131914
3.349,-0.0018110339061433917,-0.04067299577110175,0.033684376075881206
3.35,-0.0018516860773610817,-0.04063134666427831,0.04961383757098682
3.351,-0.0018922880885911425,-0.04057267579584309,0.06772789929946334
3.352,-0.0019328218367446971,-0.04049482051126609,0.08798266985452885
3.353,-0.0019732670808099125,-0.04039566761916431,0.11032311434902614
3.354,-0.0020136014968159255,-0.040273164392861674,0.1346833382562492
3.355,-0.002053800743645895,-0.04012532926707755,0.16098691331199527
3.356,-0.0020938385393690865,-0.039950262179305626,0.1891472622318441
3.357,-0.0021336867477124307,-0.039746154507382905,0.21906808161359412
3.358,-0.002173315474244639,-0.039511298557034585,0.25064381908304617
3.359,-0.0022126931718008855,-0.03924409655545838,0.28376018406936565
3.36,-0.0022517867546334213,-0.03894306910961281,0.3182947076217761
3.361,-0.0022905617207334594,-0.03860686309046419,0.35411733067545614
3.362,-0.0023289822817323708,-0.03823425890735856,0.39109103553579566
3.363,-0.002367011499755807,-0.037824177139514484,0.4290725001523679
3.364,-0.0024046114305729593,-0.03737568449479044,0.4679127892957311
3.365,-0.0024417432723547886,-0.03688799906886868,0.5074580625477908
3.366,-0.002478367519329916,-0.03636049488138646,0.5475503124166617
3.367,-0.0025144441196049837,-0.035792705668749786,0.5880281128566841
3.368,-0.0025499326363976997,-0.03518432791668252,0.6287273912778386
3.369,-0.002584792411915583,-0.034535223119083795,0.6694822039196149
3.37,-0.0026189827331016802,-0.03384541925311008,0.7101255280278097
3.371,-0.0026524629984601826,-0.0331151114638952,0.7504900504019483
3.372,-0.002685192885170073,-0.03234466195588558,0.7904089656172824
3.373,-0.002717132515693546,-0.03153459909106106,0.8297167640317562
3.374,-0.0027482426230880782,-0.03068561569800325,0.8682500220838602
3.375,-0.002778484714236644,-0.029798566599128804,0.9058481756650234
3.376,-0.002807821230219641,-0.02887446536686537,0.9423542888618449
3.3770000000000002,-0.0028362157030645315,-0.027914480322916598,0.9776157990356998
3.378,-0.0028636329081250995,-0.026919929798219534,1.0114852503584264
3.379,-0.002890039011361369,-0.025892276674318503,1.0438209974436357
3.38,-0.0029154017108136755,-0.024833122230294054,1.0744878906052617
3.3810000000000002,-0.0029396903715900313,-0.02374419932241697,1.1033579251489085
3.382,-0.0029628761537146106,-0.022627364926741236,1.130310866202556
3.383,-0.002984932132216927,-0.021484592077892526,1.1552348314948668
3.384,-0.0030058334088759182,-0.020317961240090054,1.1780268441100756
3.3850000000000002,-0.0030255572150705247,-0.019129651149123055,1.1985933378239269
3.386,-0.0030440830052284426,-0.017921929166712695,1.216850626996796
3.387,-0.0030613925404072836,-0.016697141190969215,1.232725324490169
3.388,-0.003077469961587281,-0.015457701169025844,1.2461547193965736
3.3890000000000002,-0.003092301852301819,-0.014206080260050087,1.2570870985549427
3.39,-0.003105877290281188,-0.012944795698688276,1.2654820241686777
3.391,-0.003118187887835925,-0.011676399410786477,1.2713105516349188
3.392,-0.0031292278207587006,-0.01040346643476506,1.2745554004079127
3.3930000000000002,-0.003138993845577705,-0.009128583203244901,1.275211062632409
3.394,-0.0031474853050497166,-0.007854335740777912,1.2732838623015712
3.395,-0.003154704121837208,-0.006583297834204504,1.268791950845244
3.396,-0.003160654780370748,-0.005318019232876255,1.2617652518112539
3.3970000000000002,-0.0031653442969553367,-0.004061013936299624,1.252245341342008
3.398,-0.003168782178236891,-0.0028147486268091534,1.2402852776389344
3.399,-0.003170980368202666,-0.0015816313047405533,1.2259493664982657
3.4,-0.003171953183946573,-0.0003640001830728189,1.209312876837203
3.4010000000000002,-0.003171717240486989,0.0008358871022414576,1.19046169379135
3.402,-0.0031702913649803437,0.0020158639110494413,1.1694919238246178
3.403,-0.0031676965007283097,0.0031738645930176447,1.14650944011179
3.404,-0.0031639556014294813,0.004307934004638593,1.1216293831301065
3.4050000000000002,-0.0031590935161777073,0.005416236498908987,1.0949756054106816
3.406,-0.0031531368657585174,0.006497064339471423,1.066680075714191
3.407,-0.0031461139108419738,0.007548845493615829,1.036882232574622
3.408,-0.003138054412714585,0.008570150761161998,1.0057283025177153
3.4090000000000003,-0.0031289894872343444,0.00955970019931972,0.9733705737977261
3.41,-0.003118951452731217,0.010516368806935596,0.939966641434029
3.411,-0.0031079736726102344,0.011439191435030239,0.9056786147552589
3.412,-0.0030960903934455913,0.012327366894255279,0.8706723036948195
3.4130000000000003,-0.003083336579381499,0.01318026123392926,0.8351163756531448
3.414,-0.00306974774367881,0.01399741017144833,0.799181499384993
3.415,-0.003055359778265445,0.014778520655282519,0.7630394682833851
3.416,-0.0030402087821632083,0.015523471549190749,0.726862319533074
3.4170000000000003,-0.00302433088967363,0.01623231342996634,0.6908214420181057
3.418,-0.003007762099210755,0.01690526749578392,0.6550866896170604
3.419,-0.002990538103669313,0.017542723587098647,0.6198254930124005
3.42,-0.0029726941232123545,0.018145237326817998,0.5852019864263039
3.4210000000000003,-0.0029542647413532334,0.018713526391423523,0.551376142784746
3.422,-0.00293528374519267,0.019248465929702994,0.5185029337741932
3.423,-0.002915783970652556,0.01975108315052445,0.4867315078687137
3.424,-0.0028957971535243632,0.02022255110586144,0.4562044028052664
3.4250000000000003,-0.002875353787121388,0.020664181700089677,0.42705678565121136
3.426,-0.0028544829872908226,0.021077417961040425,0.3994157362502828
3.427,-0.0028332123655039456,0.021463825612713212,0.3733995670952886
3.428,-0.0028115679107007024,0.021825083993772205,0.3491171950226967
3.4290000000000003,-0.002789573880518824,0.022162976369984082,0.326667557401057
3.43,-0.0027672527024876653,0.022479379692333237,0.30613908729724704
3.431,-0.0027446248857134004,0.02277625385619626,0.2876092404287986
3.432,-0.002721708943525358,0.023055630519888133,0.2711440869549502
3.4330000000000003,-0.002698521327493474,0.02331960154387952,0.2567979610278262
3.434,-0.0026750763731644023,0.023570307114263885,0.24461317974090746
3.435,-0.0026513862577991353,0.023809923616269914,0.23461982427114983
3.436,-0.0026274609703283856,0.0240406513252289,0.22683559364681913
3.4370000000000003,-0.002603308293673971,0.024264701983600426,0.22126572309623652
3.438,-0.002578933799515361,0.02448428633361974,0.2179029769423969
3.439,-0.00255434085551079,0.024701601675522985,0.21672770686409604
3.44,-0.0025295306449124146,0.024918819521227355,0.2177079845446449
3.4410000000000003,-0.002504502198445362,0.025138073412877215,0.22079979875507486
3.442,-0.0024792524382514945,0.02536144697485798,0.22594732520644886
3.443,-0.002453776233630845,0.025590962266441555,0.23308325796070464
3.444,-0.0024280664682473914,0.02582856850046557,0.24212921008732763
3.4450000000000003,-0.0024021141184014843,0.02607613119134775,0.25299617167702826
3.446,-0.0023759083419093007,0.02633542179301937,0.2655850316662162
3.447,-0.002349436577070561,0.026608107884460174,0.2797871512153931
3.448,-0.00232268465114976,0.02689574395714191,0.29548499414808355
3.4490000000000003,-0.002295636897743709,0.027199762854960643,0.3125528014893835
3.45,-0.0022682762823595885,0.027521467913280515,0.330857315150359
3.451,-0.002240584535483274,0.02786202583934783,0.35025853698427195
3.452,-0.0022125422923777436,0.028222460371712752,0.37061052774557457
3.4530000000000003,-0.002184129238816065,0.028603646751644913,0.39176223211874334
3.454,-0.002155324261923062,0.02900630703436131,0.41355833331405256
3.455,-0.0021261056052745,0.029431006262762127,0.4358401234875795
3.456,-0.00209645102738252,0.029878149521196926,0.4584463933820177
3.457,-0.0020663379626812994,0.03034797988124445,0.48121432671302944
3.458,-0.0020357436841176024,0.030840577246150157,0.503980403098383
3.459,-0.002004645466446948,0.031355858095158624,0.5265812949185582
3.46,-0.001973020749337608,0.031893576123522074,0.5488547618083391
3.461,-0.0019408472993915095,0.03245332376867461,0.5706405284967239
3.462,-0.001908103370203293,0.033034534607758494,0.5917811496710458
3.463,-0.0018747678595960517,0.0336364866067237,0.6121228482593712
3.464,-0.0018408204631946026,0.034258306196174516,0.6315163306422675
3.465,-0.0018062418235242667,0.03489897314449735,0.649817566003413
3.466,-0.0017710136738548412,0.03555732619435378,0.6668885337094503
3.467,-0.0017351189760454909,0.03623206942434714,0.6825979262772498
3.468,-0.001698542051686409,0.03692177929381653,0.6968218126615261
3.469,-0.0016612687058769234,0.037624912325154365,0.7094442500141495
3.47,-0.0016232863430270064,0.03833981337467931,0.7203578490357359
3.471,-0.0015845840741195054,0.03906472444032233,0.7294642822503015
3.472,-0.0015451528149234511,0.03979779395178648,0.7366747406779971
3.473,-0.0015049853747041927,0.04053708648673047,0.7419103292099787
3.474,-0.001464076535033442,0.04128059285477091,0.7451024068709122
3.475,-0.0014224231183611919,0.042026240489728986,0.746192863045233
3.476,-0.0013800240460715117,0.04277190408963149,0.7451343367597697
3.477,-0.0013368803858050035,0.04351541644338493,0.7418903707471054
3.478,-0.0012929953878918659,0.04425457938289024,0.7364355082635262
3.479,-0.0012483745108006184,0.044987174799604845,0.7287553251656839
3.48,-0.0012030254355682574,0.0457109756651171,0.7188464058588319
3.481,-0.0011569580692375307,0.04642375699633657,0.7067162565801169
3.482,-0.0011101845373858083,0.04712330670710849,0.6923831649637177
3.483,-0.0010627191658873479,0.047807436289812676,0.6758760004446572
3.484,-0.0010145784521062586,0.04847399127236593,0.6572339646618407
3.485,-0.0009657810257709023,0.04912086139834682,0.6365062872999434
3.486,-0.000916347599831507,0.049745990480443814,0.6137518768940392
3.487,-0.000866300911651204,0.05034738588016232,0.5890389225429756
3.488,-0.0008156656549262616,0.05092312756972268,0.5624444565777397
3.489,-0.000764468402773805,0.051471376735190325,0.5340538743575566
3.49,-0.0007127375224646037,0.051990383883212386,0.5039604216865694
3.491,-0.0006605030823144007,0.05247849641719362,0.4722646462758879
3.492,-0.0006077967512796705,0.052934165652267,0.4390738238708656
3.493,-0.0005546516918324957,0.05335595324208266,0.4045013557604366
3.494,-0.0005011024467144128,0.05374253699408305,0.36866614824035854
3.495,-0.00044718482019051977,0.054092716053702875,0.3316919709992909
3.496,-0.0003929357544428653,0.054405415441606125,0.2937068048072185
3.497,-0.0003383932017561633,0.05467968993179788,0.25484217557629935
3.498,-0.00028359599315922336,0.05491472726208206,0.21523248499207612
3.499,-0.00022858370419220553,0.055109850671953564,0.1750143347509347
3.5,-0.00017339651847298016,0.055264520766497155,0.13432585433624603
3.501,-0.0001180750897355843,0.055378336708294534,0.09330602925851442
3.5020000000000002,-6.266040301013405e-05,0.055451036742605965,0.05209403936434599
3.503,-7.1936356066927855e-06,0.05548249806427657,0.0108286039768524
3.504,4.8283981444350925e-05,0.05547273603781085,-0.030352656908292523
3.505,0.00010373130085572252,0.05542190278493232,-0.07131384884876767
3.5060000000000002,0.00015910739482650238,0.05533028515662739,-0.11192140776109326
3.507,0.0002143716884594247,0.05519830210921725,-0.1520446870591962
3.508,0.00026948409026719726,0.05502650150632788,-0.19155651871955115
3.509,0.0003244051192057722,0.054815556370821986,-0.2303337522922427
3.5100000000000002,0.00037909602769754374,0.05456626061272113,-0.268257763909469
3.511,0.0004335189201343948,0.054279524260981045,-0.30521493957070245
3.512,0.0004876368663791733,0.05395636822857592,-0.3410971252395559
3.513,0.0005414140098143687,0.053597918641814665,-0.37580204828294983
3.5140000000000002,0.0005948156695183142,0.053205400766076216,-0.40923370319394753
3.515,0.0006478084361819684,0.052780132561232124,-0.44130270649423753
3.516,0.0007003602614130632,0.05232351790095752,-0.47192661405497427
3.517,0.0007524405401089928,0.05183703949090193,-0.5010302060562033
3.5180000000000002,0.0008040201856150781,0.05132225152126854,-0.5285457332105804
3.519,0.0008550716974206272,0.05078077208982958,-0.5544131296673291
3.52,0.0009055692211813795,0.05021427543167485,-0.5785801866421276
3.521,0.0009554886008933107,0.049624483992187336,-0.6010026923329057
3.5220000000000002,0.0010048074230792781,0.049013160379747296,-0.6216445325471778
3.523,0.0010535050528864335,0.048382099234563214,-0.6404777578209931
3.524,0.001101562662028619,0.047733119049807475,-0.6574826116904865
3.525,0.0011489632485439845,0.04706805398092372,-0.6726475260770112
3.5260000000000002,0.0011956916483736757,0.046388745678459166,-0.6859690788520997
3.527,0.001241734538802543,0.045697035179275466,-0.6974519195153056
3.528,0.0012870804338373319,0.04499475489030266,-0.7071086584303127
3.529,0.001331719671631595,0.044283720698223984,-0.7149597257270454
3.5300000000000002,0.0013756443940995215,0.04356572423762908,-0.721033195462757
3.531,0.0014188485188929738,0.04284252534927549,-0.7253645812444359
3.532,0.0014613277039470976,0.042115844758972086,-0.7279965993623734
3.533,0.0015030793048298246,0.04138735700648208,-0.7289789056176357
3.5340000000000003,0.001544102325159418,0.040658683652704315,-0.7283678019378829
3.535,0.0015843973603817773,0.039931386792014065,-0.7262259194426105
3.536,0.001623966535225424,0.039206962895279335,-0.7226218740268463
3.537,0.00166281343517687,0.038486837007612726,-0.7176299013063739
3.5380000000000003,0.0017009430323423654,0.03777235732337818,-0.7113294671627167
3.539,0.001738361606083735,0.03706479015936043,-0.7038048608727758
3.54,0.0017750766588360543,0.03636531534527817,-0.6951447672917345
3.541,0.0018110968275332363,0.03567502204908617,-0.6854418250922526
3.5420000000000003,0.001846431791084106,0.034994905052653,-0.6747921677740922
3.543,0.0018810921743561834,0.03432586149150193,-0.6632949545280504
3.544,0.0019150894491371017,0.03366868807033477,-0.6510518878062757
3.545,0.0019484358325542997,0.033024078764061104,-0.6381667247410557
3.5460000000000003,0.0019811441834422755,0.032392623011890866,-0.6247447795994217
3.547,0.0020132278971532287,0.031774804410016046,-0.61089242415022
3.548,0.0020447007993113215,0.03117099990616979,-0.5967165835422972
3.549,0.002075577039013012,0.030581479497211152,-0.5823242343749788
3.5500000000000003,0.0021058709819759018,0.030006406428568905,-0.5678219029095141
3.551,0.0021355971041362894,0.02944583789220686,-0.5533151698145808
3.552,0.002164769886191149,0.028899726217512047,-0.5389081795750484
3.553,0.0021934037095735024,0.02836792054719427,-0.5247031610605074
3.5540000000000003,0.002221512754341164,0.027850168988129222,-0.5107999570695878
3.555,0.0022491108994476417,0.027346121224826235,-0.4972955695363817
3.556,0.002276211625850569,0.02685533158102834,-0.48428371805940457
3.557,0.0023028279228975083,0.026377262512850018,-0.4718544182972369
3.5580000000000003,0.002328972198411322,0.02591128851477659,-0.46009357784961447
3.559,0.0023546561928776515,0.025456700417882026,-0.44908261593951315
3.56,0.0023798908981154487,0.025012710057712557,-0.4388981043994252
3.561,0.002404686480788072,0.024578455287534478,-0.42961143595673573
3.5620000000000003,0.002429052211087274,0.02415300531086925,-0.42128851737372847
3.563,0.002452996396895601,0.023735366305784142,-0.41398949279648534
3.564,0.002476526323704465,0.02332448731194323,-0.40776849488533445
3.565,0.0024996482005355224,0.022919266350171708,-0.40267342865770517
3.5660000000000003,0.002522367112082187,0.02251855674315815,-0.3987457853694045
3.567,0.0025446869772562486,0.02212117360496546,-0.3960204910159724
3.568,0.0025666105142919046,0.021725900466347006,-0.3945257862209332
3.569,0.002588139212526159,0.021331496002161807,-0.3942831421494596
3.5700000000000003,0.00260927331094067,0.02093670082685989,-0.39530720845437867
3.571,0.0026300117835160054,0.02054024432381121,-0.397605797642985
3.572,0.0026503523314150216,0.020140851474221504,-0.40117990153642685
3.573,0.002670291381977942,0.01973724965161944,-0.40602374366769267
3.5740000000000003,0.0026898240944778673,0.01932817534823149,-0.4121248631082107
3.575,0.0027089443725520712,0.018912380800176508,-0.4194642330017511
3.576,0.002727644883191789,0.018488640479259084,-0.4280164088330989
3.577,0.0027459170821414274,0.018055757420017627,-0.4377497096498189
3.5780000000000003,0.002763751245527359,0.017612569351844663,-0.44862642669610736
3.579,0.0027811365075069996,0.01715795460743681,-0.4606030621195983
3.58,0.0027980609037008015,0.016690837780167483,-0.4736305924190547
3.581,0.002814511420143248,0.016210195104725232,-0.4876547584654505
3.5820000000000003,0.00283047404746417,0.015715059537118586,-0.502616376747844
3.583,0.0028459338399887553,0.01520452551205209,-0.5184516733851463
3.584,0.002860874979423636,0.014677753357709506,-0.53509263530002
3.585,0.0028752808427775466,0.01413397335011141,-0.5524673798961717
3.586,0.0028891340741483288,0.01357248939145291,-0.5705005374208292
3.587,0.0029024166599935686,0.01299268229902658,-0.5891136474318337
3.588,0.002915110007489956,0.012394012693748412,-0.6082255631245017
3.589,0.002927195025576626,0.011776023479591358,-0.6277528651896076
3.59,0.0029386522082702547,0.011138341907666532,-0.6476102786600453
3.591,0.0029494617198345782,0.010480681220980585,-0.667711094711849
3.592,0.0029596034813842197,0.009802841878302476,-0.6879675906443704
3.593,0.0029690572585023157,0.009104712357889674,-0.7082914501812326
3.594,0.00297780274945327,0.008386269544020108,-0.7285941775578981
3.595,0.0029858196735760407,0.007647578701521649,-0.7487875074390203
3.596,0.0029930878594495794,0.00688879304555598,-0.7687838044923194
3.597,0.0029995873324303326,0.0061101529159502885,-0.7884964547190635
3.598,0.003005298401171922,0.005311984567228534,-0.8078402427244452
3.599,0.003010201742749184,0.00449469858729491,-0.8267317171428028
3.6,0.0030142784860225313,0.0036587879593994225,-0.8450895386481724
3.601,0.003017510292893941,0.002804825783420259,-0.8628348133101541
3.602,0.003019879437122607,0.001933462673910815,-0.8798914057087341
3.603,0.003021368880386397,0.0010454238536695818,-0.8961862347737318
3.604,0.0030219623452944445,0.00014150596242583607,-0.9116495477137596
3.605,0.0030216443850762972,-0.0007774263987208342,-0.9262151745795811
3.606,0.0030204004496940545,-0.0017104443657643658,-0.9398207595074821
3.607,0.003018216948145533,-0.0026565587312784695,-0.9524079715207243
3.608,0.0030150813067485963,-0.003614724062593793,-0.9639226911099222
3.609,0.0030109820232192388,-0.0045838429961212995,-0.9743151759450903
3.61,0.0030059087163786333,-0.005562770685089862,-0.9835402019920361
3.611,0.00299985217134706,-0.006550319378056619,-0.9915571839414771
3.612,0.002992804380105181,-0.007545263105702171,-0.9983302713496272
3.613,0.0029847585773255005,-0.008546342453659202,-1.003828424564438
3.614,0.002975709271398854,-0.009552269399634543,-1.0080254673862432
3.615,0.002965652270602294,-0.01056173219348576,-1.0109001203161896
3.616,0.0029545847043757636,-0.011573400259575609,-1.0124360118635083
3.617,0.0029425050396952317,-0.012585929101488274,-1.0126216719618215
3.618,0.00292941309254957,-0.013597965189834724,-1.0114505047310802
3.619,0.0029153100345472565,-0.014608150814792067,-1.0089207451836073
3.62,0.0029001983946968964,-0.015615128885927677,-1.0050353970876125
3.621,0.002884082056422583,-0.01661754766269967,-0.9998021564563682
3.622,0.002866966249891206,-0.017614065400054828,-0.993233318253947
3.623,0.002848857539743939,-0.018603354894479923,-0.9853456705962439
3.624,0.0028297638083382695,-0.019584107916858433,-0.976160374160778
3.625,0.002809694234620141,-0.02055503951939762,-0.9657028309175975
3.626,0.002788659268757949,-0.02151489220498791,-0.9540025402629824
3.6270000000000002,0.0027666706026813932,-0.02246243994812333,-0.9410929460078566
3.628,0.0027437411366785505,-0.023396492057562043,-0.927011272869568
3.629,0.002719884942213916,-0.024315896871707193,-0.9117983554207318
3.63,0.0026951172211387817,-0.025219545278561125,-0.8954984582871333
3.6310000000000002,0.0026694542614730584,-0.02610637405288521,-0.8781590903610408
3.632,0.00264291338994464,-0.026975369003950943,-0.8598308117704193
3.633,0.002615512921478694,-0.027825567927941035,-0.8405670362097664
3.634,0.0025872721058348624,-0.028656063359722074,-0.820423827352313
3.6350000000000002,0.0025582110715953355,-0.029466005119332107,-0.79945969186775
3.636,0.0025283507677111897,-0.030254602648959367,-0.7777353673867703
3.637,0.0024977129028182885,-0.03102112713684277,-0.7553136083800341
3.638,0.0024663198825374544,-0.031764913424825375,-0.7322589675851828
3.6390000000000002,0.00243419474497666,-0.032485361696763145,-0.7086375762903673
3.64,0.002401361094655591,-0.033181938945374405,-0.6845169209321612
3.641,0.002367843035075197,-0.03385418021541282,-0.659965619144668
3.642,0.002333665100156814,-0.03450168962135334,-0.6350531927363744
3.6430000000000002,0.00229885218477709,-0.035124141138094304,-0.6098498407455563
3.644,0.0022634294746263295,-0.035721279163426385,-0.5844262099186088
3.645,0.0022274223756189623,-0.03629291885130755,-0.5588531658437237
3.646,0.0021908564430857085,-0.03683894621520057,-0.5332015619423155
3.6470000000000002,0.0021537573109776014,-0.03735931800101283,-0.5075420096822086
3.648,0.002116150621312326,-0.03785406132953772,-0.4819446473675654
3.649,0.0020780619540933395,-0.03832327310843528,-0.4564789104275581
3.65,0.0020395167579319957,-0.03876711921425191,-0.4312133012057001
3.6510000000000002,0.002000540281602239,-0.03918583344526178,-0.4062151608140417
3.652,0.0019611575067564526,-0.03957971624631074,-0.3815504412838697
3.653,0.0019213930820296537,-0.0399491332072871,-0.3572834806688639
3.654,0.0018812712587573635,-0.040294513337293315,-0.3334767793435545
3.6550000000000002,0.0018408158285301679,-0.04061634711709805,-0.3101907802659081
3.656,0.0018000500628050998,-0.0409151843330383,-0.2874836516145894
3.657,0.0017589966547905175,-0.041191631696126337,-0.2654110745614837
3.658,0.0017176776638170492,-0.04144635025081021,-0.24402603480626286
3.6590000000000003,0.0016761144624024007,-0.04168005257848672,-0.2233786205467539
3.66,0.0016343276862123234,-0.041893499801667816,-0.20351582581544808
3.661,0.0015923371871137393,-0.04208749839550062,-0.1844813618501543
3.662,0.0015501619895089199,-0.04226289681413849,-0.16631547542557015
3.6630000000000003,0.0015078202501316686,-0.04242058194036416,-0.1490547770257721
3.664,0.0014653292214776023,-0.042561475367768484,-0.13273207778287344
3.665,0.0014227052190308653,-0.042686529525705404,-0.11737623809096963
3.666,0.0013799635924389268,-0.042796723658171346,-0.10301202684091633
3.6670000000000003,0.0013371187007754641,-0.04289305966875404,-0.0896599943244735
3.668,0.0012941838920187442,-0.04297655784468553,-0.0773363575384932
3.669,0.001251171486859391,-0.0430482524740208,-0.06605290113204085
3.67,0.0012080927669369378,-0.043109187370885774,-0.05581689259791373
3.6710000000000003,0.0011649579675891966,-0.043160411324597095,-0.046631014824732246
3.672,0.0011217762751822157,-0.04320297348936476,-0.03849331471060452
3.673,0.0010785558290714997,-0.04323791873206712,-0.03139717069410881
3.674,0.0010353037282272923,-0.043266282956347824,-0.025331277867295107
3.6750000000000003,0.0009920260425381243,-0.04328908842198849,-0.02027965341404711
3.676,0.000948727828787576,-0.04330733907910809,-0.016221660825149586
3.677,0.0009054131512793936,-0.04332201593725646,-0.013132055471583417
3.678,0.000862085107065802,-0.0433340724899267,-0.010981049868894331
3.6790000000000003,0.0008187458557131775,-0.04334443021532246,-0.009734400922620593
3.68,0.0007753966535182906,-0.04335397417445147,-0.009353517335404434
3.681,0.0007320378920672154,-0.04336354872769898,-0.009795589159612178
3.682,0.0006886691410078444,-0.04337395339104304,-0.011013737528504954
3.6830000000000003,0.0006452891948858666,-0.043385938852912635,-0.01295718621069055
3.684,0.0006018961238731938,-0.04340020317243287,-0.01557145282978154
3.685,0.0005584873281972877,-0.04341738817937941,-0.018798561063299014
3.686,0.0005150595960597797,-0.043438076095636644,-0.022577271451171638
3.6870000000000003,0.0004716091648133205,-0.04346278639728161,-0.026843331838755327
3.688,0.0004281317851468793,-0.04349197293560063,-0.03152974479930055
3.689,0.0003846227880118739,-0.04352602133441017,-0.03656705281979608
3.69,0.0003410771540046734,-0.04356524667999092,-0.04188363834170997
3.6910000000000003,0.0002974895849053053,-0.04360989151874532,-0.04740603916709556
3.692,0.00025385457705773815,-0.043660124176388954,-0.05305927612016013
3.693,0.00021016649626401758,-0.04371603741105222,-0.058767193206368654
3.694,0.0001664196538529152,-0.043777647411152545,-0.06445280699428997
3.6950000000000003,0.0001226083835737031,-0.04384489314727166,-0.0700386652439557
3.696,7.872711895728476e-05,-0.04391763608556501,-0.07544721134273889
3.697,3.4770470780281784e-05,-0.043995660268440935,-0.08060115440910544
3.698,-9.266695737142815e-06,-0.044078672766408256,-0.08542384152553721
3.6990000000000003,-5.33891843718855e-05,-0.04416630450307712,-0.08983963181219055
3.7,-9.760139235010613e-05,-0.04425811145336411,-0.09377426876179278
3.701,-0.00014190723618327526,-0.0443535762129742,-0.09715525045837908
3.702,-0.00018631007925738746,-0.044452109935250235,-0.09991219409369015
3.7030000000000003,-0.00023081266153975746,-0.04455305462948971,-0.10197719438526473
3.704,-0.00027541703176092855,-0.04465568581285247,-0.1032851723402603
3.705,-0.00032012448242037006,-0.04475921550603063,-0.10377421401606116
3.706,-0.00036493548795385743,-0.04486279556094415,-0.10338589581097721
3.7070000000000003,-0.0004098496463877539,-0.04496552130684882,-0.10206559599836222
3.708,-0.0004548656247909097,-0.04506643549946272,-0.09976278922945367
3.709,-0.0004999811088186314,-0.045164532555980776,-0.0964313238066569
3.71,-0.0005451927566252313,-0.045258763057219015,-0.09202967866982129
3.7110000000000003,-0.0005904961574021349,-0.04534803849658797,-0.0865212000680947
3.712,-0.0006358857947775154,-0.04543123625417304,-0.07987431510203516
3.713,-0.0006813550152910427,-0.045507204772881595,-0.07206272231508723
3.714,-0.0007268960021337073,-0.0455747689124477,-0.06306555681713931
3.715,-0.0007724997543179342,-0.04563273545600605,-0.05286753029956509
3.716,-0.000818156071417475,-0.045679898743075265,-0.04145904383886078
3.717,-0.0008638535439900119,-0.04571504640199842,-0.02883627400745611
3.718,-0.0009095795497681536,-0.045736965154284936,-0.015001230565572133
3.719,-0.0009553202556767196,-0.045744446662846903,3.821344163621213e-05
3.72,-0.0010010606257060404,-0.04573629339579493,0.01626832066230962
3.721,-0.0010467844346426017,-0.0457113244773277,0.033669516272138995
3.722,-0.0010924742876299038,-0.04566838149727661,0.05221644383005295
3.723,-0.0011381116455040313,-0.04560633425097847,0.071878048766231
3.724,-0.001183676855820274,-0.045524086381506845,0.09261769017703494
3.725,-0.001229149189459404,-0.045420580896753125,0.11439327933041524
3.726,-0.0012745068826750074,-0.045294805534453995,0.13715744526785584
3.727,-0.0013197271844167374,-0.04514579794900576,0.1608577256286258
3.728,-0.0013647864087386412,-0.04497265069480159,0.1854367827797067
3.729,-0.001409659992076969,-0.04477451598185416,0.2108326431151318
3.73,-0.001454322555158182,-0.044550610180572374,0.2369789594484337
3.731,-0.0014987479692753856,-0.04430021805383454,0.2638052940272316
3.732,-0.0015429094266502118,-0.044022696695817855,0.2912374220061523
3.733,-0.001586779514577392,-0.043717479158542565,0.31919765254443233
3.734,-0.0016303302930309503,-0.04338407774857476,0.34760516739119
3.735,-0.0016735333753942036,-0.04302208697793199,0.376376373894343
3.736,-0.0017163600119606513,-0.0426311861549635,0.4054252720426332
3.737,-0.0017587811758394563,-0.04221114160264678,0.43466383259080266
3.738,-0.0018007676508875632,-0.04176180849356692,0.46400238556890927
3.739,-0.001842290121280643,-0.0412831322925925,0.49335001637993003
3.74,-0.0018833192623270351,-0.04077514980019185,0.5226149684213774
3.741,-0.0019238258321226868,-0.040237989791111255,0.5517050497398044
3.742,-0.001963780763640751,-0.039671873245016816,0.5805280424490632
3.743,-0.002003155256847065,-0.03907711316761085,0.608992112362858
3.744,-0.0020419208704321413,-0.03845411400254229,0.6370062177742728
3.745,-0.0020800496127515436,-0.037803370636261824,0.6644805147866617
3.746,-0.0021175140315695816,-0.037125466999814304,0.6913267581083764
3.747,-0.0021542873022061555,-0.036421074273333943,0.71745869485235
3.748,-0.0021903433136931817,-0.03569094870071783,0.7427924503798766
3.749,-0.0022256567525553855,-0.034935929023689756,0.7672469036762669
3.75,-0.0022602031838402604,-0.03415693354606045,0.7907440515823487
3.751,-0.0022939591290335954,-0.03335495684061012,0.813209359318305
3.7520000000000002,-0.002326902140510164,-0.032531066112527436,0.8345720968470616
3.753,-0.0023590108721838325,-0.03168639723480949,0.8547656585888331
3.754,-0.002390265146037427,-0.030822150472378906,0.8737278662723391
3.755,-0.002420646014230126,-0.029939585913020105,0.8914012524452641
3.7560000000000002,-0.0024501358164988715,-0.029040018624471062,0.9077333246528219
3.757,-0.0024787182325901732,-0.028124813558132254,0.9226768080247948
3.758,-0.0025063783294797183,-0.027195380220957615,0.936189866324481
3.759,-0.002533102603159237,-0.026253167138080142,0.9482362994304614
3.7600000000000002,-0.0025588790147930756,-0.025299656129596525,0.9587857175367676
3.761,-0.0025836970210707717,-0.024336356425795073,0.9678136900661335
3.762,-0.002607547598606571,-0.02336479864580339,0.9753018699172312
3.763,-0.002630423262262104,-0.022386528665263104,0.981238091163334
3.7640000000000002,-0.002652318077294348,-0.021403101399224213,0.9856164409144472
3.765,-0.0026732276652573724,-0.020416074526824705,0.9884373038845731
3.766,-0.0026931492036131573,-0.019427002184744236,0.9897073802763654
3.767,-0.002712081419033859,-0.01843742865665913,0.9894396758938516
3.7680000000000002,-0.002730024574405205,-0.017448882086032503,0.987653465359405
3.769,-0.0027469804495680794,-0.016462868239716568,0.9843742272724706
3.77,-0.002762952315862815,-0.015480864349754686,0.9796335526512973
3.771,-0.0027779449045680043,-0.014504313060624469,0.9734690256091373
3.7720000000000002,-0.0027919643693527993,-0.013534616508965903,0.9659240777079929
3.773,-0.0028050182428885047,-0.012573130562445752,0.9570478153323123
3.774,-0.0028171153877917434,-0.011621159244031537,0.946894821496118
3.775,-0.002828265942097406,-0.010679949367293813,0.9355249319793307
3.7760000000000002,-0.0028384812594849517,-0.009750685407796587,0.9230029870151222
3.777,-0.0028477738445062827,-0.00883448463486551,0.9093985588470324
3.778,-0.0028561572830872557,-0.00793239252708118,0.894785656721624
3.779,-0.0028636461685977725,-0.007045378493952446,0.8792424095358451
3.7800000000000002,-0.0028702560238073106,-0.006174331925123637,0.8628507281217728
3.781,-0.002876003219063514,-0.005320058587283631,0.8456959475582387
3.782,-0.0028809048870509896,-0.004483277387667453,0.8278664516741182
3.783,-0.0028849788345056498,-0.0036646175216530847,0.8094532803546182
3.7840000000000003,-0.002888243451276713,-0.0028646160204736978,0.7905497220041559
3.785,-0.002890717617143702,-0.00208371571350477,0.7712508919336996
3.786,-0.002892420606809375,-0.0013222636178407837,0.7516532993942731
3.787,-0.002893371993501405,-0.0005805097662183191,0.731854403850656
3.7880000000000003,-0.0028935915516257343,0.0001413935175596404,0.711952163705263
3.789,-0.00289309915892268,0.0008433918885490295,0.6920445782735152
3.79,-0.0028919146985830996,0.001525528790611782,0.6722292258519896
3.791,-0.0028900579617861673,0.0021879448032528694,0.6526027994301856
3.7920000000000003,-0.002887548551122348,0.0028308765243853233,0.6332606428347225
3.793,-0.0028844057853651336,0.0034546549900430833,0.6142962884807973
3.794,-0.002880648606052867,0.004059703634489463,0.5958010004119627
3.795,-0.002876295486337484,0.004646535796277051,0.5778633231632129
3.7960000000000003,-0.0028713643425502837,0.005215751778122735,0.5605686405281554
3.797,-0.0028658724489258273,0.005768035470789725,0.5439987448058248
3.798,-0.0028598363559137717,0.006304150553321866,0.5282314202584572
3.799,-0.002853271812494939,0.006824936284343689,0.51334004178519
3.8000000000000003,-0.002846193692902089,0.007331302901355977,0.49939319223938466
3.801,-0.002838615928127883,0.007824226647054731,0.48645429915812366
3.802,-0.0028305514425823954,0.00830474444392083,0.474581294574076
3.803,-0.0028220120962402363,0.008773948240397561,0.46382629837938927
3.8040000000000003,-0.0028130086325930982,0.009232979053878165,0.45423532858181825
3.805,-0.002803550632697312,0.009683020737694158,0.4458480390501694
3.806,-0.0027936464755779844,0.010125293500961197,0.43869748748390963
3.807,-0.0027833033052215195,0.010561047211968861,0.4328099345314219
3.8080000000000003,-0.0027725270043569756,0.010991554517119426,0.42820467576970894
3.809,-0.002761322175193979,0.011418103808873717,0.42489390773887364
3.81,-0.002749692127250834,0.011841992077416328,0.4228826293463502
3.811,-0.0027376388723712977,0.012264517681657174,0.42216857913534284
3.8120000000000003,-0.002725163126992369,0.012686973076200389,0.42274220995108397
3.813,-0.0027122643216885853,0.013110637531366515,0.4245867003811659
3.814,-0.002698940617980903,0.013536769883998023,0.42767800488184793
3.815,-0.0026851889323604356,0.013966601356937105,0.4319849409963162
3.8160000000000003,-0.002671004967439438,0.014401328485058927,0.4374693152473265
3.817,-0.002656383250104055,0.014842106185706994,0.44408608604880556
3.818,-0.002641317176505804,0.015290041010794715,0.45178356412663484
3.819,-0.0026257990636917167,0.015746184617379873,0.4605036490436792
3.8200000000000003,-0.0026098202076367534,0.016211527492546604,0.4701821012897816
3.821,-0.0025933709474067574,0.01668699296744537,0.48074884850775373
3.822,-0.002576440735146003,0.017173431554063683,0.4921283247288709
3.823,-0.002559018211550604,0.01767161563673388,0.504239840611519
3.8240000000000003,-0.0025410912864578432,0.01818223454878801,0.516997983496738
3.825,-0.0025226472241520583,0.018705890062781786,0.530313044490808
3.826,-0.0025036727329603003,0.019243092320734678,0.5440914714149724
3.827,-0.0024841540586857066,0.019794256228452132,0.558236344019937
3.8280000000000003,-0.002464077081403613,0.020359698335735303,0.5726478705464101
3.829,-0.0024434274151249563,0.02093963422157767,0.5872239011383266
3.83,-0.002422190509813791,0.021534176400752395,0.6018604572111155
3.831,-0.0024003517552306382,0.02214333276555287,0.6164522723898266
3.8320000000000003,-0.002377896586061221,0.022767005573281193,0.6308933430668205
3.833,-0.0023548105877809642,0.023404990987231162,0.6450774848331217
3.834,-0.0023310796026994344,0.02405697917582879,0.6588988923621394
3.835,-0.0023066898356258036,0.02472255497143302,0.6722526988463186
3.8360000000000003,-0.0022816279585964735,0.025401199087227083,0.6850355327418006
3.837,-0.0022558812141091488,0.02609228988742183,0.697146067647695
3.838,-0.002229437516313978,0.026795105702919216,0.7084855633470707
3.839,-0.002202285549621771,0.02750882768149548,0.7189583938054592
3.84,-0.002174414864201762,0.028232543158521188,0.728472560245953
3.841,-0.0021458159678568716,0.028965249531259802,0.7369401852312735
3.842,-0.002116480413782767,0.029705858616948456,0.744277986146032
3.843,-0.0020864008837382236,0.03045320147213831,0.7504077242336744
3.844,-0.0020555712661780995,0.03120603364811068,0.7552566277110665
3.845,-0.002023986728926665,0.031963040854759275,0.7587577855861226
3.846,-0.0019916437859977968,0.03272284500297716,0.7608505108496492
3.847,-0.0019585403581995446,0.03348401059352675,0.7614806702495296
3.848,-0.0019246758271935995,0.034245051418363655,0.760600979424272
3.849,-0.001890051082715066,0.03500443753870335,0.7581712612551208
3.85,-0.0018546685626944105,0.03576060250260749,0.754158666553159
3.851,-0.0018185322860613555,0.03651195076350271,0.7485378552372678
3.852,-0.0017816478780495791,0.03725686526005008,0.741291137857482
3.853,-0.0017440225878610966,0.03799371511691514,0.7324085758726468
3.854,-0.0017056652985899437,0.03872086342539056,0.7218880410781893
3.855,-0.001666586529345998,0.03943667506250022,0.7097352331411293
3.856,-0.00162679842956123,0.040139524507036166,0.6959636559307593
3.857,-0.0015863147655021171,0.04082780361118985,0.6805945523766046
3.858,-0.0015451508990531554,0.04149992928673395,0.6636567987115781
3.859,-0.0015033237588771172,0.042154351065342745,0.6451867585060088
3.86,-0.001460851804097712,0.04278955849346741,0.6252280977433153
3.861,-0.0014177549806893815,0.04340408832319326,0.6038315617083712
3.862,-0.0013740546707968835,0.04399653146180238,0.5810547155098716
3.863,-0.0013297736352438662,0.0445655396442319,0.5569616493491689
3.864,-0.001284935949524647,0.04510983179420654,0.5316226506001113
3.865,-0.0012395669336066908,0.04562820004170547,0.5051138443977591
3.866,-0.001193693075902617,0.04611951536644172,0.4775168050747204
3.867,-0.0011473419517998387,0.046582732839115064,0.44891814027197185
3.868,-0.0011005421371630205,0.047016896434521435,0.419409050540777
3.869,-0.0010533231172492415,0.047421143393036734,0.38908486648982255
3.87,-0.001005715191497984,0.047794708109478015,0.3580445663927357
3.871,-0.0009577493746777715,0.04813692553094701,0.3263902765452513
3.872,-0.0009094572948883041,0.048447234047987765,0.2942267575362447
3.873,-0.0008608710889312526,0.04872517786611522,0.2616608787186591
3.874,-0.0008120232955744227,0.04897040884754459,0.22880108414007247
3.875,-0.0007629467472427535,0.049182687815793685,0.19575685235812504
3.876,-0.000713674460675526,0.04936188531866109,0.16263815337669932
3.8770000000000002,-0.0006642395270922562,0.04950798184787851,0.12955490505813966
3.878,-0.0006146750024100288,0.049621067516576293,0.09661643233742917
3.879,-0.0005650137980525073,0.049701341198466906,0.0639309314438003
3.88,-0.0005152885728856002,0.04974910913534718,0.03160494231673796
3.8810000000000002,-0.00046553162680681363,0.04976478302222606,-0.00025716855897588587
3.882,-0.00041577479650472523,0.04974887758195083,-0.03155371199148783
3.883,-0.0003660493538918954,0.04970200764370889,-0.06218616449240094
3.884,-0.00031638590769893845,0.049624884742205035,-0.09205963851530927
3.8850000000000002,-0.0002668143086995396,0.04951831325659269,-0.12108333270936411
3.886,-0.0002173635590160255,0.049383186110435504,-0.14917095960501722
3.887,-0.00016806172593279549,0.04922048005602455,-0.17624114921689507
3.888,-0.00011893586062063644,0.049031250568293556,-0.20221782624509502
3.8890000000000002,-7.001192214880614e-05,0.04881662637536704,-0.22703055960795307
3.89,-2.1314707133927395e-05,0.048577803654390454,-0.25061488234521445
3.891,2.713221465466008e-05,0.04831603992278448,-0.2729125808667285
3.892,7.53065584442419e-05,0.04803264765637915,-0.29387195194393245
3.8930000000000002,0.00012318737610595234,0.047728987667041735,-0.3134480267308986
3.894,0.0001707551010761779,0.047406462273409354,-0.3316027605338577
3.895,0.00021799158636246374,0.04706650829916237,-0.34830518796011944
3.896,0.0002648801354790097,0.0467105899339294,-0.36353154250582315
3.8970000000000002,0.0003114055261921802,0.04634019149241159,-0.37726534052979394
3.898,0.0003575540269921978,0.045956810107623536,-0.38949742904631474
3.899,0.00040331340624316094,0.045561948394302706,-0.40022599759533817
3.9,0.00044867293399957327,0.04515710711852198,-0.40945655396610753
3.9010000000000002,0.0004936233765135081,0.044743777909347485,-0.41720186438287155
3.902,0.0005381569834922057,0.04432343604804768,-0.4234818582167411
3.903,0.0005822674682011495,0.04389753336983999,-0.4283234981986379
3.904,0.0006259499805423177,0.04346749131249621,-0.4317606164888996
3.9050000000000002,0.0006692010732712191,0.04303469414530645,-0.43383371789062
3.906,0.0007120186615493355,0.042600482410926205,-0.43458975086988444
3.907,0.0007544019760605648,0.04216614661153225,-0.4340818479180269
3.908,0.0007963515099510434,0.04173292116942499,-0.4323690362964945
3.9090000000000003,0.0008378689598811858,0.04130197869086001,-0.4295159208334585
3.91,0.0008789571615067905,0.0408744245603493,-0.42559234018796865
3.911,0.0009196200197324901,0.04045129189104977,-0.4206729984110984
3.912,0.0009598624341055667,0.04003353685510337,-0.41483707348169535
3.9130000000000003,0.0009996902197410699,0.039622034415902646,-0.40816780491976146
3.914,0.0010391100241902006,0.039217574482358686,-0.40075206216816345
3.915,0.001078129240682951,0.038820858503142104,-0.3926798962649933
3.916,0.0011167559181928988,0.038432496516753796,-0.38404407651161687
3.9170000000000003,0.0011549986687868184,0.03805300467108542,-0.3749396148251388
3.918,0.0011928665727342894,0.037682803223856164,-0.3654632796333655
3.919,0.0012303690818627044,0.03732221503297357,-0.35571310213181795
3.92,0.0012675159216509425,0.03697146454350231,-0.3457878768106957
3.9210000000000003,0.0013043169925604557,0.036630677275523583,-0.3357866591467509
3.922,0.0013407822711055874,0.03629987981473977,-0.32580826242086897
3.923,0.001376921711165568,0.035979000305221505,-0.3159507566156573
3.924,0.0014127451460387924,0.035667869441226976,-0.3063109713734075
3.9250000000000003,0.0014482621917357304,0.03536622195264904,-0.29698400578246525
3.926,0.0014834821520001385,0.0350736985761674,-0.28806274718080854
3.927,0.0015184139255391058,0.03478984850176689,-0.2796374016202019
3.928,0.0015530659159310066,0.03451413228203488,-0.2717950378438127
3.9290000000000003,0.0015874459446666462,0.03424592518924414,-0.264619147737657
3.93,0.0016215611677627957,0.03398452100305492,-0.2581892246407721
3.931,0.0016554179963690833,0.03372913620952021,-0.25258036242866566
3.932,0.00168902202176882,0.033478914589953,-0.24786287670574833
3.9330000000000003,0.0017223779451519608,0.03323293217632868,-0.24410195054288505
3.934,0.001755489512514094,0.032990202547937095,-0.2413573062402797
3.935,0.001788359455009232,0.03274968244233863,-0.23968290495664388
3.936,0.0018209894350564035,0.032510277652004746,-0.23912667571112547
3.9370000000000003,0.0018533799984707,0.032270849176588366,-0.23973027512162054
3.938,0.0018855305328587054,0.032030219599421844,-0.24152887921141625
3.939,0.0019174392324862414,0.031787179655649686,-0.24455100833289556
3.94,0.0019491030697932827,0.031540494958432745,-0.2488183861009793
3.9410000000000003,0.0019805177736968885,0.031288912848779715,-0.25434583320508275
3.942,0.002011677814788249,0.031031169333941337,-0.26114119647167006
3.943,0.0020425763974945953,0.03076599607875146,-0.269205313908079
3.944,0.0020732054592410127,0.030492127414083227,-0.2785320154283832
3.9450000000000003,0.0021035556766112557,0.030208307326402447,-0.2891081599331754
3.946,0.0021336164784707214,0.029913296392528963,-0.3009137078137919
3.947,0.0021633760659789765,0.029605878623981226,-0.31392182928167983
3.948,0.0021928214393838225,0.029284868185710626,-0.32809904725952316
3.9490000000000003,0.0022219384314540423,0.028949115954729515,-0.34340541470269964
3.95,0.00225071174737387,0.028597515884926313,-0.35979472490370634
3.951,0.0022791250108890656,0.02822901114546503,-0.3772147540188632
3.952,0.0023071608164624336,0.02784260000127116,-0.3956075343688789
3.9530000000000003,0.0023348007871658518,0.02743734140556542,-0.41490965704259686
3.954,0.002362025638006606,0.027012360275944072,-0.4350526022000921
3.955,0.002388815244358145,0.02656685242713466,-0.4559630954187329
3.956,0.002415148715139477,0.02610008913552945,-0.47756348779169167
3.9570000000000003,0.0024410044703635004,0.025611421312517056,-0.4997721582330931
3.958,0.002466360322652638,0.025100283265757736,-0.5225039352855445
3.959,0.0024911935623004302,0.024566196029826463,-0.5456705365770038
3.96,0.0025154810454403377,0.02400877024998789,-0.5691810231001392
3.9610000000000003,0.0025391992848679563,0.0234277086052496,-0.5929422663764409
3.962,0.0025623245430503047,0.022822807759447297,-0.6168594252281626
3.963,0.0025848329268458475,0.022193959831637158,-0.6408364303921148
3.964,0.0026067004834514984,0.021541153379664706,-0.6647764735527831
3.9650000000000003,0.002627903297088059,0.020864473893456817,-0.6885824988629913
3.966,0.0026484175859334495,0.02016410379732445,-0.7121576934017436
3.967,0.0026682197988136687,0.019440321963114293,-0.7354059750185663
3.968,0.0026872867111645943,0.018693502738736992,-0.7582324737360344
3.969,0.002705595519783597,0.017924114499268923,-0.7805440052001039
3.97,0.0027231239358983983,0.017132717730333785,-0.8022495326701709
3.971,0.0027398502760915544,0.016319962655978,-0.8232606160413977
3.972,0.002755753550632397,0.015486586425707268,-0.8434918445000686
3.973,0.0027708135487840855,0.01463340987766938,-0.8628612515757065
3.974,0.0027850109206715022,0.013761333897163776,-0.8812907094354994
3.975,0.002798327255315996,0.012871335391823502,-0.8987063012450476
3.976,0.0028107451544652595,0.01196446290670398,-0.9150386689939956
3.977,0.0028222483018708043,0.011041831904385825,-0.9302233356423123
3.978,0.0028328215276914367,0.010104619736879135,-0.944200999371067
3.979,0.002842450867728658,0.009154060337563191,-0.9569177992608182
3.98,0.0028511236172288337,0.008191438662788274,-0.9683255502890149
3.981,0.0028588283790171574,0.007218084913859198,-0.9783819475691374
3.982,0.002865555105759637,0.006235368571099699,-0.9870507379498609
3.983,0.0028712951361814735,0.005244692272573439,-0.9943018591026576
3.984,0.002876041225102955,0.0042474855703894645,-1.0001115452652902
3.985,0.002879787567187214,0.0032451985981272647,-1.0044623992591093
3.986,0.002882529814327786,0.002239295683016701,-1.0073434309620182
3.987,0.0028842650866375214,0.0012312489364539948,-1.0087500621633942
3.988,0.002884991977033908,0.00022253185632013274,-1.0086840981043297
3.989,0.002884710549449125,-0.0007853870258856559,-1.0071536663072476
3.99,0.0028834223307258626,-0.0017910504206383408,-1.0041731231981221
3.991,0.0028811302962920412,-0.002793018447004008,-0.9997629295332119
3.992,0.0028778388497387956,-0.003789874659487287,-0.9939494954333459
3.993,0.0028735537964563003,-0.004780231905503184,-0.9867649965984466
3.994,0.0028682823115110455,-0.005762737985005682,-0.978247162406549
3.995,0.0028620329019759115,-0.0067360810852611945,-0.9684390381044775
3.996,0.0028548153639506306,-0.0076989949653001235,-0.9573887219733795
3.997,0.0028466407345348675,-0.00865026386622525,-0.9451490798768709
3.998,0.002837521239039086,-0.009588727125338084,-0.9317774383487958
3.999,0.0028274702337394743,-0.010513283473884664,-0.9173352587443646
4.0,0.0028165021445024216,-0.01142289500022102,-0.901887793928349
4.001,0.002804632401621184,-0.012316590762253918,-0.885503730137447
4.002,0.0027918773712225517,-0.013193470035009952,-0.868254815374621
4.003,0.002778254283614324,-0.014052705181446204,-0.8502154774978828
4.0040000000000004,0.0027637811589552516,-0.014893544136698272,-0.8314624330062533
4.005,0.002748476730637816,-0.01571531249817312,-0.8120742899434398
4.006,0.0027323603667806415,-0.016517415216175647,-0.7921311460616153
4.007,0.0027154519902316803,-0.01729933788174566,-0.7717141850784105
4.008,0.002697771997485429,-0.018060647610756108,-0.7509052729424862
4.009,0.002679341176917356,-0.0188009935253902,-0.729786556325699
4.01,0.0026601806267366208,-0.019520106836081002,-0.708440065055907
4.011,0.00264031167305398,-0.020217800529200667,-0.6869473211834194
4.0120000000000005,0.00261975578845555,-0.02089396866765952,-0.6653889557342886
4.013,0.0025985345114650227,-0.021548585313394607,-0.6438443357358881
4.014,0.0025766693672669874,-0.02218170308267548,-0.6223912028258588
4.015,0.002554181790052294,-0.02279345134671188,-0.6011053252469414
4.016,0.0025310930473330957,-0.023384034091685588,-0.5800601647004755
4.017,0.002507424166560332,-0.023953727453842437,-0.559326559613222
4.018,0.002483195864360107,-0.024502876946607147,-0.5389724259161959
4.019,0.002458428478687834,-0.025031894397939163,-0.5190624767478332
4.0200000000000005,0.002433141904180232,-0.025541254617264357,-0.4996579619025525
4.021,0.0024073555309654226,-0.026031491812354274,-0.48081642827728405
4.022,0.002381088187170588,-0.026503195777314595,-0.4625915016433559
4.023,0.0023543580853451433,-0.026957007873574967,-0.4450326908773892
4.024,0.0023271827729951047,-0.027393616826502,-0.42818521497667805
4.025,0.0022995790874015655,-0.027813754360576155,-0.4120898531716255
4.026,0.002271563114873051,-0.028218190696453472,-0.3967828185830071
4.027,0.002243150154558065,-0.028607729933519673,-0.3822956555493982
4.0280000000000005,0.002214354686920542,-0.028983205341525944,-0.3686551604631425
4.029,0.0021851903469573028,-0.029345474584952718,-0.35588332639040027
4.03,0.0021556699022130515,-0.02969541490355043,-0.3439973108050161
4.031,0.0021258052356251523,-0.030033918272247453,-0.3330094265890297
4.032,0.0020956073332073807,-0.030361886563296102,-0.32292715550826334
4.033,0.002065086276559238,-0.03068022673298898,-0.31375318387748785
4.034,0.002034251240165365,-0.030989846054756215,-0.3054854596569837
4.035,0.002003110493428068,-0.03129164741983729,-0.29811727050516773
4.0360000000000005,0.0019716714073552037,-0.03158652472589086,-0.2916373416019707
4.037,0.0019399404658056666,-0.031875358373183525,-0.2860299529833724
4.038,0.0019079232811755197,-0.03215901088711054,-0.2812750748706671
4.039,0.0018756246143895653,-0.03243832268479816,-0.2773485205045834
4.04,0.0018430483990458685,-0.03271410800259508,-0.27422211508925665
4.041,0.001810197769544452,-0.032987151000238184,-0.27186388019693764
4.042,0.0017770750930161735,-0.033258202056319,-0.27023823196469304
4.043,0.001743682004853706,-0.03352797426861594,-0.26930619262919037
4.0440000000000005,0.0017100194476335514,-0.03379714017169334,-0.269025613525632
4.045,0.0016760877132062227,-0.03406632868296388,-0.2693514090154542
4.046,0.0016418864877210887,-0.03433612228730421,-0.27023579966521327
4.047,0.001607414899342938,-0.034607054468996985,-0.2716285637203339
4.048,0.0015726715684091044,-0.034879607398669965,-0.27347729562562756
4.049,0.0015376546597689407,-0.03515420988165705,-0.27572767034853846
4.05,0.0015023619370416101,-0.03543123557300389,-0.27832371234514003
4.051,0.001466790818523544,-0.03571100146312844,-0.28120806790395037
4.0520000000000005,0.0014309384344734714,-0.03599376663701701,-0.28432227987319825
4.053,0.0013948016855006384,-0.03627973130864849,-0.2876070633897589
4.054,0.0013583773017807228,-0.036569036131182585,-0.29100258167843013
4.055,0.0013216619028239523,-0.03686176178235856,-0.2944487206735268
4.056,0.0012846520575210592,-0.03715792882342798,-0.2978853614653183
4.057,0.001247344344194891,-0.03745749782890828,-0.3012526494952959
4.058,0.0012097354103887251,-0.037760369783423266,-0.30449125953467054
4.059,0.0011718220321265903,-0.0380663867408467,-0.30754265531218816
4.0600000000000005,0.0011336011723861404,-0.0383753327400533,-0.31034934310102247
4.061,0.0010950700385307763,-0.038686934970674575,-0.31285511814151934
4.062,0.0010562261384547986,-0.039000865181280445,-0.3150053030702119
4.063,0.0010170673352033245,-0.039316741321667376,-0.31674697770364035
4.064,0.0009775918998374453,-0.03963412941009094,-0.3180291991434793
4.065,0.0009377985623246507,-0.039952545615498325,-0.3188032116712979
4.066,0.0008976865602448332,-0.04027145854413666,-0.3190226456053827
4.067,0.0008572556851131496,-0.040590291719230745,-0.31864370458278474
4.0680000000000005,0.0008165063261326322,-0.04090842624180398,-0.31762534056367414
4.069,0.0007754395112016587,-0.04122520362014296,-0.3159294161142852
4.07,0.0007340569450141553,-0.04153992875486386,-0.3135208533275156
4.071,0.0006923610441036829,-0.04185187306608094,-0.31036776910662994
4.072,0.0006503549686962716,-0.04216027774874136,-0.3064415962142101
4.073,0.0006080426512509927,-0.04246435714181642,-0.3017171899359247
4.074,0.0005654288215817367,-0.04276330219669577,-0.2961729198227726
4.075,0.0005225190284684485,-0.04305628402988067,-0.28979074654702697
4.0760000000000005,0.0004793196576810828,-0.043342457544850596,-0.2825562833928288
4.077,0.0004358379463547633,-0.04362096510778832,-0.2744588424826145
4.078,0.00039208199366999076,-0.04389094026175675,-0.26549146545425745
4.079,0.0003480607678071846,-0.04415151146385564,-0.2556509387435227
4.08,0.00030378410916031027,-0.044401805829893094,-0.24493779333139415
4.081,0.0002592627298097947,-0.04464095287113799,-0.23335628915840426
4.082,0.000214508209270298,-0.0448680882078554,-0.22091438427640012
4.083,0.00016953298654413037,-0.045082357244479856,-0.20762368897250494
4.0840000000000005,0.00012435034852614044,-0.04528291879149999,-0.19349940506775334
4.085,7.897441482068185e-05,-0.04546894861941717,-0.17856025076661639
4.086,3.342011904574069e-05,-0.04563964293046516,-0.1628283713293616
4.087,-1.229681328657642e-05,-0.04579422173416905,-0.14632923607842355
4.088,-5.815989021029511e-05,-0.045931932113268334,-0.12909152212014505
4.089,-0.00010415188195043873,-0.04605205136701891,-0.11114698538099849
4.09,-0.00015025485264366843,-0.046153890019440445,-0.09253031946206026
4.091,-0.00019645019499372454,-0.04623679468067176,-0.07327900300056717
4.0920000000000005,-0.00024271866770918235,-0.046300150750243886,-0.05343313614368954
4.093,-0.00028904043556019063,-0.04634338495177263,-0.03303526691380297
4.094,-0.0003353951118807299,-0.046365967689305974,-0.012130208152893604
4.095,-0.000381761803333554,-0.04636741521634229,0.00923515408026353
4.096,-0.0004281191567463996,-0.04634729160934889,0.03101205990655008
4.097,-0.00047444540782030323,-0.04630521053845851,0.05315008187420511
4.098,-0.0005207184315039832,-0.04624083682890169,0.07559733723943841
4.099,-0.000566915793822256,-0.04615388780764377,0.09830070527640279
4.1,-0.0006130148049413918,-0.0460441344306279,0.12120604875532696
4.101,-0.0006589925732501911,-0.045911402186970623,0.144258438559219
4.102,-0.0007048260602323872,-0.045755571777421664,0.16740238053869855
4.103,-0.0007504921359037902,-0.04557657956538445,0.19058204353573294
4.104,-0.0007959676345863658,-0.045374417799766774,0.21374148769960136
4.105,-0.0008412294107912031,-0.04514913460990772,0.23682489201850251
4.106,-0.0008862543949830678,-0.04490083377382169,0.25977678015356914
4.107,-0.0009310196490009525,-0.04462967426194793,0.2825422435939494
4.108,-0.0009755024209117083,-0.04433586955956371,0.30506716117449173
4.109,-0.0010196801990774666,-0.04401968677195261,0.32729841404770393
4.11,-0.0010635307652221053,-0.04368144551732489,0.34918409520773797
4.111,-0.0011070322462874561,-0.04332151661337667,0.3706737126887019
4.112,-0.0011501631648762572,-0.04294032056422544,0.3917183856137615
4.113,-0.0011929024880860094,-0.042538325855278405,0.412271032280303
4.114,-0.001235229674545824,-0.0421160470643503,0.43228654957589824
4.115,-0.0012771247194770605,-0.04167404279812296,0.45172198287877713
4.116,-0.001318568197607944,-0.04121291346364391,0.470536686079306
4.117,-0.0013595413037823902,-0.040733298885248695,0.48869247071112754
4.118,-0.0014000258911139583,-0.04023587577788765,0.506153744010978
4.119,-0.0014400045065470545,-0.039721355088304856,0.5228876351546139
4.12,-0.0014794604236992043,-0.0391904792159952,0.538864109464698
4.121,-0.0015183776728703562,-0.03864401912630859,0.5540560699085233
4.122,-0.0015567410681176955,-0.038082771368369704,0.5684394459692447
4.123,-0.001594536231307268,-0.037507555010775406,0.5819932692193373
4.124,-0.0016317496130667944,-0.036919208508277214,0.5946997357770448
4.125,-0.001668368510577321,-0.03631858651277555,0.6065442552262876
4.126,-0.0017043810821547381,-0.035706556642058504,0.6175154862078158
4.127,-0.0017397763585856622,-0.03508399621978946,0.6276053583302879
4.128,-0.0017745442511956395,-0.03445178900016493,0.6368090809187803
4.1290000000000004,-0.0018086755566410382,-0.033810821890632385,0.6451251381463157
4.13,-0.0018421619584293011,-0.033161981685893516,0.6525552713314219
4.131,-0.0018749960251853632,-0.032506151826230865,0.6591044479938717
4.132,-0.001907171205694966,-0.031844209192974836,0.6647808185181926
4.133,-0.0019386818207682358,-0.03117702095356466,0.6695956603021589
4.134,-0.0019695230519792307,-0.030505441468425133,0.673563309976894
4.135,-0.001999690927349163,-0.02983030927143818,0.6767010839970135
4.136,-0.0020291823040525436,-0.029152444135323412,0.6790291882325259
4.1370000000000005,-0.0020579948482366476,-0.02847264423288508,0.6805706166441389
4.138,-0.0020861270120553646,-0.0277916834045488,0.6813510400284309
4.139,-0.0021135780080286637,-0.02711030854204975,0.6813986849696709
4.14,-0.0021403477808485043,-0.02642923709763113,0.6807442038675651
4.141,-0.0021664369767611107,-0.025749154727581706,0.6794205362312845
4.142,-0.002191846910664024,-0.02507071307824493,0.6774627624422744
4.143,-0.002216579531064217,-0.02439452772214136,0.674907949764867
4.144,-0.002240637383050862,-0.02372117625114854,0.6717949922207759
4.1450000000000005,-0.0022640235694429737,-0.02305119653307394,0.6681644439284288
4.146,-0.002286741710278199,-0.022385085137376377,0.6640583474666931
4.147,-0.0023087959008144033,-0.021723295935032548,0.6595200572209631
4.148,-0.002330190668220418,-0.021066238876997143,0.654594058849851
4.149,-0.002350930927136436,-0.020414278955038872,0.6493257850666903
4.15,-0.002371021934287984,-0.019767735348056703,0.6437614288976495
4.151,-0.0023904692423401775,-0.01912688075633029,0.6379477545551815
4.152,-0.0024092786531811376,-0.01849194092559011,0.6319319069251759
4.1530000000000005,-0.002427456170824966,-0.01786309436206602,0.6257612201230057
4.154,-0.002445007954125547,-0.017240472239096482,0.619483025816066
4.155,-0.0024619402694927056,-0.016624158495220465,0.6131444619359656
4.156,-0.002478259443801877,-0.016014190123122017,0.606792282260932
4.157,-0.002493971817687489,-0.015410557648101463,0.6004726677801775
4.158,-0.0025090836994086188,-0.014813205794157859,0.5942310401070343
4.159,-0.0025236013194733405,-0.014222034335285247,0.5881118776381904
4.16,-0.002537530786205403,-0.013636899128839667,0.58215853525297
4.1610000000000005,-0.0025508780424334824,-0.013057613327319487,0.576413067787392
4.162,-0.002563648823479348,-0.012483948764411666,0.5709160580282492
4.163,-0.0025758486166167845,-0.011915637510460927,0.5657064498732284
4.164,-0.00258748262216803,-0.011352373592030273,0.5608213869880797
4.165,-0.0025985557163988975,-0.01079381486970484,0.5562960576627841
4.166,-0.0026090724163675984,-0.010239585067697449,0.5521635463519977
4.167,-0.0026190368468756017,-0.00968927594830954,0.5484546924238229
4.168,-0.002628452709661669,-0.009142449623825658,0.5451979565439383
4.1690000000000005,-0.0026373232549724954,-0.008598640997826862,0.5424192954536543
4.17,-0.002645651255635159,-0.008057360327501022,0.5401420451980267
4.171,-0.0026534389837479058,-0.007518095897992489,0.5383868138190392
4.172,-0.002660688190096596,-0.006980316799387472,0.537171383390993
4.173,-0.002667400086394535,-0.006443475796490181,0.5365106224035895
4.174,-0.002673575330433289,-0.005907012281017432,0.5364164085419088
4.175,-0.0026792140142216114,-0.005370355295627883,0.536897562237191
4.176,-0.0026843156551787112,-0.004832926618571771,0.537959791875033
4.1770000000000005,-0.002688879190436756,-0.004294143897517872,0.5396056502327636
4.178,-0.0026929029742958858,-0.0037534238207415386,0.541834503319903
4.179,-0.002696384778863008,-0.0032101853135027784,0.5446425111576174
4.18,-0.002699321797893373,-0.002663852747226929,0.5480226213940806
4.181,-0.002701710653841374,-0.0021138591487743484,0.551964575511081
4.182,-0.0027035474081142305,-0.0015596493969390688,0.5564549281594782
4.183,-0.0027048275745092326,-0.0010006833930655287,0.561477079587602
4.184,-0.0027055461358020776,-0.00043643919262434773,0.56701132129476
4.1850000000000005,-0.002705697563440635,0.00013358391551031095,0.5730348949745574
4.186,-0.0027052758402851523,0.0007098623954551551,0.5795220649151308
4.187,-0.002704274486322609,0.0012928455296318594,0.5864442034382779
4.188,-0.0027026865872696814,0.0018829525762230526,0.5937698897441085
4.189,-0.0027005048259656325,0.002480570031874895,0.6014650215595766
4.19,-0.0026977215164434337,0.0030860490125229345,0.6094929397365019
4.191,-0.0026943286405546724,0.003699702764999717,0.6178145652170627
4.192,-0.0026903178870113014,0.00432180432174278,0.626388548269065
4.1930000000000005,-0.002685680692695146,0.0049525843105694325,0.6351714293842409
4.194,-0.002680408286074375,0.0055922289309724834,0.6441178114218618
4.195,-0.0026744917325548993,0.006240878107979938,0.6531805425930489
4.196,-0.0026679219815839306,0.006898623833957892,0.6623109093628579
4.197,-0.0026606899153128944,0.0075655087081141015,0.6714588389495614
4.198,-0.0026527863986174354,0.008241524682803581,0.6805731104293999
4.199,-0.002644202330263594,0.008926612024879245,0.6896015737219275
4.2,-0.0026349286950013793,0.009620658499550095,0.6984913756197687
4.2010000000000005,-0.002624956616359947,0.0103234987833149,0.7071891919098399
4.202,-0.0026142774099124876,0.011034914111603997,0.7156414646683539
4.203,-0.0026028826367738233,0.011754632165724302,0.7237946435722528
4.204,-0.00259076415708962,0.012482327202681269,0.7315954303416788
4.205,-0.002577914183273088,0.013217620430382262,0.7389910250603065
4.206,-0.0025643253327431114,0.01396008062957008,0.7459293733153306
4.207,-0.002549990679917009,0.014709225022634305,0.7523594128131207
4.208,-0.002534903807211479,0.015464520388425653,0.7582313187695751
4.2090000000000005,-0.002519058854806888,0.0162253844207564,0.7634967458919225
4.21,-0.002502450568932891,0.016991187327237246,0.7681090670697668
4.211,-0.002485074348437355,0.017761253663835363,0.772023606126464
4.212,-0.0024669262894058378,0.018534864399198665,0.7751978646001363
4.213,-0.0024480032276053536,0.019311259201769775,0.7775917405420872
4.214,-0.0024283027785338054,0.02008963894132711,0.7791677385725846
4.215,-0.0024078233748653795,0.020869168395525363,0.7798911698239267
4.216,-0.0023865643010921997,0.021648979150834153,0.7797303407936531
4.2170000000000005,-0.0023645257251737176,0.022428172686129653,0.7786567297973431
4.218,-0.002341708727017587,0.023205823626132112,0.7766451502075726
4.219,-0.0023181153236290367,0.023980983150968006,0.7736738994642149
4.22,-0.0022937484907800247,0.024752682547056055,0.7697248927118822
4.221,-0.0022686121810646716,0.025519936883650014,0.7647837804760333
4.222,-0.002242711338223512,0.026281748798669357,0.7588400495626503
4.223,-0.0022160519076358867,0.027037112376580793,0.7518871062602255
4.224,-0.002188640842897344,0.027785017100504763,0.7439223415877189
4.225,-0.0021604861084169986,0.02852445186018576,0.7349471777742715
4.226,-0.0021315966779884513,0.029254408996908867,0.7249670956719422
4.227,-0.0021019825293069026,0.0299738883661886,0.7139916428875285
4.228,-0.002071654634424441,0.0306819013987348,0.7020344222048752
4.229,-0.002040624946155085,0.03137747513997822,0.68911306028196
4.23,-0.002008906380460865,0.03205965624846222,0.6752491566860486
4.231,-0.001976512794869908,0.032727514933452516,0.6604682132945446
4.232,-0.0019434589629970772,0.03338014881220898,0.6447995442183817
4.233,-0.0019097605452571401,0.03401668666766497,0.6282761666935992
4.234,-0.0018754340558794886,0.03463629208763808,0.6109346732526287
4.235,-0.0018404968263521003,0.03523816696713816,0.5928150857475314
4.236,-0.0018049669654405668,0.03582155485592864,0.573960691833416
4.237,-0.0017688633159455068,0.03638574413419087,0.5544178646910384
4.238,-0.0017322054083784707,0.03693007099988119,0.534235866689592
4.239,-0.0016950134117524108,0.03745392225223843,0.5134666380248948
4.24,-0.001657308081697846,0.03795673785689107,0.4921645712803697
4.241,-0.0016191107061298965,0.0384380132790081,0.4703862729536909
4.242,-0.0015804430487043697,0.03889730157204537,0.4481903131208514
4.243,-0.001541327290312923,0.039334215210848344,0.425636964485094
4.244,-0.0015017859688779465,0.03974842765910501,0.40278793202822827
4.245,-0.0014618419177171637,0.04013967466246053,0.3797060746828076
4.246,-0.0014215182027559768,0.04050775525991323,0.35645512022258097
4.247,-0.0013808380588722414,0.04085253250755758,0.3330993750661266
4.248,-0.0013398248256633854,0.04117393391015423,0.3097034301271784
4.249,-0.0012985018829295922,0.041471951557432114,0.28633186442858516
4.25,-0.0012568925861690995,0.04174664196355307,0.26304894781332944
4.251,-0.0012150202023825183,0.041998125609609145,0.23991834429882264
4.252,-0.0011729078464824422,0.04222658619054285,0.2170028175685852
4.253,-0.0011305784186025041,0.042432269569333415,0.19436394001254423
4.2540000000000004,-0.0010880545425964539,0.04261548244276708,0.17206180685478897
4.255,-0.001045358506012784,0.042776590724572766,0.15015475675657494
4.256,-0.0010025122018239487,0.04291601765309731,0.12869910029251752
4.257,-0.0009595370721813555,0.043034241632088854,0.10774885769056361
4.258,-0.0009164540544580764,0.04313179381446918,0.08735550707009229
4.259,-0.0008732835298306928,0.043209255440298175,0.06756774458789928
4.26,-0.0008300452746398823,0.04326725494132291,0.04843125746156877
4.261,-0.0007867584147563784,0.043306464825685,0.02998851126261959
4.2620000000000005,-0.0007434413831647991,0.04332759835747336,0.012278552314085974
4.263,-0.0007001118809626647,0.04333140604679541,-0.00466317366998542
4.264,-0.0006567868419557684,0.043318671966997346,-0.020804985926139174
4.265,-0.0006134824010140024,0.04329020991653461,-0.03611911499932531
4.266,-0.0005702138663338533,0.04324685944376372,-0.05058183054244599
4.267,-0.0005269956957351813,0.04318948175358024,-0.06417354982450846
4.268,-0.0004838414771006665,0.0431189555154495,-0.07687892643697558
4.269,-0.00044076391304651464,0.043036172592854124,-0.08868691875378072
4.2700000000000005,-0.00039777480989279876,0.04294203371457762,-0.09959083779922893
4.271,-0.0003548850709812411,0.04283744410853775,-0.10958837428050888
4.272,-0.00031210469436743107,0.04272330911908234,-0.11868160463031005
4.273,-0.0002694427748935162,0.042600529828747256,-0.12687697603985962
4.274,-0.00022690751062640353,0.0424699987054781,-0.13418527049845247
4.275,-0.0001845062136255596,0.04233259529620976,-0.14062154803822727
4.276,-0.00014224532498371333,0.042189181987482824,-0.14620506941563602
4.277,-0.00010013043406322886,0.04204059985348609,-0.1509591985778259
4.2780000000000005,-5.816630183073185e-05,0.04188766461150793,-0.1549112853784922
4.279,-1.635688817283544e-05,0.04173116270428489,-0.15809252906759788
4.28,2.5294616943384362e-05,0.041571847528154716,-0.16053782319275237
4.281,6.678575862008539e-05,0.041410435825247324,-0.1622855826220275
4.282,0.00010811477866130305,0.04124760425718799,-0.16337755349662295
4.283,0.0001492805738783711,0.04108398617694809,-0.16385860698317592
4.284,0.00019028265127412686,0.04092016861456346,-0.16377651778608174
4.285,0.0002311210803271325,0.040756689491447805,-0.16318172844523254
4.2860000000000005,0.00027179644261134085,0.04059403507696885,-0.16212710051268034
4.287,0.00031230977899974306,0.040432637699835544,-0.1606676537539251
4.288,0.00035266253471249006,0.04027287372565849,-0.15886029460017775
4.289,0.00039285650248072247,0.040115061810806374,-0.15676353510406796
4.29,0.00043289376410683017,0.03995946144140904,-0.1544372036906054
4.291,0.00047277663071004203,0.039806271765014646,-0.15194214909819492
4.292,0.0005125075819530728,0.03965563072104697,-0.14933993883716204
4.293,0.0005520892045510089,0.039507614474825134,-0.14669255360650818
4.2940000000000005,0.0005915241303676568,0.03936223715847073,-0.14406207910229393
4.295,0.000630814974407186,0.0392194509205875,-0.14151039666416548
4.296,0.0006699642730100606,0.03907914628516186,-0.13909887418710146
4.297,0.000708974422561967,0.038941152818650855,-0.13688805883491661
4.298,0.0007478476190226784,0.038805240102772025,-0.13493737292275237
4.299,0.0007865857985785964,0.03867111900906393,-0.13330481449344053
4.3,0.0008251905797180411,0.03853844326982557,-0.13204666398326442
4.301,0.000863663207022274,0.03840681133864023,-0.13121719838740598
4.3020000000000005,0.0009020044969577322,0.03827576853227626,-0.13086841434053734
4.303,0.000940214785946067,0.03814480944439334,-0.13104976142529173
4.304,0.0009782938809783424,0.03801338062015785,-0.1318078870457048
4.305,0.0010162410130282165,0.037880883479590115,-0.13318639408976726
4.306,0.0010540547935061263,0.03774667747622931,-0.13522561263183192
4.307,0.0010917331739824987,0.03761008347651537,-0.1379623867960478
4.308,0.001129273409392843,0.03747038734417328,-0.14142987788813366
4.309,0.0011666720249213591,0.037326843712859166,-0.1456573847400983
4.3100000000000005,0.001203924786742449,0.03717867992932096,-0.1506701823363184
4.311,0.0012410266767813255,0.03702510014843221,-0.15648937944117994
4.312,0.0012779718716358732,0.03686528956066273,-0.16313179609778355
4.313,0.001314753725782108,0.03669841873180695,-0.17060986161377462
4.314,0.0013513647591650835,0.03652364803414449,-0.17893153371115256
4.315,0.0013877966492560048,0.036340132147698136,-0.18810023918155566
4.316,0.001424040227634736,0.03614702460976429,-0.1981148366861379
4.317,0.0014600854811349098,0.03594348239058275,-0.20896960167693351
4.3180000000000005,0.0014959215575666058,0.03572867047280921,-0.2206542338701468
4.319,0.001531536776009123,0.03550176641222502,-0.23315388729822778
4.32,0.0015669186416438338,0.035261964857196536,-0.24644922275875505
4.321,0.001602053865074661,0.03500848200445773,-0.2605164827188501
4.322,0.0016369283860613738,0.034740559968967744,-0.27532758826112247
4.323,0.0016715274015688115,0.03445747104590752,-0.29085025785932195
4.324,0.0017058353980134446,0.034158521843358554,-0.3070481472386009
4.325,0.0017398361875674538,0.03384305726465971,-0.3238810101590971
4.3260000000000005,0.0017735129483598517,0.033510464320135644,-0.34130487888903427
4.327,0.0018068482683942255,0.03316017574861197,-0.3592722641583184
4.328,0.0018398241929835197,0.032791673429976555,-0.3777323731125128
4.329,0.0018724222754840322,0.03240449157104861,-0.396631344743371
4.33,0.001904623631093551,0.03199821964798899,-0.4159125013758788
4.331,0.0019364089934623871,0.03157250508968344,-0.43551661523521445
4.332,0.0019677587738510887,0.031127055687719625,-0.45538218869241465
4.333,0.0019986531225549115,0.030661641719925328,-0.4754457468961803
4.3340000000000005,0.002029071992302781,0.030176097775813215,-0.4956421413280473
4.335,0.002058995203327545,0.029670324273713997,-0.5159048628703883
4.336,0.0020884025097948422,0.02914428866088047,-0.5361663627966686
4.337,0.0021172736672700346,0.028598026289505047,-0.5563583799541779
4.338,0.0021455885008963534,0.028031640963132647,-0.5764122727906241
4.339,0.0021733269739527155,0.027445305149591225,-0.5962593542922237
4.34,0.002200469256456708,0.026839259858393145,-0.615831228103934
4.341,0.00222699579347696,0.026213814182111016,-0.6350601244603215
4.3420000000000005,0.0022528873728195286,0.02556934450302599,-0.6538792337097253
4.343,0.0022781251917551137,0.02490629336814425,-0.6722230360537466
4.344,0.0023026909224578137,0.024225168037255766,-0.6900276257232201
4.345,0.0023265667758317144,0.023526538710545997,-0.7072310276963186
4.346,0.0023497355634089366,0.022811036443898612,-0.7237735055984466
4.347,0.00237218075701174,0.02207935076170876,-0.7395978587812557
4.348,0.002393886545881875,0.021332226978561103,-0.7546497075140552
4.349,0.0024148378909925458,0.02057046324278069,-0.7688777640467723
4.3500000000000005,0.002435020576272086,0.019794907316300153,-0.7822340889142964
4.351,0.0024544212564835757,0.01900645310667876,-0.7946743303284909
4.352,0.0024730275015211927,0.01820603696855471,-0.8061579459196058
4.353,0.0024908278369019407,0.017394633792941025,-0.8166484053077594
4.354,0.002507811780250428,0.016573252904033647,-0.8261133725069906
4.355,0.0025239698735945483,0.015742933784206412,-0.8345248671474742
4.356,0.002539293711311083,0.014904741648864081,-0.8418594035371855
4.357,0.002553775963582306,0.014059762893582076,-0.8480981070268239
4.358,0.0025674103952474893,0.013209100436785304,-0.8532268065667215
4.359,0.002580191879956753,0.012353868981742426,-0.8572361035190355
4.36,0.002592116409558672,0.011495190222094914,-0.8601214157759869
4.361,0.0026031810986775015,0.010634188015564528,-0.8618829972847821
4.362,0.002613384184460584,0.009771983550599092,-0.8625259326460878
4.363,0.002622725021501293,0.008909690530819265,-0.8620601069135654
4.364,0.0026312040719677376,0.008048410402069387,-0.8605001505861902
4.365,0.0026388228909920795,0.007189227646614417,-0.8578653603237503
4.366,0.002645584107399765,0.006333205168756151,-0.8541795953927805
4.367,0.002651491399881953,0.005481379795619209,-0.8494711508811046
4.368,0.0026565494687378886,0.0046347579162519525,-0.8437726078534088
4.369,0.0026607640033367444,0.003794311281460161,-0.8371206617301735
4.37,0.0026641416454704575,0.0029609729859661174,-0.8295559292579139
4.371,0.0026666899487901657,0.002135633653450042,-0.8211227357742374
4.372,0.002668417334538864,0.0013191378439469017,-0.8118688832320435
4.373,0.002669333043811824,0.0005122807019732704,-0.801845400715219
4.374,0.002669447086593963,-0.00028419513769484245,-0.7911062786210066
4.375,0.0026687701878396353,-0.0010696023709603753,-0.7797081879100591
4.376,0.0026673137308751973,-0.0018433115579159485,-0.7677101860010873
4.377,0.0026650896984180706,-0.0026047533563380337,-0.755173410843083
4.378,0.0026621106115177857,-0.003353420444231576,-0.7421607649440016
4.3790000000000004,0.0026583894667346025,-0.004088869122134072,-0.7287365908609895
4.38,0.002653939671879747,-0.004810720587576333,-0.7149663400235322
4.381,0.002648774980647979,-0.005518661875959373,-0.7009162367425471
4.382,0.0026429094264781043,-0.006212446463790717,-0.6866529389201405
4.383,0.0026363572559801635,-0.006891894532090844,-0.6722431976801138
4.384,0.0026291328622693073,-0.00755689288962059,-0.6577535173793791
4.385,0.002621250718545858,-0.008207394557277797,-0.6432498179350348
4.386,0.0026127253122587408,-0.008843418016956657,-0.6287971014226883
4.3870000000000005,0.002603571080185351,-0.009465046129823613,-0.6144591243112238
4.388,0.002593802344755069,-0.010072424730739715,-0.6002980775209832
4.389,0.0025834332519360566,-0.010665760907285299,-0.5863742755701848
4.39,0.0025724777109956886,-0.011245320973450355,-0.5727458567599267
4.391,0.002560949336434159,-0.011811428149609246,-0.5594684955578548
4.392,0.0025488613923783546,-0.012364459962000439,-0.5465951292245295
4.393,0.002536226739709223,-0.012904845376262826,-0.5341756993002453
4.394,0.0025230577861806163,-0.01343306168095073,-0.5222569100755632
4.3950000000000005,0.0025093664397710094,-0.013949631138262532,-0.5108820045480418
4.396,0.0024951640654917264,-0.014455117420304002,-0.5000905595348968
4.397,0.002480461445856458,-0.014950121850233599,-0.4899183003242996
4.398,0.002465268745197012,-0.015435279468658579,-0.4803969365256606
4.399,0.0024495954779894837,-0.01591125494639802,-0.47155401895321714
4.4,0.0024334504813335596,-0.016378738365450292,-0.4634128191513274
4.401,0.0024168418917055413,-0.01683844089058639,-0.4559922311208671
4.402,0.0023997771260830364,-0.017291090354423506,-0.4493066965533664
4.4030000000000005,0.002382262867516207,-0.017737426779235198,-0.4433661530700163
4.404,0.002364305055197163,-0.018178197858852288,-0.43817600616416763
4.405,0.0023459088790556606,-0.018614154424152356,-0.43373712443597073
4.406,0.002327078778885782,-0.019046045915605114,-0.43004585846954346
4.407,0.00230781844798493,-0.01947461588609933,-0.42709408251888864
4.408,0.0022881308412633482,-0.019900597557064675,-0.42486925941179887
4.409,0.00226801818775959,-0.020324709450451353,-0.4233545273615612
4.41,0.0022474820074750894,-0.02074765111854962,-0.42252880883497657
4.4110000000000005,0.0022265231324192433,-0.02117009899314257,-0.42236694035091993
4.412,0.002205141731735394,-0.021592702374555496,-0.42283982247493135
4.413,0.002183337340757885,-0.02201607958046218,-0.42391458933843906
4.414,0.002161108893830996,-0.02244081427331696,-0.42555479637112
4.415,0.002138454760702236,-0.022867451984202453,-0.4277206253998627
4.416,0.002115372786285216,-0.023296496849837593,-0.4303691058704133
4.417,0.002091860333571162,-0.023728408578270504,-0.433454350995408
4.418,0.002067914329453283,-0.024163599657488242,-0.4369278074400703
4.4190000000000005,0.002043531313214594,-0.024602432819889792,-0.4407385173630294
4.42,0.002018707487417563,-0.025045218774171922,-0.4448333912012284
4.421,0.0019934387709231085,-0.025492214214737154,-0.44915748992923665
4.422,0.0019677208537571,-0.025943620117280207,-0.45365431515687055
4.423,0.001941549253534609,-0.026399580327701268,-0.45826610568524967
4.424,0.0019149193731457608,-0.02686018044999508,-0.4629341389023773
4.425,0.0018878265594021847,-0.02732544703715705,-0.46759903542156506
4.426,0.0018602661623397484,-0.02779534708771584,-0.47220106569601134
4.4270000000000005,0.001832233594871469,-0.028269787848842615,-0.47668045655754454
4.428,0.0018037243924842949,-0.028748616925505645,-0.4809776967685181
4.429,0.0017747342726747246,-0.02923162269363503,-0.4850338394902492
4.43,0.0017452591938210572,-0.029718535013700288,-0.48879080064026553
4.431,0.0017152954131943628,-0.03020902623968878,-0.4921916513367142
4.432,0.0016848395438160018,-0.030702712517033128,-0.49518090335198084
4.433,0.001653888609876672,-0.031199155361626593,-0.49770478583494404
4.434,0.0016224401004405,-0.0316978635107174,-0.4997115123466716
4.4350000000000005,0.0015904920211675293,-0.032198295035224256,-0.5011515366670463
4.436,0.0015580429437990146,-0.0326998597018052,-0.5019777964948452
4.437,0.0015250920531622205,-0.03320192157178301,-0.5021459434607805
4.438,0.0014916391914648291,-0.03370380182300018,-0.5016145589735539
4.439,0.0014576848996634799,-0.03420478177969893,-0.50034535442394
4.44,0.001423230455706372,-0.03470410613451704,-0.498303355212292
4.441,0.0013882779094661628,-0.0352009863459019,-0.4954570675574227
4.442,0.0013528301141964795,-0.035694604193464916,-0.49177862756860224
4.4430000000000005,0.0013168907543631688,-0.0361841154731566,-0.487243931814764
4.444,0.0012804643697198268,-0.036668653813527574,-0.4818327489271878
4.445,0.0012435563755161156,-0.03714733459389496,-0.47552881180758555
4.446,0.0012061730787467494,-0.03761925894483793,-0.46831989007837066
4.447,0.0011683216903687528,-0.03808351781115515,-0.46019784255606777
4.448,0.0011300103334345706,-0.038539196057208604,-0.4511586495508532
4.449,0.001091248047108697,-0.038985376594538476,-0.4412024251088987
4.45,0.001052044786555644,-0.039421144511567335,-0.43033340894882655
4.4510000000000005,0.001012411418707179,-0.03984559118536257,-0.4185599386416505
4.452,0.0009723597139366886,-0.04025781835561808,-0.4058944018693605
4.453,0.0009319023336882455,-0.04065694214126812,-0.39235316943072146
4.454,0.0008910528141273229,-0.041042096980577,-0.37795650918704615
4.455,0.0008498255458990378,-0.04141243947599305,-0.3627284816450558
4.456,0.0008082357500982305,-0.04176715212562141,-0.34669681761167087
4.457,0.0007662994505735123,-0.04210544692381488,-0.3298927787752787
4.458,0.0007240334427045511,-0.04242656881410769,-0.3123510018103333
4.4590000000000005,0.0006814552588082384,-0.0427297989785178,-0.2941093270098945
4.46,0.0006385831303449187,-0.04301445794812151,-0.2752086121975265
4.461,0.0005954359471104878,-0.04327990852074044,-0.2556925330403388
4.462,0.0005520332136138147,-0.04352555847260562,-0.2356073706900173
4.463,0.000508395002851558,-0.04375086305190782,-0.2150017879143807
4.464,0.0004645419077039603,-0.043955327243287504,-0.19392659484498953
4.465,0.00042049499018558374,-0.04413850779346557,-0.1724345055111437
4.466,0.0003762757287941283,-0.04430001498944534,-0.15057988644838155
4.4670000000000005,0.00033190596420842666,-0.04443951418195807,-0.12841849857708726
4.468,0.00028740784359340004,-0.04455672704809519,-0.10600723369714825
4.469,0.0002428037637751575,-0.04465143258838986,-0.08340384689219167
4.47,0.00019811631355350263,-0.044723467854919825,-0.06066668616774051
4.471,0.0001533682154218718,-0.04477272840834185,-0.03785442067631135
4.472,0.00010858226696614893,-0.04479916850310389,-0.015025768847763767
4.473,6.378128221388853e-05,-0.04480280100141692,0.007760772221709569
4.474,1.8988033204230122e-05,-0.04478369701789991,0.030447194812310494
4.4750000000000005,-2.5774807953779985e-05,-0.044741985298120304,0.05297624474690331
4.476,-7.048472627061385e-05,-0.04467785133554739,0.07529168039892255
4.477,-0.00011511942005473722,-0.04459153623269933,0.09733852529719884
4.478,-0.00015965685582783432,-0.044483335313494875,0.11906331311171653
4.479,-0.00020407532173208662,-0.04435359649500976,0.14041432385851685
4.48,-0.00024835347919358454,-0.04420271842798606,0.1613418101888891
4.481,-0.00029247041261584256,-0.04403114841652997,0.18179821272329239
4.482,-0.00033640567688834265,-0.04383938012847016,0.20173836339632378
4.483,-0.00038013934250698907,-0.043627951108822685,0.22111967589862952
4.484,-0.00042365203811625614,-0.0433974401097115,0.23990232232373745
4.485,-0.0004669249902965764,-0.043148464250929094,0.25804939524106885
4.486,-0.0005099400604350782,-0.04288167602607446,0.27552705446818737
4.487,-0.0005526797785330591,-0.042597760169887366,0.2923046579060023
4.488,-0.0005951273738194958,-0.042297430402986017,0.30835487589669425
4.489,-0.0006372668020563555,-0.041981426070733366,0.32365378860860716
4.49,-0.0006790827694384028,-0.041650508693361205,0.3381809661357239
4.491,-0.0007205607530074949,-0.04130545844482276,0.3519195309411709
4.492,-0.000761687017518947,-0.04094707057808128,0.3648562025417849
4.493,-0.0008024486287153248,-0.0405761518146743,0.37698132427218217
4.494,-0.0008428334629808901,-0.040193516716456476,0.38828887216346425
4.495,-0.0008828302133678071,-0.03979998405737737,0.398776445994738
4.496,-0.0009224283920030069,-0.03939637321302217,0.4084452427156547
4.497,-0.0009616183289022184,-0.038983500585400975,0.417300012526732
4.498,-0.0010003911672350056,-0.03856217608017325,0.42534899792872716
4.499,-0.0010387388551016414,-0.03813319965309836,0.4326038562210434
4.5,-0.0010766541338991828,-0.03769735794198443,0.43907956600682196
4.501,-0.0011141305233701181,-0.037255420999886595,0.44479431818884185
4.502,-0.001151162303442362,-0.03680813914460114,0.44976939238206226
4.503,-0.0011877444929840834,-0.036356239938841406,0.4540290191374134
4.5040000000000004,-0.0012238728256108388,-0.03590042531466963,0.457600229206143
4.505,-0.0012595437226956131,-0.03544136885487894,0.4605126903752349
4.506,-0.0012947542637446272,-0.03497971324314955,0.46279853308354235
4.507,-0.0013295021543131113,-0.034516067893818926,0.46449216557771694
4.508,-0.001363785691645567,-0.03405100677109265,0.4656300798748353
4.509,-0.0013976037282343538,-0.03358506640648153,0.46625064934739374
4.51,-0.0014309556334986607,-0.033118744122132705,0.46639391935025226
4.511,-0.0014638412537930452,-0.03265249646663629,0.4661013916425745
4.5120000000000005,-0.0014962608709607318,-0.032186737868737346,0.4654158041553138
4.513,-0.0015282151596517086,-0.031721839513216596,0.4643809068861975
4.514,-0.0015597051436293413,-0.0312581284420488,0.46304123544939335
4.515,-0.0015907321512917648,-0.030795886882797933,0.46144188305234474
4.516,-0.0016212977706356612,-0.030335351804994762,0.45962827255399447
4.517,-0.0016514038038902264,-0.029876714704135842,0.45764592916384256
4.518,-0.0016810522220482057,-0.029420121611823037,0.4555402554617654
4.519,-0.0017102451195187972,-0.028965673329359825,0.45335630946465855
4.5200000000000005,-0.0017389846691240566,-0.028513425881158936,0.4511385869371205
4.521,-0.00176727307765623,-0.028063391183187937,0.4489308090048789
4.522,-0.0017951125422081581,-0.027615537920668218,0.4467757160345586
4.523,-0.0018225052074826538,-0.027169792628322764,0.44471486865634846
4.524,-0.0018494531242795845,-0.026726040965538416,0.44278845691234586
4.525,-0.0018759582093513156,-0.02628412917792388,0.44103511831672204
4.526,-0.0019020222068082604,-0.025843865735965338,0.4394917656003615
4.527,-0.001927646651246614,-0.025405023140741938,0.4381934248464365
4.5280000000000005,-0.00195283283275997,-0.02496733988597,0.43717308469743593
4.529,-0.0019775817639854716,-0.024530522565032947,0.4364615571766722
4.53,-0.0020018941493235615,-0.024094248111147073,0.4360873505950721
4.531,-0.00202577035645827,-0.023658166158269843,0.43607655515938354
4.532,-0.0020492103902924274,-0.02322190151004409,0.43645274129211986
4.533,-0.0020722138693992807,-0.02278505670366264,0.4372368714707798
4.534,-0.0020947800050787773,-0.022347214655330978,0.4384472251925473
4.535,-0.0021169075830933448,-0.021907941373804245,0.4400993378609217
4.5360000000000005,-0.0021385949481444277,-0.021466788728362312,0.44220595302294746
4.537,-0.0021598399911373755,-0.021023297257533023,0.4447769886356345
4.538,-0.002180640139268588,-0.0205769990048922,0.44781951664600955
4.539,-0.002200992348955258,-0.020127420368447124,0.45133775624414
4.54,-0.0022208931016145356,-0.01967408495010789,0.4553330804343269
4.541,-0.002240338402285644,-0.019216516392109435,0.4598040355625828
4.542,-0.0022593237810754345,-0.018754241187471852,0.46474637371258615
4.543,-0.0022778442973951218,-0.018286791451903484,0.47015309742415134
4.5440000000000005,-0.0022958945469435743,-0.017813707645001717,0.47601451637938336
4.545,-0.0023134686713805574,-0.01733454122896383,0.48231831569639627
4.546,-0.0023305603706218238,-0.016848857253568737,0.48904963509378935
4.547,-0.002347162917676946,-0.016356236856675397,0.4961911586928906
4.548,-0.002363269175940332,-0.015856279670096396,0.5037232144651121
4.549,-0.002378871618836002,-0.0153486061212425,0.5116238832426799
4.55,-0.0023939623517074287,-0.014832859621610187,0.5198691160219435
4.551,-0.0024085331358351487,-0.0143087086338295,0.528432859539433
4.5520000000000005,-0.0024225754144568848,-0.013775848609643336,0.5372871888328944
4.553,-0.002436080340657668,-0.013234003791923785,0.5464024466062083
4.554,-0.0024490388069908866,-0.012682928874512932,0.5557473882154965
4.555,-0.0024614414766853587,-0.012122410514430986,0.5652893319483949
4.556,-0.0024732788162883964,-0.011552268691644996,0.5749943136235833
4.557,-0.002484541129590435,-0.010972357912432463,0.5848272448014815
4.558,-0.0024952185926731645,-0.010382568253026636,0.5947520740101735
4.559,-0.002505301289920167,-0.009782826240978029,0.6047319500870398
4.5600000000000005,-0.0025147792508268584,-0.009173095572405265,0.6147293870584872
4.561,-0.0025236424874450596,-0.0085533776639972,0.6247064297576429
4.562,-0.0025318810322967292,-0.007923712039342383,0.6346248195519919
4.563,-0.0025394849765913246,-0.007284176549848237,0.6444461594362988
4.564,-0.0025464445085818365,-0.006634887431175587,0.6541320779090011
4.565,-0.002552749951895808,-0.005975999196766798,0.6636443909085781
4.566,-0.002558391803679526,-0.00530770437066971,0.6729452612855991
4.567,-0.0025633607723960965,-0.004630233062471778,0.6819973551102659
4.5680000000000005,-0.00256764781512121,-0.0039438523877544165,0.6907639943244573
4.569,-0.0025712441741840885,-0.0032488657380027944,0.6992093051787865
4.57,-0.002574141413005316,-0.002545611904452287,0.7072983619222282
4.571,-0.0025763314509879833,-0.0018344640608833652,0.714997325215615
4.572,-0.0025778065973238156,-0.0011158286107812575,0.7222735749886005
4.573,-0.0025785595835816117,-0.0003901439048107677,0.7290958369523792
4.574,-0.002578583594951464,0.00034212116510517137,0.7354343028794987
4.575,-0.0025778723000247222,0.0010804686883784324,0.7412607436670233
4.5760000000000005,-0.0025764198789965543,0.0018243733679571333,0.7465486154903783
4.577,-0.0025742210501851904,0.0025732842547695743,0.751273158134503
4.578,-0.0025712710947694475,0.0033266265767159086,0.755411485758166
4.579,-0.002567565879653973,0.004083803654232825,0.7589426692756668
4.58,-0.0025631018783796957,0.004844198894321386,0.7618478109014568
4.581,-0.002557876190005233,0.00560717785460357,0.7641101096629117
4.582,-0.0025518865558935067,0.00637209036884963,0.7657149188292078
4.583,-0.002545131374346418,0.007138272725327581,0.7666497941266939
4.5840000000000005,-0.0025376097130391942,0.007905049889119636,0.7669045334574143
4.585,-0.0025293213192148613,0.008671737759546208,0.7664712073957262
4.586,-0.002520266627608227,0.009437645453723133,0.7653441809581251
4.587,-0.0025104467660777056,0.010202077607319674,0.7635201262349564
4.588,-0.002499863558932294,0.010964336683503882,0.760998026133458
4.589,-0.0024885195279499388,0.011723725281206129,0.7577791692710343
4.59,-0.0024764178910924523,0.01247954843376667,0.7538671358500468
4.591,-0.002463562558930964,0.01323111588920979,0.7492677750361914
4.5920000000000005,-0.002449958128804614,0.0139777443634897,0.7439891735236273
4.593,-0.0024356098767437952,0.01471875975814745,0.738041615791875
4.594,-0.0024205237471976947,0.015453499334053752,0.7314375360207279
4.595,-0.0024047063406141427,0.01618131383305133,0.7241914619744197
4.596,-0.0023881648989278205,0.016901569539593608,0.7163199511101349
4.597,-0.0023709072890207147,0.017613650274618354,0.7078415189393544
4.598,-0.0023529419842262637,0.018316959314283243,0.6987765603904197
4.599,-0.002334278043955913,0.01901092122641729,0.6891472638776809
4.6000000000000005,-0.002314925091533762,0.019694983617884274,0.6789775190562864
4.601,-0.002294893290331629,0.020368618786381888,0.6682928179389406
4.602,-0.0022741933183031745,0.021031325270527926,0.6571201503531375
4.603,-0.0022528363410216187,0.02168262929258426,0.6454878937595336
4.604,-0.002230833983331119,0.02232208608841594,0.6334256979038275
4.605,-0.0022081982997269856,0.02294928111985063,0.6209643649655577
4.606,-0.0021849417435845734,0.023563831164973983,0.6081357252811406
4.607,-0.0021610771353609347,0.02416538528230392,0.5949725093787358
4.6080000000000005,-0.002136617629897091,0.024753625645383245,0.581508216779913
4.609,-0.0021115766829520226,0.025328268244752927,0.5677769819594494
4.61,-0.0020859680171022707,0.025889063454750845,0.5538134380363846
4.611,-0.0020598055871433444,0.026435796463102214,0.5396525786663559
4.612,-0.002033103545130866,0.02696828756185551,0.5253296188402388
4.613,-0.0020058762052006015,0.027486392298673265,0.5108798547952713
4.614,-0.0019781380083072355,0.027990001488058244,0.4963385239746902
4.615,-0.001949903487021894,0.028479041082624692,0.4817406651582081
4.616,-0.001921187230528036,0.02895347190509107,0.46712097977454864
4.617,-0.0018920038499543874,0.029413289242206,0.4525136944553124
4.618,-0.00186236794418211,0.029858522302348697,0.4379524258300772
4.619,-0.0018322940662613733,0.03028923353912486,0.42347004772225255
4.62,-0.0018017966905699322,0.030705517843757215,0.4090985615424566
4.621,-0.0017708901808432202,0.03110750160966677,0.39486897027665746
4.622,-0.0017395887592018403,0.03149534167309294,0.3808111565756757
4.623,-0.0017079064762982167,0.031869224134154404,0.36695376554725173
4.624,-0.0016758571826995339,0.032229363063210906,0.35332409256575065
4.625,-0.001643454501618986,0.032575999097884535,0.3399479767815122
4.626,-0.001610711803101774,0.032909397936539755,0.32684970052892615
4.627,-0.001577642179766278,0.03322984873445201,0.3140518952955844
4.628,-0.0015442584241943834,0.03353766240933751,0.3015754544754151
4.6290000000000004,-0.0015105730080580936,0.033833169863242,0.28943945333356674
4.63,-0.0014765980630623663,0.034116720128212305,0.2776610766070394
4.631,-0.0014423453637765172,0.03438867844348567,0.26625555393968836
4.632,-0.0014078263124186802,0.03464942427218871,0.255236103466384
4.633,-0.001373051925649652,0.034899349265868185,0.24461388389257185
4.634,-0.001338032823424028,0.035138855185379826,0.23439795513071113
4.635,-0.0013027792199378956,0.03536835178688522,0.22459524788009155
4.636,-0.0012673009167035387,0.03558825468182876,0.21521054200698347
4.6370000000000005,-0.0012316072977726579,0.035798983179932596,0.2062464542006795
4.638,-0.0011957073271205074,0.03600095812436851,0.19770343467114024
4.639,-0.0011596095481942105,0.036194599728225044,0.1895797730419286
4.64,-0.0011233220856193473,0.036380325421501325,0.18187161351063516
4.641,-0.001086852649049695,0.03655854771780342,0.17457297909355604
4.642,-0.0010502085391358828,0.036729672109820824,0.16767580494126133
4.643,-0.0010133966555796623,0.03689409500262002,0.16116998065712376
4.644,-0.0009764235072315413,0.03705220169362215,0.15504340134713837
4.6450000000000005,-0.000939295224180756,0.037204364407948345,0.14928202730524193
4.646,-0.0009020175717779685,0.03735094039762679,0.14386995205164602
4.647,-0.0008645959665227079,0.03749227011289446,0.1387894784836849
4.648,-0.0008270354937394888,0.037628675453543765,0.13402120281492733
4.649,-0.00078934092695875,0.03776045810793393,0.12954410596540145
4.65,-0.0007515167489113057,0.03788789798695479,0.12533565207633177
4.651,-0.0007135671740379106,0.038011251759835565,0.12137189368522057
4.652,-0.0006754961724088552,0.03813075149827521,0.11762758319407138
4.6530000000000005,-0.0006373074949422467,0.03824660343494163,0.11407629013877173
4.654,-0.0005990046998038221,0.038358986841907756,0.11069052379348565
4.655,-0.0005605911798658192,0.03846805303409814,0.10744186058728036
4.656,-0.0005220701910976098,0.038573924502320826,0.10430107585808439
4.657,-0.00048344488175649164,0.03867669417991546,0.10123827933119005
4.658,-0.0004447183222432916,0.038776424846484615,0.09822305380712235
4.659,-0.00040589353548423616,0.038873148671626154,0.09522459647596238
4.66,-0.0003669735276979266,0.03896686690099284,0.09221186225740667
4.6610000000000005,-0.00032796131940422387,0.03905754968641275,0.08915370858241002
4.662,-0.00028885997653041554,0.039145136061203886,0.08601904099986638
4.663,-0.0002496726414692085,0.039229534061210054,0.08277695901247652
4.664,-0.00021040256394286668,0.03931062099147363,0.07939690151467772
4.665,-0.00017105313152820887,0.039388243837842035,0.07584879122212983
4.666,-0.00013162789969818443,0.03946221982220682,0.07210317750744688
4.667,-9.213062123735332e-05,0.03953233709945539,0.06813137698969096
4.668,-5.2565274890816086e-05,0.039598355593619065,0.06390561133766944
4.6690000000000005,-1.2936093108954082e-05,0.03966000797010493,0.05939914163407376
4.67,2.6752411246258575e-05,0.039717000740320384,0.054586398796832004
4.671,6.649541936363391e-05,0.03976901549443028,0.049443109422956044
4.672,0.000106287782239563,0.03981571025742787,0.04394641657222247
4.673,0.00014612399784986218,0.03985672096317053,0.038074994913098945
4.674,0.00018599818985170203,0.0398916630405091,0.03180915976404685
4.675,0.00022590408792453218,0.03992013310515117,0.025130969520100462
4.676,0.0002658350098523169,0.039941710750418365,0.018024321014292424
4.6770000000000005,0.00030578384544233496,0.03995596042961784,0.010475037384654277
4.678,0.00034574304236830914,0.039962433422330586,0.0024709480408301185
4.679,0.0003857045940177363,0.039960669876523795,-0.005998039654414038
4.68,0.0004256600294150162,0.03995020091803604,-0.014939877321093652
4.681,0.0004656004052833653,0.03993055081866216,-0.02436032142665904
4.682,0.0005055163002995812,0.0399012392137697,-0.03426288835825635
4.683,0.0005453978115865207,0.0398617833601091,-0.044648818962940984
4.684,0.000585234553478711,0.03981170042427137,-0.05551705271250917
4.6850000000000005,0.0006250156585868756,0.03975050979205779,-0.06686421171465826
4.686,0.0006647297811773394,0.03967773538886971,-0.07868459466148998
4.687,0.0007043651028723401,0.03959290800113167,-0.09097018081459983
4.688,0.0007439093406672425,0.039495567588673154,-0.1037106441024257
4.689,0.0007833497572505752,0.03938526557799223,-0.11689337725940634
4.69,0.0008226731736027284,0.03926156712631428,-0.13050352609648955
4.691,0.000861865983839092,0.03912405334641257,-0.1445240337069281
4.692,0.0009009141722534387,0.03897232348228073,-0.15893569455673792
4.6930000000000005,0.0009398033325075005,0.03880599702584281,-0.1737172183191086
4.694,0.000978518688902969,0.038624715765094374,-0.18884530317776219
4.695,0.0010170451196626594,0.03842814575428639,-0.20429471843820599
4.696,0.0010553671821383036,0.038215979197001905,-0.22003839613075646
4.697,0.001093469139853454,0.03798793623329892,-0.23604753127520506
4.698,0.0011313349912813223,0.03774376662243792,-0.2522916904467969
4.699,0.0011689485002490721,0.03748325131306198,-0.2687389283050715
4.7,0.00120629322785218,0.037206203893153725,-0.2853559115114399
4.7010000000000005,0.001243352565755018,0.036912471912522005,-0.30210804975200467
4.702,0.0012801097707468157,0.036601938071073696,-0.3189596331446124
4.703,0.0013165480004156797,0.036274521266654196,-0.3358739756943914
4.704,0.0013526503497974028,0.03593017749679222,-0.35281356402956443
4.705,0.0013883998888504327,0.03556890060926781,-0.36974021101924603
4.706,0.0014237797006035956,0.03519072289705781,-0.38661521340074434
4.707,0.0014587729198190548,0.034795715533860905,-0.40339951299306864
4.708,0.001493362772009499,0.034383988847027536,-0.42005386067368045
4.7090000000000005,0.0015275326126457463,0.03395569242546718,-0.4365389824470433
4.71,0.0015612659663888763,0.03351101506079265,-0.4528157469020202
4.711,0.0015945465661796182,0.03305018452069145,-0.4688453333003643
4.712,0.0016273583920170822,0.03257346715423658,-0.4845893996093839
4.713,0.0016596857092590097,0.032081167329618396,-0.5000102496269867
4.714,0.0016915131062765997,0.03157362670556147,-0.515070998486866
4.715,0.001722825531298578,0.03105122333839514,-0.5297357358457913
4.716,0.0017536083282815452,0.030514370627539276,-0.54396968586594
4.7170000000000005,0.001783847271646795,0.029963516102960372,-0.5577393632918708
4.718,0.0018135285997276961,0.029399140058841904,-0.5710127249450666
4.719,0.0018426390467763682,0.02882175403850194,-0.5837593157348641
4.72,0.0018711658733837745,0.028231899176310443,-0.5959504086481238
4.721,0.0018990968951734595,0.027630144403059463,-0.6075591378538318
4.722,0.0019264205096359696,0.027017084521960864,-0.6185606243433687
4.723,0.0019531257209784865,0.026393338163072582,-0.6289320934331945
4.724,0.001979202162872323,0.02575954562459998,-0.6386529835120057
4.7250000000000005,0.0020046401189897116,0.02511636661017695,-0.6477050453340527
4.726,0.002029430541230666,0.024464477871731293,-0.6560724315572646
4.727,0.002053565065550576,0.023804570768089263,-0.6637417757267966
4.728,0.0020770360253096302,0.02313734875001974,-0.6707022604122527
4.729,0.0020998364620760162,0.02246352478275258,-0.6769456741220685
4.73,0.002121960133826156,0.02178381871752663,-0.6824664563298356
4.731,0.0021434015204969074,0.021098954623976818,-0.687261730769786
4.732,0.0021641558268566223,0.02040965809545302,-0.6913313262778061
4.7330000000000005,0.002184218982674199,0.019716653539699893,-0.694677785228449
4.734,0.0022035876401777428,0.019020661467388192,-0.6973063593949516
4.735,0.002222259168807024,0.018322395791174846,-0.6992249930317419
4.736,0.0022402316472765957,0.017622561147967834,-0.7004442933822826
4.737,0.002257503852979151,0.016921850257143527,-0.7009774882663293
4.738,0.0022740752487713876,0.016220941327329753,-0.7008403713612182
4.739,0.002289945967197164,0.015520495524222662,-0.7000512348529591
4.74,0.0023051167922151657,0.01482115451178022,-0.698630790031924
4.741,0.002319589138510463,0.014123538078814762,-0.6966020758989946
4.742,0.0023333650284812013,0.013428241862662386,-0.6939903564057562
4.743,0.0023464470670031866,0.012735835181308228,-0.6908230063025599
4.744,0.0023588384140862456,0.012046858984810433,-0.6871293866930284
4.745,0.0023705427555468267,0.011361823936352303,-0.6829407102232317
4.746,0.0023815642718314103,0.010681208632814512,-0.6782898968523502
4.747,0.002391907605134804,0.010005457973972655,-0.6732114208313629
4.748,0.0024015778249662054,0.009334981688830736,-0.6677411494524739
4.749,0.002410580392324079,0.00867015302691618,-0.6619161743766395
4.75,0.0024189211226482905,0.008011307621506415,-0.6557746364428891
4.751,0.0024266061477245535,0.007358742531018996,-0.6493555445319473
4.752,0.0024336418767220316,0.006712715463936507,-0.6426985896330302
4.753,0.00244003495654985,0.006073444191699295,-0.6358439548413916
4.7540000000000004,0.0024457922317222655,0.005441106153131801,-0.6288321222935959
4.755,0.002450920703925371,0.004815838253079556,-0.6217036778108931
4.756,0.002455427491480343,0.004197736856864482,-0.6144991146192538
4.757,0.002459319788899406,0.0035868579812608275,-0.6072586365880555
4.758,0.002462604826730917,0.0029832176817603394,-0.600021962412921
4.759,0.0024652898318891807,0.0023867926347668836,-0.5928281315739907
4.76,0.002467381988662817,0.0017975209125055665,-0.5857153129486435
4.761,0.0024688884005927758,0.0012153029474124995,-0.5787206172374902
4.7620000000000005,0.002469816053407366,0.0006400026817671462,-0.5718799140532165
4.763,0.002470171779196966,7.144889743238594e-05,-0.5652276546163041
4.764,0.0024699622220054618,-0.0004905632804398381,-0.558796701128144
4.765,0.002469193805008908,-0.001046270712667958,-0.5526181633280959
4.766,0.002467872699444486,-0.0015959404161756485,-0.5467212436872851
4.767,0.0024660047954445383,-0.0021398675837207824,-0.5411330914029823
4.768,0.0024635956749213565,-0.0026783734626429877,-0.5358786664414277
4.769,0.0024606505866385632,-0.003211803102943269,-0.5309806141591347
4.7700000000000005,0.0024571744235942976,-0.003740522985587671,-0.5264591511296695
4.771,0.0024531717028301995,-0.004264918542609131,-0.5223319629132507
4.772,0.002448646547768298,-0.0047853915811948405,-0.5186141142581687
4.773,0.0024436026731654886,-0.005302357624424244,-0.5153179722006364
4.774,0.002438043372762398,-0.005816243181756364,-0.5124531424636021
4.775,0.0024319715096900885,-0.006327482962862407,-0.5100264197484827
4.776,0.002425389509684359,-0.006836517048596621,-0.5080417517199464
4.777,0.0024182993571434533,-0.007343788033214424,-0.5065002175156603
4.7780000000000005,0.0024107025940507745,-0.007849738152142398,-0.5054000203402877
4.779,0.0024026003217698924,-0.008354806409620705,-0.5047364946163255
4.78,0.002393993205704749,-0.00885942572066562,-0.5045021274735035
4.781,0.002384881482803564,-0.009364020081703487,-0.5046865946022285
4.782,0.0023752649718706497,-0.009869001784124823,-0.5052768102404441
4.783,0.002365143086636198,-0.010374768684778593,-0.5062569910670958
4.784,0.002354514851520203,-0.010881701547210855,-0.5076087337974292
4.785,0.0023433789200130468,-0.01139016146710171,-0.5093111059842824
4.7860000000000005,0.0023317335955820397,-0.01190048739491203,-0.5113407496363546
4.787,0.002319576855000433,-0.012412993768300927,-0.5136719971414375
4.788,0.0023069063739830924,-0.012927968266380404,-0.5162769990175147
4.789,0.00229371955500131,-0.01344566969718376,-0.5191258625891991
4.79,0.0022800135571381533,-0.013966326029129708,-0.5221868013026938
4.791,0.0022657853278353216,-0.014490132576533718,-0.5254262935053227
4.792,0.002251031636372832,-0.015017250348445045,-0.528809250317332
4.793,0.0022357491089139794,-0.015547804569260382,-0.5322991913133437
4.7940000000000005,0.0022199342649399704,-0.01608188337875754,-0.5358584276809748
4.795,0.0022035835548914625,-0.016619536718258072,-0.5394482513200883
4.796,0.0021866933988280027,-0.017160775408661275,-0.5430291294863165
4.797,0.0021692602259110448,-0.017705570425255203,-0.5465609037015375
4.798,0.002151280514511878,-0.0182538523730786,-0.5500029919452548
4.799,0.0021327508327424853,-0.018805511165707302,-0.5533145933121516
4.8,0.0021136678792049762,-0.01936039590931147,-0.5564548938961831
4.801,0.0020940285237539434,-0.019918314992755145,-0.5593832729911679
4.8020000000000005,0.0020738298480657983,-0.02047903638353552,-0.5620595085695812
4.803,0.002053069185809877,-0.02104228812830739,-0.5644439809741596
4.804,0.0020317441622178596,-0.02160775905572647,-0.5664978738639996
4.805,0.002009852732850823,-0.02217509967834711,-0.5681833713772809
4.806,0.0019873932213670103,-0.022743923289278038,-0.5694638504845704
4.807,0.0019643643560981632,-0.02331380724841638,-0.5703040677921133
4.808,0.0019407653052479319,-0.02388429445204667,-0.570670339468466
4.809,0.0019165957105325441,-0.024454894978729144,-0.5705307138964864
4.8100000000000005,0.0018918557190914054,-0.025025087903548366,-0.5698551357419638
4.811,0.0018665460135036762,-0.025594323271909865,-0.5686156009810347
4.812,0.0018406678397560664,-0.026162024223309856,-0.566786301818942
4.813,0.0018142230330170297,-0.02672758925476311,-0.5643437610875638
4.814,0.0017872140410832029,-0.02729039461289042,-0.5612669551670589
4.815,0.0017596439453752563,-0.027849796803002525,-0.557537425057146
4.816,0.0017315164793722663,-0.028405135202977386,-0.5531393748925784
4.817,0.0017028360443861804,-0.02895573476919468,-0.5480597575420085
4.8180000000000005,0.0016736077225909236,-0.029500908821318495,-0.5422883467056148
4.819,0.0016438372872340811,-0.030039961892366043,-0.5358177953894807
4.82,0.0016135312099728129,-0.030572192630170164,-0.5286436802187656
4.821,0.001582696665289698,-0.031096896736059268,-0.5207645315594389
4.822,0.0015513415319584512,-0.031613369926434515,-0.5121818491910448
4.823,0.0015194743915438369,-0.03212091090279375,-0.5029001035274195
4.824,0.0014871045239345851,-0.03261882431570979,-0.4929267223046499
4.825,0.0014542418999225815,-0.03310642370829777,-0.48227206287130714
4.8260000000000005,0.0014208971708560294,-0.03358303442480678,-0.4709493701467015
4.827,0.0013870816554085524,-0.03404799647014716,-0.458974720534064
4.828,0.0013528073235202778,-0.034500667306401965,-0.4463669519755424
4.829,0.001318086777580737,-0.03494042457267984,-0.4331475805802025
4.83,0.0012829332309368944,-0.035366668715005566,-0.419340704071243
4.831,0.0012473604838226628,-0.03577882551345757,-0.40497289283275834
4.832,0.0012113828968188256,-0.03617634849421708,-0.39007306868627606
4.833,0.0011750153619643482,-0.03655872121473746,-0.3746723723544881
4.8340000000000005,0.0011382732716515255,-0.03692545941090782,-0.35880401998623956
4.835,0.001101172485448199,-0.037276112995744404,-0.3425031496869215
4.836,0.0010637292950004013,-0.037610267899850794,-0.32580665852585816
4.837,0.0010259603871781234,-0.03792754774470497,-0.30875303118249176
4.838,0.0009878828056354644,-0.03822761534061271,-0.2913821606329846
4.839,0.0009495139109641393,-0.03851017400203745,-0.2737351622164809
4.84,0.0009108713396261464,-0.03877496867394848,-0.2558541816055753
4.841,0.0008719729618573254,-0.039021786863693675,-0.23778219788480565
4.8420000000000005,0.0008328368387385133,-0.03925045937393064,-0.21956282258910806
4.843,0.0007934811786350065,-0.03946086083308317,-0.20124009571595447
4.844,0.0007539242932080623,-0.03965291002080529,-0.18285827972827795
4.845,0.0007141845532041868,-0.03982656998694594,-0.16446165255302636
4.846,0.0006742803442289437,-0.039981847963540186,-0.14609430063545498
4.847,0.0006342300227119947,-0.040118795070357795,-0.12779991299976173
4.848,0.0005940518722690297,-0.04023750581557203,-0.1096215774287167
4.849,0.0005537640606641714,-0.04033811739414481,-0.09160157971682474
4.8500000000000005,0.0005133845975733507,-0.04042080878749661,-0.07378120698678409
4.851,0.000472931293345079,-0.040485799669046724,-0.0562005561134414
4.852,0.00043242171894996846,-0.040533349121174365,-0.03889834814184457
4.853,0.0003918731673043462,-0.04056375417007005,-0.021911749649528644
4.854,0.0003513026161463687,-0.04057734814588497,-0.005276201980317226
4.855,0.00031072669263520445,-0.040574498876443474,0.010974740863305733
4.856,0.00027016163983517545,-0.040555606723614475,0.026809564794679986
4.857,0.0002296232852372426,-0.04052110247225119,0.04219893793188242
4.8580000000000005,0.00018912701145995975,-0.04047144508231456,0.057115841941385324
4.859,0.00014868772926104974,-0.040407119315505446,0.07153569167683195
4.86,0.00010831985297911454,-0.040328633248364935,0.08543644260418423
4.861,6.803727851275275e-05,-0.040236515684358626,0.09879868540843148
4.862,2.7853363931584046e-05,-0.040131313477978776,0.11160572735125708
4.863,-1.2219087199576611e-05,-0.04001358878434254,0.12384365992121624
4.864,-5.2167839715815725e-05,-0.03988391624813567,0.135501412492516
4.865,-9.198123791291299e-05,-0.039742880146058854,0.14657079166110618
4.866,-0.00013164821373452527,-0.03959107149716577,0.15704650612505436
4.867,-0.00017115829206092916,-0.039429085155641995,0.16692617692250675
4.868,-0.00021050159308908038,-0.03925751690066044,0.17621033304060063
4.869,-0.0002496688318083889,-0.039076960537956576,0.1849023923671308
4.87,-0.00028865131459122006,-0.03888800502770567,0.19300862813468647
4.871,-0.00032744093293164244,-0.03869123165313908,0.20053812099849
4.872,-0.00036603015438027613,-0.038487211244128246,0.20750269702317226
4.873,-0.00040441201073717443,-0.03827650146966846,0.21391685189639925
4.874,-0.0004425800835784301,-0.03805964421284287,0.21979766175478802
4.875,-0.00048052848720555805,-0.03783716304141319,0.22516468110457047
4.876,-0.0005182518491196004,-0.03760956078667179,0.23003982837823037
4.877,-0.0005557452881342613,-0.037377317242649914,0.23444725966553082
4.878,-0.0005930043902541501,-0.03714088699712776,0.23841323137878107
4.8790000000000004,-0.0006300251824553172,-0.036900697405206566,0.24196595246360317
4.88,-0.0006668041045156519,-0.03665714671546274,0.24513542702405117
4.881,-0.0007033379790523424,-0.03641060235791831,0.2479532880648074
4.882,-0.0007396239799323972,-0.03616139940219145,0.25045262338892854
4.883,-0.0007756595992301556,-0.03590983919332542,0.25266779434314934
4.884,-0.0008114426129127494,-0.035656188171862356,0.2546342485829749
4.885,-0.000846971045440561,-0.035400676883760876,0.25638832761998187
4.886,-0.0008822431334748272,-0.03514349918477172,0.25796707035832367
4.8870000000000005,-0.0009172572888886481,-0.03488481164287016,0.25940801344479025
4.888,-0.000952012061280752,-0.03462473314133758,0.260748989620371
4.889,-0.0009865061001934105,-0.034363344683979745,0.2620279250952929
4.89,-0.0010207381172368975,-0.03410068940299387,0.26328263687645587
4.891,-0.0010547068483228472,-0.033836772768905204,0.2645506313008808
4.892,-0.0010884110162077704,-0.03357156300094121,0.2658689046271169
4.893,-0.0011218492935458468,-0.03330499167521162,0.26727374683206623
4.894,-0.0011550202666469537,-0.033036954527002366,0.2688005495864393
4.8950000000000005,-0.0011879224001317132,-0.03276731244251645,0.27048361938538634
4.896,-0.0012205540026701879,-0.032495892634432366,0.27235599678276445
4.897,-0.001252913193984742,-0.032222489994675856,0.2744492827302498
4.898,-0.0012849978732905531,-0.03194686861694675,0.2767934727279624
4.899,-0.00131680568933935,-0.03166876348064716,0.27941679987121965
4.9,-0.0013483340122231958,-0.03138788228704451,0.28234558733407306
4.901,-0.0013795799070856001,-0.031103907437763714,0.28560411122752155
4.902,-0.0014105401098769789,-0.03081649814499362,0.28921447431266706
4.9030000000000005,-0.0014412110052805305,-0.03052529266210948,0.2931964914556082
4.904,-0.001471588606923015,-0.03022991062285922,0.29756758704491276
4.905,-0.0015016685399728167,-0.02992995547674455,0.30234270518443074
4.906,-0.001531446026215058,-0.029625017007737856,0.30753423282896303
4.907,-0.001560915871680498,-0.029314673923141785,0.3131519363631818
4.908,-0.0015900724568915757,-0.02899849649901329,0.31920291189380884
4.909,-0.0016189097297752964,-0.02867604926842809,0.32569154927659016
4.91,-0.0016474212012788185,-0.028346893738616225,0.3326195103471419
4.9110000000000005,-0.001675599943709586,-0.028010591122918847,0.33998572104761615
4.912,-0.001703438591807829,-0.027666705073566826,0.34778637765642556
4.913,-0.0017309293465452326,-0.027314804401240306,0.3560149669966135
4.914,-0.0017580639816296376,-0.0269544657675694,0.3646623003451949
4.915,-0.0017848338526818895,-0.026585276336934426,0.373716560924752
4.916,-0.0018112299090374188,-0.026206836374124395,0.3831633646953107
4.917,-0.0018372427081119118,-0.025818761774861698,0.3929858338300846
4.918,-0.0018628624322576252,-0.02542068651656529,0.40316468276273293
4.9190000000000005,-0.0018880789080244786,-0.02501226501714152,0.413678316084807
4.92,-0.0019128816277281604,-0.024593174390222315,0.4245029377536053
4.921,-0.0019372597732161701,-0.02416311658579697,0.43561267109708907
4.922,-0.0019612022417120093,-0.023721820405882433,0.4469796887319839
4.923,-0.001984697673607694,-0.02326904338548675,0.4585743520593841
4.924,-0.002007734482065413,-0.022804573529950585,0.47036535901294424
4.925,-0.0020303008842806457,-0.022328230900515274,0.4823198998576765
4.926,-0.002052384934251282,-0.021839869040756972,0.49440381965892755
4.9270000000000005,-0.002073974556890359,-0.021339376237397744,0.506581787059526
4.928,-0.0020950575833139987,-0.020826676609881876,0.5188174679722048
4.929,-0.0021156217871309544,-0.020301731024029858,0.5310737037318274
4.93,-0.0021356549215559603,-0.019764537825981646,0.5433126923645935
4.931,-0.002155144757165745,-0.019215133393587342,0.5554961724240183
4.932,-0.0021740791201141966,-0.01865359250331551,0.5675856081196472
4.933,-0.0021924459306217284,-0.018080028511748482,0.5795423750144088
4.934,-0.0022102332415534203,-0.01749459335163494,0.5913279452126774
4.9350000000000005,-0.002227429276900947,-0.016897477343418402,0.6029040712203987
4.936,-0.0022440224699846923,-0.01628890882407252,0.6142329674713634
4.937,-0.002260001501194715,-0.015669153595972547,0.6252774887285784
4.938,-0.002275355335092446,-0.01503851419949023,0.636001304236057
4.939,-0.002290073256699047,-0.014397329013711973,0.6463690673204543
4.94,-0.0023041449068012224,-0.013745971190638506,0.6563465788264772
4.941,-0.0023175603161110316,-0.01308484742897925,0.6659009444920335
4.942,-0.0023303099381227124,-0.012414396594381236,0.6750007247039924
4.9430000000000005,-0.0023423846805167327,-0.011735088193659534,0.6836160767394128
4.944,-0.002353775934969203,-0.011047420711281258,0.691718888017141
4.945,-0.002364475605233339,-0.01035191981699171,0.6992829005619556
4.946,-0.0023744761333688177,-0.009649136453965378,0.706283825490705
4.947,-0.002383770524004531,-0.00893964481746151,0.7126994475170321
4.948,-0.0023923523665304665,-0.008224040234409822,0.7185097185863447
4.949,-0.0024002158551250496,-0.0075029369547569965,0.723696840719305
4.95,-0.0024073558065352725,-0.006776965865688401,0.728245337417886
4.9510000000000005,-0.002413767675538242,-0.006046772140250611,0.7321421134576945
4.952,-0.0024194475680243996,-0.0053130128320646,0.735376502914328
4.953,-0.002424392251654413,-0.0045763544279618425,0.7379403052911885
4.954,-0.002428599164053639,-0.003837470370490521,0.739827809651455
4.955,-0.002432066418520088,-0.003097038562407908,0.7410358065137709
4.956,-0.002434792807233841,-0.0023557388650977448,0.7415635881065554
4.957,-0.0024367778019678188,-0.0016142506028581313,0.7414129363726715
4.958,-0.0024380215523117,-0.0008732500849051791,0.7405880995332328
4.9590000000000005,-0.002438524881432491,-0.0001334081566762686,0.7390957569245884
4.96,-0.002438289279406781,0.0006046122080958648,0.7369449726196785
4.961,-0.002437316894170976,0.0013401582635137392,0.7341471382160704
4.962,-0.00243561052014667,0.0020725897850988983,0.7307159049542479
4.963,-0.00243317358460892,0.00280128129040071,0.726667105649376
4.964,-0.0024300101318753447,0.0035256241767498537,0.722018667048911
4.965,-0.0024261248054036014,0.004245028766736967,0.716790512925316
4.966,-0.0024215228278940096,0.004958926252447368,0.7110044584954871
4.9670000000000005,-0.002416209979502704,0.005666770530163974,0.7046840969377243
4.968,-0.0024101925742787706,0.006368039917703013,0.6978546781403534
4.969,-0.002403477434946261,0.007062238747316755,0.6905429810871281
4.97,-0.0023960718661587715,0.007748898827663485,0.6827771796063327
4.971,-0.0023879836263604117,0.008427580769056364,0.674586703179425
4.972,-0.002379220898392429,0.009097875166908869,0.6660020925255831
4.973,-0.002369792258989495,0.009759403638958362,0.6570548515734037
4.974,-0.002359706647313673,0.010411819712685415,0.6477772958807041
4.9750000000000005,-0.0023489733326773217,0.011054809560018182,0.63820239878483
4.976,-0.002337601881608737,0.01168809257715191,0.6283636354826294
4.977,-0.0023256021244161093,0.012311421808103898,0.618294826421347
4.978,-0.0023129841214063807,0.012924584211353798,0.6080299800784545
4.979,-0.002299758128915865,0.013527400769678323,0.5976031365705926
4.98,-0.002285934565309005,0.014119726444041391,0.5870482121555415
4.981,-0.0022715239771004536,0.014701449973060348,0.5763988458823682
4.982,-0.002256537005353722,0.015272493520402695,0.5656882488023244
4.9830000000000005,-0.0022409843525070003,0.01583281217304068,0.5549490564736507
4.984,-0.002224876749773458,0.016382393294043812,0.5442131855326109
4.985,-0.002208224925259324,0.016921255734224257,0.5335116948282763
4.986,-0.0021910395729384104,0.017449448907603627,0.5228746519304573
4.987,-0.0021733313226165417,0.01796705173613404,0.5123310051303686
4.988,-0.0021551107110135306,0.018474171469888345,0.5019084623782433
4.989,-0.0021363881540839374,0.018970942389298587,0.49163337644224475
4.99,-0.002117173920691015,0.019457524396545654,0.48153063805188784
4.9910000000000005,-0.0020974781077408677,0.019934101503748334,0.4716235763534693
4.992,-0.0020773106168760595,0.02040088022586811,0.46193386788608065
4.993,-0.0020566811328197325,0.0208580878867855,0.45248145394870115
4.994,-0.0020355991034527363,0.021305970847206365,0.4432844668930287
4.995,-0.0020140737216974157,0.02174479266343397,0.434359165562186
4.996,-0.0019921139092725915,0.0221748321862148,0.4257198799994749
4.997,-0.0019697283023749203,0.02259638160912819,0.4173789658273088
4.998,-0.0019469252393322963,0.02300974447611975,0.40934676815580884
4.999,-0.0019237127502653004,0.023415233657872334,0.4016315953493595
5.0,-0.0019000985487829694,0.02381316930678956,0.3942397024850964
