time,Displacement,velocity,Acceleration
0.0,0.0,0.0,982.4992212631977
0.001,6.347281209627876e-05,0.2039454479289151,126.94562419255755
0.002,0.0002566750969655823,0.19581799733775224,-21.48632611922312
0.003,0.00047198795739734304,0.22936487881811762,38.989726188016995
0.004,0.0007250930501030083,0.27608114345037577,47.480427775095166
0.005,0.0010224427881490672,0.3190632241142775,42.53718919136614
0.006,0.0013608244053653956,0.35805104658723313,38.63678620410183
0.007,0.0017364570200494695,0.39352681128185213,35.16313619368115
0.008,0.00214607789924098,0.42598269713486175,32.1881358193168
0.009000000000000001,0.0025865451517796782,0.4552415201935828,28.969110807673157
0.01,0.002975290119375427,0.33682501443821483,-132.9931051956688
0.011,0.003303063549985285,0.30838175240299576,-18.103167656713094
0.012,0.003601742324177998,0.28909304697117716,-19.405956420565275
0.013000000000000001,0.0038752591961261447,0.2589978723514109,-31.152350046060842
0.014,0.004117218535582944,0.22518403097907191,-34.07706578922365
0.015,0.004325639488850056,0.19160829362227522,-33.52615542391931
0.016,0.004500708928734815,0.15849022583184297,-33.077707475032426
0.017,0.0046426116808633506,0.12532403001907155,-33.17494740661375
0.018000000000000002,0.004751427584546751,0.09229349482155483,-33.01625267134229
0.019,0.004827685350539298,0.06013700561234023,-32.07145765801516
0.02,0.00487262113821223,0.02958435777339512,-30.4024358788173
0.021,0.004888069470002657,0.0011205712553003268,-28.27205196593543
0.022,0.004876277314277973,-0.02492507652520496,-25.82545395996824
0.023,0.004839824108549575,-0.04823056253141242,-23.056258406384966
0.024,0.004781642811460513,-0.06841596268290759,-19.90146911529727
0.025,0.004705063755531013,-0.08506392461208169,-16.326186493183894
0.026000000000000002,0.004613812954363804,-0.09779339672679904,-12.373753110253624
0.027,0.004511922496448332,-0.10636368587010764,-8.19412237734701
0.028,0.004403536778649489,-0.11078125499436609,-4.044063857469478
0.029,0.004292632209203535,-0.1113696530434299,-0.2466289031775375
0.03,0.004182703177032957,-0.10876991965612416,2.88124174570518
0.031,0.004076484812916427,-0.10386677681694952,5.103111079188112
0.032,0.003975773129675275,-0.0976652265118702,6.310187151596016
0.033,0.003881372784254939,-0.09115522608163423,6.529762183068489
0.034,0.0037931686872201345,-0.08519649261992808,5.902258093659326
0.035,0.0037102936647282823,-0.08044021375840107,4.6429402561512765
0.036000000000000004,0.00363135474033187,-0.07729000249652843,3.0025787239769666
0.037,0.003554682037471765,-0.07589628507308002,1.2345992728466677
0.038,0.0034785708798718428,-0.07617623913737659,-0.4297450536843689
0.039,0.0034014949671356824,-0.07785232214199453,-1.7993471975674082
0.04,0.0033222749506978217,-0.08050346700825131,-2.7353885917315557
0.041,0.003240192696179833,-0.0836230452492288,-3.1575750194743417
0.042,0.0031550476916422424,-0.08667719290580014,-3.0439185767237933
0.043000000000000003,0.0030671584177221945,-0.08915713302363672,-2.424162028496082
0.044,0.0029773171790652402,-0.09062037985883964,-1.368211266635458
0.045,0.002886710798514907,-0.09071804013135454,0.027998617013505853
0.046,0.002796821012252526,-0.08920809821429206,1.6565077379464508
0.047,0.0027093174589658694,-0.08595674074958014,3.4090898552711355
0.048,0.002625953575191567,-0.08093092296760013,5.18571395055561
0.049,0.002548472505416665,-0.07418547590133888,6.899706385396965
0.05,0.0024785271646507855,-0.06584745638011773,8.480270270918044
0.051000000000000004,0.0024176162986457453,-0.0560996375730938,9.873180750155273
0.052000000000000005,0.0023670367967290294,-0.0451644044109724,11.040271312755417
0.053,0.002327851394736356,-0.03328899559151993,11.958004836598327
0.054,0.002300870003166139,-0.020732935837454888,12.615208042605706
0.055,0.0022866420909612444,-0.007758424102360611,13.010047265120617
0.056,0.00228545692085353,0.005375802421756327,13.146507989292399
0.057,0.002297348166683098,0.018417095143009876,13.030886815623333
0.058,0.0023220997448366,0.031118634035511683,12.668966020984296
0.059000000000000004,0.0023592506366432067,0.04323755012079271,12.06451554218949
0.06,0.0024080979537927814,0.054533132511972324,11.219534057563259
0.061,0.0024676992161001996,0.06476688680486453,10.13625959089177
0.062,0.002536876383386684,0.07370586064459256,8.82056096323931
0.063,0.002614225235204246,0.08112995506608889,7.285982345939345
0.064,0.0026981339609183793,0.08684305605666509,5.557541296089726
0.065,0.002786814222220898,0.09068694832076615,3.6744104917065834
0.066,0.0028783465828583635,0.09255629568141287,1.6908246333990316
0.067,0.0029707403212806995,0.0924126156868993,-0.32511451815327447
0.068,0.0030620055919070104,0.09029518736999398,-2.2946901211775064
0.069,0.003150234029986575,0.0863271815505065,-4.133498580858783
0.07,0.0032336824962554893,0.0807159048657316,-5.757430563184182
0.07100000000000001,0.003310853921008829,0.07374678231049143,-7.088960224784157
0.07200000000000001,0.003380569202436693,0.06577144428387882,-8.063001765254997
0.073,0.0034420247961307526,0.05719092605153415,-8.63170117963925
0.074,0.0034948318657714627,0.04843545427766682,-8.76771282164812
0.075,0.003539034455976882,0.03994254751222783,-8.465728144495234
0.076,0.003575105882070742,0.03213519099779338,-7.742242836736134
0.077,0.0036039242030422797,0.025401685694701873,-6.633740052511262
0.078,0.003626729082823905,0.020078462328175936,-5.193611826153761
0.079,0.003645063431331311,0.01643675011002129,-3.488227641539349
0.08,0.003660703888066269,0.014673555679667246,-1.5925867501269255
0.081,0.0036755844613515884,0.014906994914442556,0.4140352113041036
0.082,0.0036917175079274112,0.017175672107172524,2.452103322761096
0.083,0.0037111158093522446,0.02144154676436441,4.445258635322406
0.084,0.0037357188731919418,0.027595581118649626,6.323034150666154
0.085,0.0037673258635546694,0.03546541901643089,8.022818488155284
0.08600000000000001,0.0038075368434955883,0.04482439356293293,9.491121848975892
0.08700000000000001,0.0038577033674146396,0.0554012717774764,10.68426071223697
0.088,0.0039188889438771975,0.06689028976842684,11.56860937016386
0.089,0.003991839517878763,0.07896118191605273,12.12056846627598
0.09,0.0040769638887706,0.09126903701394551,12.32637795156918
0.091,0.004174323856895423,0.10346390565138454,12.18186222175583
0.092,0.004283633836583576,0.115200127998261,11.692148073536737
0.093,0.0044042696400016885,0.1261453505890098,10.871350839703824
0.094,0.00453528608478893,0.13598916360536464,9.742188396463193
0.095,0.0046754429793260804,0.1444512308568969,8.335461863572048
0.096,0.00482323887912082,0.15128871989149206,6.689337875685366
0.097,0.00497695178873518,0.15630278559592356,4.848379445736056
0.098,0.005134685723028246,0.15934383037483876,2.8622973942845573
0.099,0.0052944217670043755,0.16031526589467401,0.7844272025820055
0.1,0.005454072018613237,0.1591755383427275,-1.3300285716251528
0.101,0.005611534597054568,0.1559382487507399,-3.4259198027926945
0.10200000000000001,0.005764747779489686,0.15067029527405665,-5.450132631243839
0.10300000000000001,0.005911741312156737,0.1434880753924949,-7.353525214010795
0.10400000000000001,0.006050683037607228,0.13455190122878727,-9.092699884007287
0.105,0.006179919186487567,0.12405888896504971,-10.63150469689769
0.106,0.0062980069874597885,0.1122346733953816,-11.942175985656405
0.107,0.006403738630910603,0.09932436305756084,-13.006059889133713
0.108,0.006496156053065023,0.0855831852238225,-13.813881806281657
0.109,0.006574556455764568,0.07126727166707211,-14.365565048554968
0.11,0.006638488912205709,0.05662500710150718,-14.669630451862616
0.111,0.006687742801983925,0.04188930683244882,-14.742234646583226
0.112,0.006722329146795614,0.02727111483647348,-14.60592404151961
0.113,0.0067424561650436836,0.012954325881841821,-14.288193176807578
0.114,0.006748500521093293,-0.0009077565987330467,-13.819939664463941
0.115,0.006740975812472686,-0.014194403848344852,-13.233904043747309
0.116,0.006720499822207838,-0.026817942490318054,-12.563172833006531
0.117,0.006687761975384899,-0.03872285393065868,-11.839808665241803
0.11800000000000001,0.006643492294106457,-0.04988366248349578,-11.093654695566315
0.11900000000000001,0.006588432959880473,-0.060301813977426566,-10.351343484977823
0.12,0.006523313383385039,-0.07000176267384665,-9.635525036013274
0.121,0.006448829462786534,-0.07902648734996659,-8.964315849317304
0.122,0.00636562749469634,-0.08743265072361987,-8.350961480455751
0.123,0.006274292994375442,-0.09528560352390664,-7.803699194555757
0.124,0.006175344488598654,-0.10265441855166169,-7.32580450576378
0.125,0.006069232167636395,-0.10960712334446715,-6.91580482119421
0.126,0.005956341122267258,-0.11620628386327427,-6.567844049340256
0.127,0.0058369987469852795,-0.12250507620975616,-6.2721828374080015
0.128,0.00571148576117824,-0.1285439681321782,-6.015819194566269
0.129,0.005580050186510262,-0.134348115754846,-5.783213071600942
0.13,0.005442923522846399,-0.13992556212570126,-5.557095818034239
0.131,0.005300338289958153,-0.1452663015371555,-5.319341525089185
0.132,0.005152546052105437,-0.15034224636873403,-5.051872631121427
0.133,0.004999835021948558,-0.15510810139996,-4.7375675762912595
0.134,0.004842546353245782,-0.15950311497295144,-4.361134605632121
0.135,0.004681088281352194,-0.16345363868301752,-3.9099138412738306
0.136,0.004515947357620867,-0.1668763897166558,-3.3745700966194128
0.137,0.004347696146934027,-0.16968227519108653,-2.749641940368101
0.138,0.004176996912614877,-0.17178060857879415,-2.033918256125799
0.139,0.004004600993198142,-0.1730835269468987,-1.2306216758826758
0.14,0.0038313437721488076,-0.1735104061641616,-0.3473882048719335
0.14100000000000001,0.003658135344333374,-0.1729920705079144,0.6039566974567853
0.14200000000000002,0.0034859471809511977,-0.1714746034363003,1.6078142514758214
0.14300000000000002,0.0033157952770585344,-0.1689225869842485,2.6453990872735855
0.14400000000000002,0.0031487204231798547,-0.165321626814258,3.695466211138318
0.145,0.002985766366993752,-0.1606800563120125,4.735141256311052
0.146,0.0028279567171704914,-0.1550297537894165,5.740812977503282
0.147,0.0026762714861212162,-0.14842604923438404,6.689045480282594
0.148,0.0025316241712402105,-0.14094673861801027,7.557468706756406
0.149,0.0023948402370819366,-0.13269026231768136,8.32560891947343
0.15,0.002266637787710633,-0.12377313795252098,8.97562589275578
0.151,0.0021476111146202406,-0.11432676557309893,9.492929724257184
0.152,0.002038217677597739,-0.10449374393582908,9.866657101194177
0.153,0.0019387689306724996,-0.09442385023744834,10.089994021179407
0.154,0.0018494252499259179,-0.0842698423021648,10.160338981733393
0.155,0.0017701950612326602,-0.07418324222559775,10.079307217814348
0.156,0.0017009381102491754,-0.06431025451534918,9.852582484225577
0.157,0.0016413726697524819,-0.054787960577815535,9.489628037311368
0.158,0.0015910863455861186,-0.04574091578561442,9.003272822904494
0.159,0.0015495500260109217,-0.037278256128592986,8.409192420835197
0.16,0.001516134423405329,-0.029491399398857567,7.725307046000281
0.161,0.001490128584445557,-0.022452401765582063,6.971120878170853
0.162,0.0014707596967761774,-0.016213005231458077,6.167028192405067
0.163,0.0014572134976358557,-0.01080438560827358,5.3336121822725735
0.164,0.0014486545930240456,-0.006237585098305657,4.490961992926803
0.165,0.001444246024073234,-0.002504589130503259,3.6580322949878967
0.166,0.001443167468809323,0.00042001541324322017,2.8520677331841413
0.167,0.0014446315401228907,0.0025768832478204953,2.0881118006491235
0.168,0.0014478977314627203,0.004019354037335535,1.378616184018262
0.169,0.0014522836667507203,0.004810607370106576,0.7331625013290078
0.17,0.001457173426002377,0.005020648419647531,0.158303763100379
0.171,0.0014620228384283698,0.004723246249875134,-0.3424719873092644
0.17200000000000001,0.0014663617555080736,0.003992944681305304,-0.7686583403428531
0.17300000000000001,0.001469793432807039,0.0029022587948155784,-1.1225347646800752
0.17400000000000002,0.0014719912565505533,0.0015191588726262853,-1.4088701026022927
0.17500000000000002,0.0014726931450207527,-9.507156902496274e-05,-1.634540804853892
0.176,0.0014716940322262674,-0.001887535271799764,-1.808082450920825
0.177,0.001468836899318002,-0.003814930390749641,-1.9391952729307727
0.178,0.0014640028561204055,-0.005844243273774737,-2.0382256136937653
0.179,0.001457100790106436,-0.007952920966161755,-2.1156454803896465
0.18,0.001448057093322031,-0.010128541048599574,-2.181551636486538
0.181,0.001436805950232071,-0.01236801641115948,-2.2452040827210102
0.182,0.0014232806231063838,-0.014676390279044505,-2.3146214290550935
0.183,0.0014074061089793526,-0.017065291610995344,-2.3962476959734955
0.184,0.0013890934665356622,-0.019551132419138327,-2.4947016653905165
0.185,0.001368236026019311,-0.022153136305950803,-2.6126161944256387
0.186,0.0013447076041766138,-0.024891291440327833,-2.7505710734930995
0.187,0.0013183627531326016,-0.02778432131564789,-2.907119207368877
0.188,0.0012890389806853855,-0.030847763103765562,-3.0789022631367824
0.189,0.0012565607932897638,-0.034092236518625835,-3.260848583712048
0.19,0.0012207453351652836,-0.037521976213815124,-3.44644321170902
0.191,0.0011814093302574197,-0.04113368832603779,-3.6280573880976448
0.192,0.0011383769804583185,-0.044915777371942384,-3.7973229461272604
0.193,0.001091488435257215,-0.048847973886166934,-3.945535658322085
0.194,0.001040608425951053,-0.05290137655980717,-4.064070839990392
0.195,0.0009856346522033501,-0.05703890581737652,-4.144794375791439
0.196,0.0009265055199810144,-0.061216149368223415,-4.1804528099183145
0.197,0.0008632068570130765,-0.06538256487259628,-4.165027199428809
0.198,0.0007957772736240941,-0.06948299102036774,-4.094037032772387
0.199,0.0007243118913032249,-0.07345940652023009,-3.964782601003101
0.2,0.0006489642264323086,-0.07725286715256907,-3.7765167013722025
0.201,0.0005699460895999664,-0.08080554447287959,-3.5305393595461787
0.202,0.000487525438990699,-0.08406278618346458,-3.2302122727756406
0.203,0.0004020222064135291,-0.08697511772455807,-2.880892787410642
0.20400000000000001,0.0003138021935338679,-0.0895001072577128,-2.489790310206344
0.20500000000000002,0.0002232692107789896,-0.09160402179047254,-2.0657509943309567
0.20600000000000002,0.00013085569937717432,-0.09326321047260609,-1.6189792226854582
0.20700000000000002,3.701213553997959e-05,-0.0944651617261991,-1.160706729177278
0.20800000000000002,-5.780443721832592e-05,-0.0952091934102587,-0.7028220642127975
0.209,-0.0001531423678560949,-0.0955067491501065,-0.2574744550204862
0.21,-0.0002485674504505709,-0.0953812887198108,0.1633331112610279
0.211,-0.0003436746658880648,-0.09486777536598055,0.5481465646337992
0.212,-0.0004380992189706214,-0.0940117776193318,0.8864445668480392
0.213,-0.0005315265016948239,-0.09286821689918012,1.168989790258624
0.214,-0.0006237006508739037,-0.09149980456747452,1.3881354402003745
0.215,-0.0007144314170988311,-0.08997522259442084,1.5380766850941137
0.216,-0.0008035991202485251,-0.08836711030335954,1.6150388894536631
0.217,-0.0008911575320396408,-0.08674992551102487,1.6173970244877371
0.218,-0.0009771345959232044,-0.08519775161684158,1.5457232549224038
0.219,-0.0010616309663582673,-0.08378212277306128,1.4027623635574524
0.22,-0.0011448164204946472,-0.08256993724158086,1.1933372733629073
0.221,-0.0012269242630541114,-0.08162152456552596,0.9241893642332255
0.222,-0.0013082439073841706,-0.08098892549419537,0.6037604709336263
0.223,-0.0013891118702199722,-0.08071443501353498,0.2419253167871982
0.224,-0.00146990146292105,-0.0808294487263523,-0.15031537508588907
0.225,-0.0015510114965404758,-0.08135364161550371,-0.5611697861468966
0.226,-0.0016328543411553444,-0.08229449635510111,-0.9784059987298653
0.227,-0.0017158436910095366,-0.08364718626333253,-1.3897069981821188
0.228,-0.0018003823862117122,-0.0853948061618633,-1.7830178776861276
0.229,-0.0018868506294456215,-0.0875089332419789,-2.1468741440921417
0.23,-0.001975594913239001,-0.08995048991849698,-2.470701102801964
0.231,-0.002066917941008991,-0.09267087190746594,-2.7450757029854684
0.232,-0.002161069784860512,-0.09561329765891502,-2.9619438881103046
0.233,-0.002258240476693324,-0.09871433000533784,-3.1147883477943914
0.234,-0.0023585541784633167,-0.10190551756831094,-3.198743529309456
0.23500000000000001,-0.002462065024412713,-0.10511510213952438,-3.210656762170977
0.23600000000000002,-0.0025687546747019323,-0.10826973888056389,-3.1490962993891385
0.23700000000000002,-0.0026785315680387294,-0.11129617865785398,-3.0143089124671074
0.23800000000000002,-0.0027912318123603595,-0.11412286596804831,-2.808131327551976
0.23900000000000002,-0.0029066216089293734,-0.11668141148128473,-2.5338612019304745
0.24,-0.003024401067645115,-0.11890790495617047,-2.196094468914277
0.241,-0.0031442092409474454,-0.1207440418483839,-1.8005366923199377
0.242,-0.0032656301810728224,-0.12213804501481954,-1.3537965539855266
0.243,-0.003388199810958532,-0.12304537116969799,-0.8631697417799655
0.244,-0.0035114133927906166,-0.12342919985200264,-0.33642132477413034
0.245,-0.003634733379750806,-0.12326071030813252,0.21842578362615778
0.246,-0.0037575974453443795,-0.12251915860710814,0.793289429118706
0.247,-0.0038794264999391414,-0.1211917732560176,1.3802080246921635
0.248,-0.003999632524764998,-0.1192734923909016,1.9714968603227527
0.249,-0.004117626078409228,-0.11676656915452836,2.55987749334526
0.25,-0.00423282335849198,-0.11368007406949453,3.1385781435524827
0.251,-0.004344652730376985,-0.11002932406080285,3.7014043689801603
0.252,-0.004452560664136988,-0.1058352673201399,4.2427806015986
0.253,-0.0045560170492943575,-0.10112385152975403,4.757764325540652
0.254,-0.004654519882954485,-0.09592540021773618,5.242035739251858
0.255,-0.004747599349861687,-0.09027401837603198,5.691866621067616
0.256,-0.004834821331844863,-0.08420704414513647,6.104072785713658
0.257,-0.004915790398510474,-0.07776455858168674,6.4759549590499885
0.258,-0.004990152340541047,-0.07098896051234345,6.805233102229437
0.259,-0.005057596311461946,-0.06392460847671316,7.089979182889709
0.26,-0.005117856643371645,-0.056617526998286156,7.328553134029605
0.261,-0.00517071439723167,-0.04911517010458921,7.519546276521192
0.262,-0.005215998699417126,-0.041466231326880335,7.661735838265903
0.263,-0.005253587904037075,-0.03372048649482199,7.754053413861995
0.264,-0.005283410605876074,-0.025928653613976282,7.795569311646294
0.265,-0.005305446512604257,-0.01814225304378505,7.785493771585789
0.266,-0.0053197271681223925,-0.010413451107660253,7.723195051298984
0.267,-0.0053263365025249445,-0.0027948711497463464,7.6082334102164815
0.268,-0.005325411169116256,0.004660642153524923,7.440409116870095
0.269,-0.005317140616064726,0.011900316808413063,7.219821796010804
0.27,-0.005301766830376884,0.018871814130614038,6.946937758857144
0.271,-0.005279583685525411,0.025523660440874563,6.6226614417180025
0.272,-0.005250935821713325,0.03180575010623481,6.24840674242377
0.273,-0.005216216989658007,0.03766991586038474,5.826163898166803
0.274,-0.005175867794998266,0.0430705580260487,5.358557598713133
0.275,-0.005130372790835716,0.04796532017836531,4.848892273002669
0.276,-0.005080256880201795,0.052315795112046384,4.301180911110812
0.277,-0.005026081007903644,0.05608824187275722,3.7201543722097385
0.278,-0.0049684371416040774,0.05925429222304849,3.111248853618017
0.279,-0.004907942564365653,0.061791623347857025,2.480570030750454
0.28,-0.004845233524375631,0.06368457293936604,1.8348332843312958
0.281,-0.004780958311248375,0.06492467307691545,1.1812803757797727
0.28200000000000003,-0.004715769851233947,0.0655110805370088,0.52757387502546
0.28300000000000003,-0.004650317934921781,0.06545088329654601,-0.1183284496868936
0.28400000000000003,-0.0045852412097447445,0.0647592659585671,-0.748316239018776
0.28500000000000003,-0.004521159084976746,0.06345952053022036,-1.3542823811374245
0.28600000000000003,-0.00445866370830831,0.061582893287470894,-1.9282877235682363
0.28700000000000003,-0.0043983121799539265,0.05916826321413145,-2.4627298661739614
0.28800000000000003,-0.004340619172229757,0.05626165253444624,-2.950510979922585
0.289,-0.0042860501194526765,0.05291557498784834,-3.385199514730625
0.29,-0.00423501513484648,0.04918823253691553,-3.761180763304452
0.291,-0.004187863798074068,0.045142575976822814,-4.073791529005845
0.292,-0.004144880939395475,0.04084524925643515,-4.319434596458385
0.293,-0.004106283524790739,0.03636544107666075,-4.495669303399058
0.294,-0.00407221872133387,0.031773670371334724,-4.601275239582539
0.295,-0.004042763194426031,0.027140534496209484,-4.636286926992105
0.296,-0.004017923659045853,0.02253545028160284,-4.601998232063025
0.297,-0.003997638676861998,0.01802541850281613,-4.500936195495647
0.298,-0.00398178166081084,0.013673841783203858,-4.336804903316114
0.299,-0.003970165019493323,0.009539424494356146,-4.114400931372816
0.3,-0.00396254534637114,0.005675180913179371,-3.8395027443441996
0.301,-0.003958629534053209,0.002127574822836667,-3.518737190496402
0.302,-0.003958081672670362,-0.0010641899850889834,-3.1594268799790926
0.303,-0.003960530574029758,-0.003868713105527566,-2.7694227486158947
0.304,-0.003965577750373167,-0.006262764245847306,-2.356926475762977
0.305,-0.0039728056684361045,-0.008231467575770193,-1.9303076341804604
0.306,-0.003981786096262198,-0.00976830291843641,-1.4979205006483245
0.307,-0.003992088361854938,-0.010874927830727143,-1.0679253486070155
0.308,-0.00400328734908003,-0.011560829209845046,-0.6481187887288687
0.309,-0.004014971066955671,-0.011842817272579251,-0.2457773315918778
0.31,-0.0040267476431464725,-0.011744378463586771,0.13248216355576706
0.311,-0.00403825161056181,-0.01129490696105259,0.480822096499079
0.312,-0.004049149376816054,-0.01052883688597621,0.7942814136169914
0.313,-0.00405914378923874,-0.009484699035561973,1.0688489265809984
0.314,-0.00406797773239258,-0.008204126927436675,1.3015117634428663
0.315,-0.004075436719920788,-0.006730837162130125,1.4902787984579027
0.316,-0.004081350467271461,-0.0051096086134174955,1.634179622913647
0.317,-0.004085593455743037,-0.0033852837892050913,1.7332402836815115
0.318,-0.004088084520728385,-0.0016018139406532837,1.788437607714804
0.319,-0.004088785517451487,0.00019863277998496856,1.8016344351032085
0.32,-0.004087699135428684,0.001976483501073186,1.7754984856361857
0.321,-0.004084865947988646,0.0036954795336964384,1.713407877929665
0.322,-0.004080360795205066,0.005323291557499488,1.61934649976855
0.323,-0.004074288607399537,0.006832023913892533,1.497792496059204
0.324,-0.004066779781936355,0.008198604058244203,1.353603098578398
0.325,-0.004057985228438477,0.009405056317247413,1.1918988792650054
0.326,-0.0040480711969826865,0.010438661968530577,1.0179502770871591
0.327,-0.004037214000543835,0.011292010229452214,0.8370689406415298
0.328,-0.00402559473728357,0.011962946950189162,0.6545060616255065
0.329,-0.004013394110600707,0.012454429609200374,0.4753594653460615
0.33,-0.004000787435596152,0.012774298580628946,0.3044907907114582
0.331,-0.003987939910189426,0.012934975575289708,0.14645365219421005
0.332,-0.003975002217990528,0.012953100658954159,0.0054332472164528075
0.333,-0.0039621065185971365,0.012849119347879915,-0.11480253112497228
0.334,-0.003949362869638538,0.012646831011585393,-0.21094077856403853
0.335,-0.003936856113965561,0.012372909225246233,-0.2801506772180173
0.336,-0.003924643255176944,0.012056403869630099,-0.320100873259903
0.337,-0.003912751335402158,0.011728233738419467,-0.3289681896892756
0.338,-0.003901175821088087,0.011420677249033246,-0.30543884869690724
0.339,-0.003889879495553848,0.011166867631725383,-0.24870342958806718
0.34,-0.0038787918513105667,0.01100029775609438,-0.15844677688799605
0.341,-0.003867808970555722,0.010954338603900356,-0.0348340024990158
0.342,-0.0038567938787546193,0.01106177436258381,0.12150639440479637
0.343,-0.0038455773536786265,0.011354356236484767,0.3095014268181591
0.34400000000000003,-0.003833959170509086,0.011862376383059703,0.5276538661113201
0.34500000000000003,-0.0038217097624414923,0.012614262896861546,0.774063369067939
0.34600000000000003,-0.0038085722754282354,0.013636196491916976,1.0464482327904574
0.34700000000000003,-0.0037942649950713624,0.01495174946708799,1.342167729911948
0.34800000000000003,-0.0037784841230221137,0.016581547662312807,1.658245164321694
0.34900000000000003,-0.003760906879385629,0.018542956400094276,1.9913919483434248
0.35000000000000003,-0.003741194906422368,0.020849791820408293,2.3380331263330882
0.35100000000000003,-0.003718997947175516,0.023512059517906334,2.6943348528879847
0.352,-0.003693957770472704,0.026535722931194033,3.056234369810749
0.353,-0.003665712311033773,0.029922504468558146,3.4194730154737853
0.354,-0.003633899990194521,0.03366972283461421,3.7796327413883777
0.355,-0.0035981641791058383,0.0377701704037435,4.132176508136638
0.356,-0.0035581577623067994,0.04221203472891357,4.472492790590955
0.357,-0.003513547755454419,0.04697886834477599,4.795944246933226
0.358,-0.0034640199269064666,0.05204961089678133,5.09792040635313
0.359,-0.003409283369002166,0.057398667287037825,5.373894015038148
0.36,-0.003349074961485323,0.06299604496663708,5.619480459610794
0.361,-0.0032831636667826755,0.06880755272754013,5.830499472019874
0.362,-0.003211354594995248,0.07479506236901712,6.003038119774946
0.363,-0.0031334927756710984,0.08091683345813801,6.133513910264998
0.364,-0.0030494665738648456,0.087127900103631,6.2187366962298345
0.365,-0.002959210689776984,0.09338051725759067,6.255967968460425
0.366,-0.0028627086844856472,0.09962466259617042,6.2429760674926635
0.367,-0.0027599949789688123,0.10580858855785397,6.178085841328788
0.368,-0.0026511562797488513,0.11187941768860812,6.060221324213803
0.369,-0.0025363323920049256,0.11778377310846551,5.888940110635321
0.37,-0.002415716389772531,0.12346843472397377,5.664458247858335
0.371,-0.002289554122716645,0.1288810108103618,5.387664663825039
0.372,-0.0021581430497155203,0.133970613817295,5.060124381526311
0.373,-0.0020218304008805866,0.13868852874373477,4.684070035277369
0.374,-0.00188101068139031,0.14298886220561546,4.26238149308322
0.375,-0.0017361225423391093,0.14682916039895827,3.798553691170656
0.376,-0.0015876450553942544,0.1501709845446954,3.296653091793183
0.377,-0.0014360934391124181,0.15298043308455336,2.761263474281958
0.378,-0.0012820142950023625,0.15522860086365298,2.1974220510046503
0.379,-0.00112598042056076,0.1568919667601114,1.6105471558989202
0.38,-0.0009685852743132288,0.15795270267124648,1.0063589748397415
0.381,-0.0008104371741584251,0.15839889839905638,0.3907949671146519
0.382,-0.0006521533148792373,0.1582246987479359,-0.23007823973715147
0.383,-0.0004943536934400194,0.1574303510044928,-0.850154617436011
0.384,-0.00033765503157241403,0.15602216285978843,-1.4633782737748677
0.385,-0.00018266478415790056,0.15401237270474827,-2.0638308905499114
0.386,-2.9975319088693175e-05,0.15141893602791434,-2.64581527108179
0.387,0.00011984165027342988,0.14826523332177685,-3.203933331582573
0.388,0.00026624030507508363,0.14457970641531043,-3.733157040246145
0.389,0.0004087055659825811,0.14039543145746877,-4.228891015625833
0.39,0.000546757484572978,0.13574963784799168,-4.687025734143698
0.391,0.0006799551321422732,0.1306831832246912,-5.103980557392927
0.392,0.0008078999473346127,0.12523999515564577,-5.476736064703385
0.393,0.0009302385147621664,0.11946649044469469,-5.802855456184358
0.394,0.0010466647576730375,0.11341098294207917,-6.080495067647164
0.395,0.0011569215384637154,0.10712309047044075,-6.3084043028023995
0.396,0.0012608016711679086,0.10065315094861775,-6.485915532495365
0.397,0.0013581483597522271,0.09405165704766867,-6.612924728598344
0.398,0.0014488550849069647,0.08736871777696033,-6.68986378586209
0.399,0.001532864969866736,0.08065355430894909,-6.717665634377628
0.4,0.0016101696624980933,0.07395403614863777,-6.697723355183886
0.401,0.0016808077763564866,0.06731626247842651,-6.6318445804887
0.402,0.001744862937590833,0.06078419220195634,-6.522202488160642
0.403,0.0018024614874486027,0.054399324911602515,-6.371284688372929
0.404,0.001853769891734334,0.048200433750563314,-6.181841251742459
0.405,0.0018989919089617748,0.04222334996582372,-5.956833046244807
0.406,0.0019383655682077092,0.03650079788146321,-5.699381439778546
0.40700000000000003,0.0019721600059436,0.031062278086941217,-5.412720291144976
0.40800000000000003,0.0020006722085297627,0.025933995849321524,-5.100151001556752
0.40900000000000003,0.0020242237037608637,0.021138831134019813,-4.765001236441324
0.41000000000000003,0.0020431572410145823,0.016696346160591943,-4.410587760602363
0.41100000000000003,0.0020578334953429943,0.012622826127569995,-4.04018366436015
0.41200000000000003,0.002068627826420762,0.008931348607137646,-3.6569900996043234
0.41300000000000003,0.0020759271187787373,0.005631877124697714,-3.2641124983247725
0.41400000000000003,0.0020801267253454624,0.0027313745843380267,-2.8645411159455585
0.41500000000000004,0.0020816275321140156,0.00023393245917446284,-2.4611356315697406
0.41600000000000004,0.0020808331578487473,-0.001859087986152968,-2.056613448885884
0.417,0.002078147299223867,-0.0035489057590366844,-1.6535412774549307
0.418,0.0020739712286980457,-0.0048391643495549475,-1.254329533568483
0.419,0.002068701449806726,-0.005735772473587617,-0.861229083529128
0.42,0.0020627275124042647,-0.006246743261655659,-0.4763298577477148
0.421,0.0020564299886977376,-0.00638203335851954,-0.1015608897435022
0.422,0.002050178609650764,-0.006153382991582497,0.2613086230922613
0.423,0.002044330560451179,-0.005574157714068735,0.610667583995009
0.424,0.0020392289331705653,-0.004659192242621056,0.9450608669100312
0.425,0.0020352013344283916,-0.0034246365937855867,1.2631870008940291
0.426,0.0020325586457361324,-0.0018878045829273983,1.563895803052446
0.427,0.0020315939341643088,-6.702468044351984e-05,1.8461860222078663
0.428,0.0020325815109782726,0.002018506781376519,2.109202988814649
0.429,0.00203577613586371,0.004348869999761355,2.3522362081225467
0.43,0.002041412364256621,0.006903563534024178,2.5747167862986737
0.431,0.002049704035063085,0.009661643280632189,2.776214544880363
0.432,0.0020608438956728654,0.01260185812872135,2.9564346582966246
0.433,0.002075003360623317,0.01570278166351691,3.1152136434602897
0.434,0.0020923323995562446,0.018942939121756045,3.2525145388216603
0.435,0.0021129595492440116,0.022300928660390098,3.3684211320220903
0.436,0.0021369920434689852,0.025755535889814177,3.4631311291671345
0.437,0.0021645160534598936,0.029285840555430667,3.5369482021884067
0.438,0.002195597030466331,0.032871314234459326,3.590272902012861
0.439,0.002230280140941154,0.0364919079531022,3.6235924807271567
0.44,0.0022685907837562257,0.040128128725152305,3.6374697239391875
0.441,0.0023105351779565695,0.04376110416515469,3.632530950382267
0.442,0.002356101008816097,0.04737263453444734,3.6094533887453224
0.443,0.0024052581194441342,0.050945231829768026,3.568952187179787
0.444,0.0024579592349478433,0.05446214581318692,3.5117673478820977
0.445,0.0025141407062136208,0.057907377198211034,3.4386509051810217
0.446,0.0025737232607514317,0.061265678537749654,3.3503546792003607
0.447,0.0026366127487582043,0.06452254369249867,3.24761893804504
0.448,0.0027027008735948797,0.06766418707932458,3.131162288353682
0.449,0.002771865897218461,0.07067751419582347,3.0016730885132574
0.45,0.0028439733127345944,0.07355008517675332,2.8598026406193977
0.451,0.002918876478095309,0.07627007334921905,2.7061603679230557
0.452,0.002996417207007835,0.07882622090755072,2.541311126613833
0.453,0.0030764263152830438,0.08120779391808373,2.365774735316229
0.454,0.003158724123069266,0.08340453888427392,2.180027736276627
0.455,0.003243120915618622,0.08540664305098808,1.984507330164023
0.456,0.0033294173673475624,0.08720470050457621,1.7796173559048016
0.457,0.0034174049359118877,0.08878968593535089,1.5657361194980848
0.458,0.0035068662347542594,0.09015293767688419,1.3432258140422828
0.459,0.003597575394041323,0.09128615133067458,1.1124432203588857
0.46,0.0036892984210389478,0.0921813849343566,0.87375133390079
0.461,0.0037817935717396377,0.09283107624913432,0.6275315326666498
0.462,0.0038748117459296402,0.0932280723394546,0.3741958817365676
0.463,0.0039680969178515334,0.09336567120885012,0.1141991648782757
0.464,0.004061386614181149,0.09323767485348165,-0.1519497584697822
0.465,0.004154412450209113,0.09283845271277656,-0.42367765103605315
0.466,0.004246900733923074,0.09216301414633976,-0.7003379976302824
0.467,0.004338573146164341,0.09120708825932139,-0.9812038101446614
0.468,0.004429147503230223,0.08996720914434855,-1.2654623868789328
0.46900000000000003,0.004518338606266853,0.08844080441348309,-1.5522122154355615
0.47000000000000003,0.004605859179609174,0.0866262847645795,-1.8404621423235177
0.47100000000000003,0.004691420897941524,0.0845231322651134,-2.1291328644582173
0.47200000000000003,0.00477473549984216,0.08213198504396332,-2.4170607289547643
0.47300000000000003,0.004855515983005339,0.07945471615532956,-2.703003761569033
0.47400000000000003,0.004933477874269891,0.07649450451557221,-2.9856497815561984
0.47500000000000003,0.005008340565582796,0.07325589600637734,-3.263626405334971
0.47600000000000003,0.005079828705242663,0.06974485307924908,-3.5355126930199154
0.47700000000000004,0.0051476736322447255,0.0659687914763989,-3.7998521543718455
0.47800000000000004,0.005211614840320248,0.06193660299291033,-4.0551668017528595
0.47900000000000004,0.005271401457352235,0.05765866353187341,-4.299971921845234
0.48,0.005326793725268511,0.05314682603852004,-4.532791231194839
0.481,0.0053775644652634385,0.04841439822837463,-4.752172087184482
0.482,0.005423500513271626,0.04347610533978799,-4.956700440373663
0.483,0.005464404110991306,0.03834803843155864,-5.14501524021508
0.484,0.005500094238403454,0.03304758900460969,-5.315822038823722
0.485,0.0055304078746195124,0.02759337094595297,-5.467905577101742
0.486,0.005555201174974544,0.02200513096853617,-5.600141181843566
0.487,0.005574350553518293,0.016303648849059826,-5.711504849571892
0.488,0.005587753661396534,0.010510628845707356,-5.801081941638462
0.489,0.005595330253011631,0.00464858371124932,-5.868074461220411
0.49,0.005597022933258314,-0.0012592872957708362,-5.9118069291322195
0.491,0.005592797780505619,-0.007189225050993378,-5.93173091384686
0.492,0.005582644841300818,-0.013117040593168828,-5.927428307614542
0.493,0.005566578493974062,-0.019018247395983727,-5.898613467175373
0.494,0.005544637679398872,-0.024868194874185345,-5.845134358413007
0.495,0.005516885998096315,-0.030642202266079485,-5.766972856743922
0.496,0.005483411673650943,-0.03631569218949801,-5.664244358584146
0.497,0.005444327383033549,-0.0418643233205412,-5.5371968557918905
0.498,0.005399769954906438,-0.04726412178551939,-5.38620961313947
0.499,0.005349899937335452,-0.05249161098025155,-5.211791570933631
0.5,0.0052949010365696825,-0.05752393963127872,-5.014579571036426
0.501,0.005234979428700401,-0.062339007985837296,-4.795336476005825
0.502,0.005170362946104435,-0.06691559205911263,-4.554949220258028
0.503,0.005101300140645815,-0.07123346587603933,-4.294426799014815
0.504,0.005028059225685709,-0.07527352162095084,-4.0148981681320555
0.505,0.004950926899066424,-0.07901788755305017,-3.717609996667521
0.506,0.0048702070494204865,-0.08245004346180643,-3.403924185776026
0.507,0.004786219348437296,-0.08555493332744521,-3.0753150427680733
0.508,0.004699297732119045,-0.08831907472455985,-2.733365981610469
0.509,0.004609788774591147,-0.09073066436497908,-2.3797656066750372
0.51,0.004518049958710127,-0.0927796790287743,-2.0163030320818374
0.511,0.0044244478485365455,-0.09445797098521012,-1.6448622896136749
0.512,0.0043293561697081906,-0.09575935686579871,-1.2674156862894002
0.513,0.004233153804848007,-0.09667969882734449,-0.8860159887689397
0.514,0.00413622271235408,-0.0972169767395131,-0.5027873331641823
0.515,0.004038945778221063,-0.09737135005567676,-0.11991478700976567
0.516,0.003941704611904077,-0.09714520798208952,0.26036747738254123
0.517,0.0038448772986230534,-0.09654320655318481,0.6357894021321726
0.518,0.0037488361218800882,-0.09557229125239308,1.0040596204393812
0.519,0.0036539452712852174,-0.09424170388986292,1.3628813150446417
0.52,0.003560558552016414,-0.0925629725611806,1.7099692421190167
0.521,0.0034690171133379692,-0.09054988366281103,2.0430677654712737
0.522,0.003379647214529593,-0.0882184351288477,2.3599697088691545
0.523,0.0032927580473016524,-0.08558677027539831,2.65853580181447
0.524,0.0032086396342594324,-0.08267509188884979,2.9367144663573748
0.525,0.0031275608232054,-0.07950555646751052,3.1925616696341805
0.526,0.003049767397013733,-0.07610214881520729,3.4242605516881017
0.527,0.0029754803184627305,-0.07249053748470308,3.630140528409097
0.528,0.002904894128761908,-0.06869791187048296,3.8086955677618644
0.529,0.0028381755175625758,-0.06475280204789018,3.9586013423013413
0.53,0.0027754620810012164,-0.06068488274159688,4.078730973061738
0.531,0.0027168612828086026,-0.056524763074872364,4.168169097965885
0.532,0.002662449631744975,-0.0523037639955905,4.226224022488937
0.533,0.002612272086619148,-0.04805368549059684,4.2524377395271
0.534,0.002566341697948094,-0.04380656588247207,4.246593639084977
0.535,0.0025246394929485075,-0.03959443564810323,4.208721765770544
0.536,0.0024871146080609526,-0.03544906830498615,4.139101521096409
0.537,0.002453684670630352,-0.03140173097670608,4.038261748770765
0.538,0.0024242364287446563,-0.027482937273677656,3.9069781820209384
0.539,0.0023986266256072804,-0.023722205109226548,3.7462682726035457
0.54,0.002376683112228091,-0.020147822016024896,3.557383460073991
0.541,0.0023582061897003967,-0.016786620435856273,3.3417989766614986
0.542,0.00234297016992294,-0.013663765329669345,3.101201316799334
0.543,0.002330725141358468,-0.010802556298498262,2.837473530394662
0.544,0.002321198924322799,-0.008224246222413684,2.552678525658307
0.545,0.0023140991983948652,-0.005947878219150887,2.249040588959945
0.546,0.0023091157828494364,-0.0039901424999710675,1.9289253474433237
0.547,0.002305923049556174,-0.0023652544624914633,1.5948184134172585
0.548,0.0023041824465732533,-0.0010848551124654027,1.249302959141217
0.549,0.0023035451096987854,-0.00015793465298761936,0.8950364759945866
0.55,0.002303654538532708,0.0004092201760286629,0.5347269738206258
0.551,0.0023041493131462244,0.0006130546799001656,0.17110887497543562
0.552,0.0023046658272526514,0.0004527506349261693,-0.19308114694701706
0.553,0.002304841013817408,-6.97932760078385e-05,-0.5551281403393146
0.554,0.002304315039328345,-0.0009500046163984077,-0.9123624261099241
0.555,0.0023027339434611186,-0.002180703311255591,-1.262182501656363
0.556,0.002299752201607097,-0.003752189884239145,-1.6020770855323967
0.557,0.00229503518867111,-0.005652354776117945,-1.929646103495478
0.558,0.00228826152368028,-0.007866807516208513,-2.2426204294241496
0.559,0.0022791252760595952,-0.010379024345003294,-2.538880208952316
0.56,0.002267338015910613,-0.013170512727050662,-2.8164716079578676
0.561,0.002252630692262098,-0.016220991048831356,-3.073621842928008
0.562,0.0022347553250306232,-0.0195085816671059,-3.3087523652868382
0.5630000000000001,0.0022134864983196713,-0.023010015359781175,-3.5204900876917162
0.5640000000000001,0.002188622644681784,-0.026700845133826964,-3.7076765562126734
0.5650000000000001,0.0021599871120532525,-0.030555667264248677,-3.8693749894094185
0.5660000000000001,0.0021274290072276986,-0.034548347374870544,-4.004875122609909
0.5670000000000001,0.002090823811945478,-0.038652249327282125,-4.113695814699656
0.5680000000000001,0.0020500737699214048,-0.042840464658765676,-4.195585393583057
0.5690000000000001,0.0020051080453939193,-0.04708604030525836,-4.250519737439794
0.5700000000000001,0.001955882656033607,-0.05136220236182641,-4.278698110108203
0.5710000000000001,0.0019023801852760208,-0.05564257367201904,-4.280536791519658
0.5720000000000001,0.0018446092813203627,-0.059901383099478976,-4.256660567278207
0.5730000000000001,0.0017826039521381743,-0.06411366442106514,-4.207892165418829
0.5740000000000001,0.0017164226678407569,-0.06825544289091388,-4.135239752704457
0.5750000000000001,0.0016461472836363684,-0.07230390765918061,-4.039882626948715
0.5760000000000001,0.0015718817983442525,-0.07623756838754843,-3.9231552658708155
0.577,0.0014937509649986611,-0.08003639458511493,-3.7865299160858474
0.578,0.0014118987714498324,-0.0836819363915217,-3.6315979274275425
0.579,0.0013264868100293496,-0.08715742575769939,-3.460050057922208
0.58,0.001237692556275594,-0.09044785721573477,-3.273655992112515
0.581,0.0011457075773947242,-0.09354004768557046,-3.0742433302698426
0.582,0.001050735691550522,-0.0964226750340046,-2.8636763172635877
0.583,0.0009529910992227701,-0.09908629537717846,-2.643834587494647
0.584,0.0008526965077428073,-0.10152333939712031,-2.4165922055684925
0.585,0.0007500812697049215,-0.10372808822181492,-2.1837972815312536
0.586,0.0006453795552663268,-0.10569662969169183,-1.947252433559435
0.587,0.0005388285773942798,-0.10742679609895844,-1.7086963607101913
0.588,0.0004306668879087639,-0.10891808473495704,-1.469786773115021
0.589,0.00032113276072019253,-0.11017156281011536,-1.2320849072285514
0.59,0.00021046267699521064,-0.11118975851682301,-0.9970418297330572
0.591,9.888992512561158e-05,-0.11197654018355137,-0.765986705552063
0.592,-1.3356673644926303e-05,-0.11253698561536651,-0.5401171739730255
0.593,-0.0001260539052314607,-0.11287724382854965,-0.320491942335772
0.594,-0.00023898516189502862,-0.11300439146309314,-0.10802567003657176
0.595,-0.00035194129644674767,-0.1129262861946955,0.09651382274827178
0.596,-0.000464721329628296,-0.11265141946672025,0.29250602629439154
0.597,-0.0005771330111268537,-0.11218877082229801,0.47947593632498897
0.598,-0.0006889932369217132,-0.11154766603809052,0.6570900548771885
0.599,-0.0008001283278018669,-0.11073764114570672,0.8251503158734621
0.6,-0.0009103741759032738,-0.10976831427665235,0.9835860885997431
0.601,-0.0010195762679580883,-0.10864926708493383,1.1324444436753103
0.602,-0.0011275895955961794,-0.10738993729174945,1.2718788936852723
0.603,-0.0012342784644658355,-0.10599952366310793,1.402136844186658
0.604,-0.0013395162151242077,-0.10448690447851208,1.5235460094714839
0.605,-0.0014431848695720274,-0.10286057028179944,1.6365000613848437
0.606,-0.0015451747179598817,-0.1011285714292949,1.7414437878900073
0.607,-0.0016453838603683998,-0.09929848067057101,1.838858041553629
0.608,-0.0017437177186610902,-0.09737737071908809,1.9292447557616403
0.609,-0.0018400885332303808,-0.09537180649843828,2.013112299594785
0.61,-0.001934414859013867,-0.09328785149026195,2.090961429904188
0.611,-0.0020266210744628076,-0.09113108736636584,2.163272082642567
0.612,-0.002116636916216957,-0.08890664586469489,2.2304912244319977
0.613,-0.0022043970511010174,-0.08661925166974081,2.29302196126946
0.614,-0.002289840695734026,-0.08427327488637415,2.351214073464182
0.615,-0.0023729112925622614,-0.0818727915539497,2.405356116277664
0.616,-0.0024535562495192516,-0.07942165053701787,2.4556691939196176
0.617,-0.002531726748815297,-0.07692354505099482,2.5023024819453865
0.618,-0.002607377628596365,-0.07438208703635361,2.545330539852875
0.619,-0.0026804673394213788,-0.0718008825831282,2.5847524226798533
0.62,-0.0027509579757203032,-0.06918360662783656,2.6204925684070957
0.621,-0.0028188153806447706,-0.06653407519654837,2.652403406737962
0.622,-0.002884009321038023,-0.06385631354794341,2.6802696065918084
0.623,-0.002946513727659729,-0.061154618677598443,2.7038138524744015
0.624,-0.0030063069943292737,-0.058433614776217446,2.7227040161080174
0.625,-0.003063372328320832,-0.055698300386687744,2.7365615693186554
0.626,-0.0031176981431746153,-0.0529540861755638,2.744971065807985
0.627,-0.0031692784840972477,-0.05020682241930605,2.747490505862662
0.628,-0.003218113475323083,-0.047462815501661315,2.7436623869418715
0.629,-0.0032642097782067275,-0.04472883292204651,2.733025236033005
0.63,-0.0033075810484208224,-0.0420120965223322,2.715125415902577
0.631,-0.003348248380444773,-0.03932026384784681,2.6895289967628098
0.632,-0.0033862407275485284,-0.03666139776389154,2.655833488183091
0.633,-0.003421595285696725,-0.034043924649390385,2.6136792313897503
0.634,-0.003454357830215535,-0.031476581680909096,2.5627602611606703
0.635,-0.003484582994667599,-0.028968353900906605,2.502834457690143
0.636,-0.003512334482157391,-0.026528401931485666,2.4337328222294774
0.637,-0.0035376852002259127,-0.024165981346890807,2.355367725927699
0.638,-0.0035607173115733684,-0.021890354852584948,2.267739998870731
0.639,-0.0035815221940537476,-0.01971069853527269,2.170944744410874
0.64,-0.0036002003046967223,-0.01763600354429339,2.065175784595961
0.641,-0.003616860943909648,-0.015674974640590374,1.9507286627355798
0.642,-0.0036316219174750016,-0.01383592710401346,1.828002150473309
0.643,-0.0036446090954644524,-0.01212668352196638,1.6974982291258032
0.644,-0.0036559558687184555,-0.010554471993652089,1.559820535926341
0.645,-0.003665802505067987,-0.009125827273119856,1.4156712882405091
0.646,-0.0036742954089812817,-0.007846496342296566,1.2658467196501595
0.647,-0.0036815862897823814,-0.006721349852549709,1.1112310823937825
0.648,-0.0036878312449895607,-0.00575430080056011,0.9527892907408347
0.649,-0.003693189766641021,-0.004948231713031792,0.7915582981996085
0.65,-0.0036978236796944646,-0.004304931505743449,0.6286373191762394
0.651,-0.0037018960226894286,-0.003825043057399556,0.46517702155827684
0.652,-0.003705569881831298,-0.003508022399194059,0.3023678310607164
0.653,-0.003709007190480067,-0.003352110268624786,0.14142750085033895
0.654,-0.003712367506693529,-0.0033543166131517117,-0.01641188967412769
0.655,-0.0037158067819738866,-0.003510418457537453,-0.16991733441216475
0.656,-0.0037194761346913364,-0.003814971370675313,-0.31786851982501635
0.657,-0.0037235206418026134,-0.004261334585354256,-0.459071481202958
0.658,-0.003728078162444167,-0.004841709640945668,-0.5923721123990606
0.659,-0.0037332782067579415,-0.005547192235609491,-0.7166693456570421
0.66,-0.003739240862904913,-0.006367836795396991,-0.8309278227234795
0.661,-0.003746075794642249,-0.007292733093771007,-0.9341898838779145
0.662,-0.003753881321091213,-0.008310094089771312,-1.0255867103860374
0.663,-0.00376274358941451,-0.009407353998723661,-1.104348467052313
0.664,-0.003772735850065498,-0.010571275467879955,-1.1698133045292152
0.665,-0.003783917843081717,-0.011788064603264606,-1.2214350966780454
0.666,-0.00379633530258784,-0.013043492485167351,-1.2587898057161773
0.667,-0.003810019585266404,-0.014323021719664208,-1.2815803867938484
0.668,-0.0038249874270681865,-0.015611936503930963,-1.2896401642366029
0.669,-0.0038412408308888734,-0.016895474635208182,-1.2829346335120078
0.67,-0.003858767086356627,-0.018158959867456775,-1.2615616650906738
0.671,-0.0038775389212788824,-0.019387933017048248,-1.2257501095970451
0.672,-0.00389751478270922,-0.020568280239097958,-1.1758568265779976
0.673,-0.003918639244039237,-0.021686356938964046,-1.1123621818396345
0.674,-0.003940843533018503,-0.02272910584867754,-1.0358640806021173
0.675,-0.003964046174179383,-0.02368416788413981,-0.9470706244044801
0.676,-0.00398815373781342,-0.02453998450514783,-0.846791499792986
0.677,-0.004013061686430803,-0.025285890424395913,-0.7359282244689179
0.678,-0.0040386553085513454,-0.025912195651585482,-0.615463392293813
0.679,-0.004064810728739423,-0.026410256013308396,-0.4864490729851324
0.68,-0.004091395982018853,-0.026772531454216642,-0.3499945322413008
0.681,-0.004118272140196769,-0.026992631599251013,-0.2072534473985199
0.682,-0.004145294477195399,-0.027065348236386063,-0.0594107987573471
0.683,-0.004172313660241532,-0.026986674562014066,0.09233038050566805
0.684,-0.004199176953696881,-0.026753811213637003,0.24676221333137718
0.685,-0.00422572942242687,-0.02636515929419676,0.40268496729716147
0.686,-0.004251815121896301,-0.02582030076606662,0.5589196495312037
0.687,-0.004277278262640739,-0.02511996675824442,0.7143200432575716
0.6880000000000001,-0.0043019643373825075,-0.02426599448436524,0.8677840329516454
0.6890000000000001,-0.0043257211998278524,-0.023261273610381925,1.0182640780413967
0.6900000000000001,-0.00434840008508268,-0.022109683036250105,1.1647767111077945
0.6910000000000001,-0.004369856562642403,-0.02081601916497149,1.3064109530537495
0.6920000000000001,-0.004389951414028883,-0.01938591682234176,1.442335556983395
0.6930000000000001,-0.004408551428345577,-0.017825764061935968,1.5718050112937225
0.6940000000000001,-0.004425530110280871,-0.016142612140430675,1.6941642532844587
0.6950000000000001,-0.004440768296389064,-0.014344081978962883,1.8088520644749342
0.6960000000000001,-0.004454154676798143,-0.012438268435971712,1.915403139767501
0.6970000000000001,-0.004465586220813101,-0.010433643707149389,2.0134488420255483
0.6980000000000001,-0.004474968506183631,-0.008338961138720588,2.1027166732379152
0.6990000000000001,-0.004482215953066637,-0.0061631606927295725,2.183028511428136
0.7000000000000001,-0.004487251964919795,-0.003915277238680515,2.2542976791434355
0.7010000000000001,-0.004490008979695775,-0.0016043527654438627,2.3165249253997175
0.7020000000000001,-0.0044904284357535525,0.0007606464857956765,2.3697934153335876
0.7030000000000001,-0.00448846065785042,0.0031709070727301263,2.414262834675194
0.704,-0.004484064669415355,0.005617838807298945,2.4501627246681874
0.705,-0.004477207938022262,0.008093137958664119,2.4777851715879535
0.706,-0.004467866061573995,0.010588842675183514,2.4974769792049227
0.707,-0.004456022403170354,0.013097380229103478,2.5096314569137577
0.708,-0.004441667682963142,0.015611605820385111,2.514679956219115
0.709,-0.0044247995354987114,0.01812483280860808,2.513083288091485
0.71,-0.004405422041114856,0.02063085437148631,2.5053231504945033
0.711,-0.004383545239898174,0.023123956713286088,2.4918936903904068
0.712,-0.004359184636525505,0.025598924065497786,2.473293318765455
0.713,-0.0043323607040155815,0.028051035833042668,2.450016888852738
0.714,-0.004303098394013254,0.03047605634113723,2.4225483385690287
0.715,-0.004271426660727946,0.032870217729999554,2.3913538883418792
0.716,-0.004237378005061052,0.03523019662509773,2.3568758737883546
0.717,-0.004200988044795397,0.03755308527955392,2.319527281115652
0.718,-0.0041622951159955325,0.03983635794181788,2.2796870406192937
0.719,-0.004121339909993217,0.04207783324557805,2.2376961209938795
0.72,-0.00407816514952057,0.04427563344973248,2.1938544541373433
0.721,-0.004032815306716983,0.04642814137462,2.1484187077089665
0.722,-0.003985336364887513,0.04853395588614074,2.1016009096999286
0.723,-0.003935775625042685,0.05059184677282394,2.0535679173738455
0.724,-0.0038841815574142172,0.052600709842659944,2.0044417112883024
0.725,-0.003830603697329697,0.05455952303686122,1.9543004837201448
0.726,-0.0037750925840522734,0.05646730431822001,1.9031804811252473
0.727,-0.0037176997404589117,0.05832307204227881,1.8510785502829936
0.728,-0.0036584776907517907,0.06012580846181712,1.7979553296844444
0.729,-0.0035974800127799244,0.06187442694977778,1.7437390200978717
0.73,-0.0035347614209991864,0.06356774345393439,1.6883296619206638
0.731,-0.0034703778756244546,0.06520445261935894,1.6316038415952658
0.732,-0.003404386713132431,0.06678310893335256,1.5734197453297192
0.733,-0.0033368467929615194,0.06830211316278907,1.5136224751173994
0.734,-0.0032678186550283922,0.0697597042675648,1.4520495406760012
0.735,-0.003197364682540921,0.0711539568864551,1.3885364398125957
0.736,-0.0031255492645342066,0.07248278440491056,1.322922240519042
0.737,-0.0030524389525895695,0.07374394752886033,1.2550550794539166
0.738,-0.0029781026063135183,0.07493506820589878,1.1847974943819641
0.739,-0.0029026115223517793,0.07605364865602288,1.112031511681007
0.74,-0.002826039541988489,0.07709709519930043,1.0366634145343647
0.741,-0.0027484631327275044,0.07806274649887383,0.9586281233684765
0.742,-0.0026699614396656353,0.07894790577462825,0.877893125990386
0.743,-0.0025906163029397926,0.07974987648717793,0.7944619024291797
0.744,-0.002510512238054355,0.08046600094322869,0.7083767965188136
0.745,-0.0024297363764634256,0.081093701233731,0.6197212954017799
0.746,-0.0023483783643867724,0.08163052188443534,0.528621685844153
0.747,-0.0022665302184694297,0.08207417357605266,0.4352480658146769
0.748,-0.002184286137544116,0.08242257727763154,0.3398146985225949
0.749,-0.0021017422704137177,0.08267390813253403,0.24257970553346017
0.75,-0.0020189964402290293,0.08282663844095228,0.14384410430796485
0.751,-0.0019361478266856785,0.08287957909670544,0.043950204797190834
0.752,-0.0018532966078950491,0.08283191885807888,-0.056720612151986406
0.753,-0.0017705435643886344,0.08268326086295658,-0.15775070332815913
0.754,-0.0016879896482857033,0.08243365583641063,-0.25868952005099155
0.755,-0.0016057355211831711,0.08208363148394729,-0.3590574677568657
0.756,-0.0015238810648075139,0.08163421761476114,-0.45835021658025005
0.757,-0.001442524868895535,0.08108696659620475,-0.5560434055650199
0.758,-0.0013617637011388054,0.08044396880185949,-0.6515976789499037
0.759,-0.0012816919643314961,0.0797078627806727,-0.7444639891003233
0.76,-0.0012024011460999517,0.07888183994224049,-0.8340890982562411
0.761,-0.0011239792667623958,0.07796964362287133,-0.9199212093693387
0.762,-0.0010465103309674826,0.07697556246714399,-1.0014156559166065
0.763,-0.0009700737887906727,0.07590441812970367,-1.0780405806679458
0.764,-0.0008947440119283235,0.07476154737085815,-1.1492825347092446
0.765,-0.0008205897905225765,0.07355277868623199,-1.2146519302223446
0.766,-0.0007476738559780372,0.07228440367463132,-1.273688283385345
0.767,-0.00067605243489726,0.07096314340831206,-1.3259651877083412
0.768,-0.0006057748389701345,0.06959611012565887,-1.3710949623730047
0.769,-0.0005368830953071717,0.06819076461693838,-1.4087329253922263
0.77,-0.0004694116213136649,0.0667548697190076,-1.43858124686316
0.771,-0.00040338694776647017,0.06529644037409045,-1.4603923436257849
0.772,-0.0003388274932838439,0.0638236907406994,-1.4739717829282732
0.773,-0.0002757433928777369,0.06234497887127764,-1.479180669184838
0.774,-0.00021413638275371484,0.06086874949104586,-1.4759374945111428
0.775,-0.00015399974298284017,0.05940347542582828,-1.4642194403423956
0.776,-9.531829911896599e-05,0.057957598233440974,-1.444063123908232
0.777,-3.806848328038884e-05,0.056539468593637066,-1.4155647897276535
0.778,1.778154533709684e-05,0.05515728700596606,-1.3788799523027653
0.779,7.22717210920656e-05,0.053819045333443734,-1.334222501994588
0.78,0.00012544983477981054,0.052532469713092445,-1.2818632913975556
0.781,0.00017737124038066295,0.05130496533258978,-1.2221282244800953
0.782,0.00022809850777564104,0.05014356354593331,-1.1553958752233726
0.783,0.0002777010239883521,0.04905487177069868,-1.0820946664445341
0.784,0.0003262545459375694,0.048045026575622596,-1.0026996429627233
0.785,0.0003738407080751135,0.04711965033045302,-0.9177288761570673
0.786,0.0004205464886358583,0.04628381175072995,-0.8277395394164021
0.787,0.00046646363853868,0.045541990628989504,-0.7333236958164482
0.788,0.0005116880772472648,0.04489804700122944,-0.6351038408094344
0.789,0.0005563192601267073,0.04435519495390434,-0.5337282435739005
0.79,0.0006004595220150295,0.04391598123262339,-0.42986613116406175
0.791,0.0006442134018678245,0.043582268769530974,-0.3242027596567659
0.792,0.0006876869534293084,0.04335522520251625,-0.21743441609407932
0.793,0.0007309870469346299,0.04323531641617325,-0.11026339438959389
0.794,0.0007742206668571839,0.04322230509229103,-0.003392987238634913
0.795,0.0008174942106820523,0.043315254216730305,0.10247746515467274
0.796,0.0008609127936139614,0.043512535450219623,0.20665743035758113
0.797,0.0009045795640170335,0.0438118422331432,0.30846990570483424
0.798,0.0009485950342359818,0.044210207458821975,0.40725597161026195
0.799,0.0009930564312663934,0.04470402551656003,0.5023791431792636
0.8,0.001038057071527649,0.04528907847479231,0.5932294893913677
0.801,0.0010836857637482925,0.04596056614628689,0.679227491702586
0.802,0.0011300262437028657,0.046713139751621224,0.7598276165726433
0.803,0.0011771566442440996,0.04754093887420778,0.8345215792252911
0.804,0.0012251490037577034,0.048437631380038766,0.9028412787919883
0.805,0.0012740688158317894,0.04939645595829632,0.9643613880948076
0.806,0.0013239746225821285,0.05041026692474276,1.018701584085605
0.807,0.0013749176537111274,0.0514715809190564,1.0655284085120265
0.808,0.0014269415130057214,0.05257262511930095,1.1045567510752365
0.809,0.001480081913600489,0.053705386592246766,1.1355509509330137
0.81,0.0015343664629503817,0.05486166239674669,1.1583255152922511
0.811,0.0015898144980757913,0.056033110059289584,1.1727454573259313
0.812,0.0016464369712643535,0.057211298045725015,1.178726258545163
0.8130000000000001,0.001704236386042178,0.05838775586141541,1.176233464199267
0.8140000000000001,0.0017632067828651046,0.05955402342314366,1.165281923022322
0.8150000000000001,0.001823333773631151,0.06070169936029862,1.145934685805451
0.8160000000000001,0.001884594623781496,0.061822487919905286,1.1183015800925002
0.8170000000000001,0.0019469583804417978,0.06290824416963531,1.0825374807930799
0.8180000000000001,0.0020103860447610606,0.06395101721522833,1.0388402992545487
0.8190000000000001,0.0020748307863339235,0.06494309117305579,0.987448715268729
0.8200000000000001,0.002140238197346405,0.06587702366518516,0.9286396788518512
0.8210000000000001,0.0022065465838666215,0.066745681632439,0.8627257100628316
0.8220000000000001,0.002273687291512403,0.06754227429062883,0.7900520266858936
0.8230000000000001,0.002341585062568474,0.06826038308613507,0.7109935308840785
0.8240000000000001,0.0024101584214977403,0.06889398853841353,0.6259516862625295
0.8250000000000001,0.0024793200856950207,0.06943749388931487,0.5353513177337516
0.8260000000000001,0.002548977398267389,0.06988574551106895,0.4396373661077218
0.8270000000000001,0.002619032779593216,0.07023405005687723,0.3392716295149393
0.8280000000000001,0.0026893841944113585,0.0704781883690371,0.2347295225313436
0.8290000000000001,0.0027599256312220415,0.07061442618986039,0.12649688329172087
0.8300000000000001,0.0028305475908405164,0.0706395217494351,0.015066857229066154
0.8310000000000001,0.0029011375810320582,0.07055073033121939,-0.09906311578717006
0.8320000000000001,0.002971580614270385,0.07034580594173406,-0.21539418578514424
0.833,0.0030417597057989356,0.07002300023301852,-0.33342882636800764
0.834,0.003111556369333204,0.06958105884691994,-0.452673397500517
0.835,0.003180851107919836,0.06901921536742119,-0.57264052057549
0.836,0.0032495238976613895,0.06833718308148941,-0.6928512517362414
0.837,0.003317454662221679,0.06753514476024927,-0.8128370423998589
0.838,0.0033845237362421215,0.06661374067998484,-0.9321414796136719
0.839,0.003450612316021269,0.06557405510729555,-1.0503218016747824
0.84,0.003515602896034479,0.06441760147390861,-1.1669501881716555
0.841,0.0035793796900951136,0.06314630646481438,-1.2816148265481089
0.842,0.0036418290361795776,0.06176249323818692,-1.393920760701246
0.843,0.003702839784152791,0.06026886398747259,-1.503490529946399
0.844,0.003762303665835446,0.05866848204500915,-1.6099646096354583
0.845,0.003820115647046726,0.05696475371275515,-1.7130016674580262
0.846,0.003876174261433711,0.05516140998978286,-1.8122786515396418
0.847,0.003930381926059073,0.053262488347897555,-1.9074907288425715
0.848,0.003982645238859977,0.05127231468677223,-1.998351093988453
0.849,0.004032875258211666,0.04919548557846105,-2.084590670167281
0.85,0.0040809877649278185,0.04703685088874427,-2.1659577246172765
0.851,0.004126903507105406,0.04480149683922346,-2.242217422313476
0.852,0.0041705484282739584,0.04249472955059564,-2.313151341340224
0.853,0.004211853879337756,0.0401220590839021,-2.378556973596614
0.854,0.0042507568148046,0.03768918397323356,-2.438247234115224
0.855,0.004287199973777313,0.03520197622121605,-2.4920500010408064
0.856,0.0043211320461446654,0.03266646670708925,-2.5398077077287016
0.857,0.004352507824348756,0.0300888309379366,-2.5813770059967784
0.858,0.00438128834102736,0.027475375055410103,-2.616628518666797
0.859,0.004407440992734641,0.02483252199513578,-2.645446696257488
0.86,0.004430939649834171,0.0221667976824682,-2.6677297912136324
0.861,0.004451764752536923,0.01948481713817488,-2.6833899594330677
0.862,0.004469903392926825,0.01679327035996796,-2.692353496547189
0.863,0.004485349382680327,0.014098907841511805,-2.6945612129306658
0.864,0.0044981033060477165,0.011408525589445528,-2.689968948244525
0.865,0.004508172557525556,0.008728949500980004,-2.6785482232126547
0.866,0.004515571363515255,0.00606701897035983,-2.660287022561576
0.867,0.004520320787135551,0.003429569601213195,-2.6351907001275756
0.868,0.0045224487152399255,0.0008234149139549926,-2.603282993677715
0.869,0.004521989826587007,-0.0017446730471862757,-2.564607133747554
0.87,0.004518985540025727,-0.004267984284873412,-2.519227028186655
0.871,0.004513483941490498,-0.006739892653057272,-2.4672285007110566
0.872,0.00450553968855739,-0.009153878927814017,-2.4087205601019224
0.873,0.004495213891292712,-0.011503555151316498,-2.34383667372891
0.874,0.004482573968132566,-0.013782690228019857,-2.272736017656876
0.875,0.004467693475567535,-0.015985236722969778,-2.1956046740228605
0.876,0.004450651910471808,-0.01810535878204918,-2.1126567455135676
0.877,0.004431534484011827,-0.020137461062981286,-2.024135355863611
0.878,0.004410431866196085,-0.022076218535034556,-1.9303135055225802
0.879,0.0043874399002851346,-0.023916606974698076,-1.831494751831306
0.88,0.004362659286468435,-0.025653933954804198,-1.7280136840014346
0.881,0.004336195234431286,-0.027283870096231087,-1.6202361646887515
0.882,0.004308157084679307,-0.028802480324513786,-1.5085593114952853
0.883,0.004278657898757503,-0.030206254849614922,-1.3934111945786376
0.884,0.004247814018793411,-0.031492139565475766,-1.2752502289546879
0.885,0.004215744597106086,-0.03265756554784696,-1.154564243698107
0.886,0.004182571096951455,-0.03370047731412863,-1.031869213570157
0.887,0.004148416765815769,-0.03461935949858581,-0.9077076431163306
0.888,0.004113406083018724,-0.03541326158966092,-0.7826465969171923
0.889,0.004077664183741462,-0.036081820374816054,-0.6572753752006528
0.89,0.004041316261947697,-0.03662527974107199,-0.5322028378987691
0.891,0.004004486955013729,-0.03704450748755269,-0.4080543857909988
0.892,0.0039672997132200695,-0.03734100881938847,-0.28546861221383446
0.893,0.0039298761575788915,-0.03751693621014521,-0.16509364357966305
0.894,0.0038923354297726517,-0.03757509534295963,-0.047583192189285056
0.895,0.0038547935382550282,-0.037518946868145275,0.06640765067185836
0.896,0.0038173627048112523,-0.0373526037472323,0.17622684873901254
0.897,0.0037801507160865693,-0.037080823989806236,0.28123004509841426
0.898,0.003743260284764806,-0.03670899862990922,0.3807853360858866
0.899,0.003706788425210296,-0.03624313483243487,0.47427815079849067
0.9,0.0036708258484724108,-0.03568983406678333,0.5611161890985448
0.901,0.0036354563815899996,-0.0350562653342071,0.6407343687443529
0.902,0.0036007564161210427,-0.03435013348626477,0.7125997305003776
0.903,0.003566794390759127,-0.0335796427242043,0.7762162486982792
0.904,0.003533630312782179,-0.032753455421815555,0.831129494511979
0.905,0.0035013153229099024,-0.03188064646714836,0.8769310990781457
0.906,0.003469891307925093,-0.030970653370374853,0.9132629646774443
0.907,0.003439390565141399,-0.030033222435795443,0.9398211733609212
0.908,0.00340983552247813,-0.02907835134419455,0.956359545053196
0.909,0.003381238517533775,-0.02811622853743168,0.962692799679211
0.91,0.003353601638636946,-0.027157169839563372,0.9586992812056923
0.911,0.003326916630400479,-0.02621155278662032,0.9443232061918023
0.912,0.003301164865815395,-0.02528974917126686,0.9195764030727457
0.913,0.0032763173864012486,-0.024402056337031637,0.8845395142403016
0.914,0.0032523350113833538,-0.02355862777992113,0.8393626382734937
0.915,0.0032291685163009475,-0.022769403632998925,0.7842653950303193
0.916,0.00320675888086957,-0.02204404162049564,0.7195364032423698
0.917,0.003185037605331942,-0.021391849073384643,0.6455321657353686
0.918,0.003163927093940752,-0.020821716596874824,0.5626753643886102
0.919,0.003143341103630444,-0.020342053972527273,0.4714525731346977
0.92,0.003123185255359705,-0.019960728863690554,0.372411403576477
0.921,0.0031033576050482265,-0.01968500887234262,0.2661571044242343
0.922,0.0030837492704966947,-0.019521507469068337,0.15334864162209164
0.923,0.003064245110173589,-0.01947613428567012,0.03469429192552639
0.924,0.0030447244492820217,-0.019554050222129932,-0.08905321179462591
0.925,0.0030250618480895906,-0.01975962777713947,-0.21710194060222077
0.926,0.003005127907118812,-0.02009641696421666,-0.3486263872780109
0.927,0.0029847901034593676,-0.02056711712438722,-0.48277339045663226
0.928,0.002963913652179837,-0.021173554891889303,-0.618668310286799
0.929,0.002942362386588755,-0.021916668512345965,-0.75542139838555
0.93,0.0029199996509250664,-0.022796498653644328,-0.8921343026853443
0.931,0.0028966891989482034,-0.023812185789143833,-1.0279066464371671
0.932,0.0028722960918489853,-0.024961974171658685,-1.161842620148907
0.933,0.0028466875889145813,-0.02624322235566877,-1.2930575254908578
0.934,0.002819734024453667,-0.02765242016451014,-1.420684210491421
0.935,0.0027913096646203506,-0.029185211940682264,-1.5438793376130735
0.936,0.0027612935379658287,-0.030836425860255482,-1.661829427679168
0.937,0.0027295702337925987,-0.03260010903836035,-1.7737566259491706
0.9380000000000001,0.002696030662684327,-0.03446956810193465,-1.8789241398229375
0.9390000000000001,0.0026605727739317008,-0.03643741485877725,-1.976641301383013
0.9400000000000001,0.002623102224966519,-0.038495616649558265,-2.06626821280938
0.9410000000000001,0.002583532998348488,-0.04063555093133177,-2.147219936945779
0.9420000000000001,0.0025417879623166463,-0.04284806360858502,-2.2189702010199306
0.9430000000000001,0.002497799371414754,-0.04512353060049585,-2.2810545866143177
0.9440000000000001,0.002451509304221862,-0.047451922111452126,-2.3330731847922945
0.9450000000000001,0.0024028700357598444,-0.049822869056112135,-2.374692701130439
0.9460000000000001,0.0023518443427030826,-0.052225731080396964,-2.4056480013001003
0.9470000000000001,0.0022984057400758312,-0.05464966561578842,-2.425743093708186
0.9480000000000001,0.0022425386486842696,-0.057083697406129286,-2.4348515515462923
0.9490000000000001,0.0021842384930869448,-0.05951678795374435,-2.432916382391103
0.9500000000000001,0.0021235117304538404,-0.06193790434459513,-2.4199493587204213
0.9510000000000001,0.002060375811195158,-0.06433608693051891,-2.3960298281746537
0.9520000000000001,0.0019948590727511015,-0.06670051536969274,-2.361303027074832
0.9530000000000001,0.0019270005684187861,-0.06902057255410263,-2.3159779252452295
0.9540000000000001,0.0018568498335475754,-0.07128590598451137,-2.2603246342161314
0.9550000000000001,0.001784466591855887,-0.07348648618865315,-2.1946714143541994
0.9560000000000001,0.001709920405007358,-0.07561266181691909,-2.1194013197517165
0.9570000000000001,0.0016332902689295708,-0.0776552110904767,-2.034948521736207
0.9580000000000001,0.0015546641606618771,-0.07960538931996779,-1.9417943544338852
0.9590000000000001,0.0014741385397786116,-0.08145497225706877,-1.8404631265955298
0.96,0.0013918178086489738,-0.0831962950865379,-1.7315177451379555
0.961,0.0013078137359645728,-0.08482228691171129,-1.6155551957263252
0.962,0.0012222448480899294,-0.08632650063186323,-1.493201925864366
0.963,0.0011352357928707953,-0.08770313815402365,-1.3651091745413548
0.964,0.0010469166805709422,-0.08894707092514179,-1.2319482916586866
0.965,0.000957422406601667,-0.09005385581171393,-1.094406088266891
0.966,0.0008668919606616626,-0.09101974639314665,-0.9531802565809743
0.967,0.0007754677268205072,-0.09184169977161491,-0.8089748960175536
0.968,0.0006832947789596696,-0.0925173790346415,-0.6624961784450603
0.969,0.0005905201758336367,-0.09304515153703402,-0.5144481827829233
0.97,0.0004972922598339687,-0.09342408319547826,-0.36552892526788555
0.971,0.00040375996333432866,-0.09365392901232676,-0.2164266083234946
0.972,0.00031007212626852715,-0.09373512006439988,-0.06781610694945214
0.973,0.00021637682835020739,-0.0936687472081595,0.07964429216025318
0.974,0.00012282073908577594,-0.09345654176427999,0.2253158874561312
0.975,2.954848846541634e-05,-0.09310085345247382,0.3685822878407897
0.976,-6.32979390557795e-05,-0.09260462585164221,0.5088518625559733
0.977,-0.00015557978494975486,-0.09197136966105852,0.6455599153336753
0.978,-0.0002471620693179242,-0.09120513403562014,0.7781705857784094
0.979,-0.0003379141141115509,-0.09031047626247204,0.9061784839868591
0.98,-0.0004277100353404217,-0.089292430037759,1.0291100672024445
0.981,-0.0005164292029933256,-0.08815647259127445,1.146524769710242
0.982,-0.0006039566676349389,-0.0869084908936173,1.2580158993222206
0.983,-0.0006901835528708175,-0.08555474716559389,1.363211315477375
0.984,-0.0007750074130837012,-0.08410184389326836,1.4617739054203975
0.985,-0.0008583325560390581,-0.08255668853478151,1.5534018758230876
0.986,-0.0009400703301349024,-0.08092645808709167,1.6378288778744656
0.987,-0.0010201393762299693,-0.07921856366259772,1.7148239840497255
0.988,-0.001098465844125221,-0.07744061520746331,1.784191534692226
0.989,-0.0011749835738967022,-0.07560038647585372,1.8457708719640595
0.99,-0.0012496342423835153,-0.07370578035732282,1.899435978081458
0.991,-0.0013223674752240596,-0.07176479463875858,1.9450950335570365
0.992,-0.001393140924907902,-0.06978548826779096,1.982689909832404
0.993,-0.0014619203153710516,-0.06777594817145889,2.012195609282581
0.994,-0.001528679453710685,-0.06574425667270092,2.0336196636511286
0.995,-0.001593400209633254,-0.06369845953773252,2.047001500263518
0.996,-0.0016560724632793298,-0.061646534679893686,2.052411783313312
0.997,-0.0017166940220914501,-0.05959636154004784,2.049951735546868
0.998,-0.001775270507409647,-0.05755569116008017,2.039752443701594
0.999,-0.0018318152114952606,-0.05553211696461747,2.0219741489335763
1.0,-0.001886348925699026,-0.053533046266462665,1.9968055217041574
1.0010000000000001,-0.001938899740506124,-0.05156567251346563,1.9644629187292966
1.002,-0.0019895028182106205,-0.04963694829845584,1.9251896179386292
1.0030000000000001,-0.0020382001389960794,-0.04775355915918696,1.879255025993839
1.004,-0.002085040221229473,-0.045921898201903684,1.8269538515866315
1.0050000000000001,-0.0021300778168130362,-0.04414804158988093,1.7686052366812752
1.006,-0.0021733735824842953,-0.04243772494668784,1.704551837243703
1.0070000000000001,-0.0022149937280088045,-0.04079632073297041,1.6351588443576905
1.008,-0.0022550096422735695,-0.03922881666484411,1.5608129364111059
1.0090000000000001,-0.0022934974983618616,-0.03773979525124266,1.4819211531037968
1.01,-0.00233053783877189,-0.03633341453645366,1.3989096824281895
1.0110000000000001,-0.0023662151420322294,-0.035013390142507025,1.312222552228675
1.012,-0.0024006173720652873,-0.03378297871360952,1.222320218897723
1.0130000000000001,-0.002433835511755434,-0.03264496287120638,1.1296780469256518
1.014,-0.0024659630822895283,-0.0316016377934384,1.0347846742249085
1.0150000000000001,-0.0024970956499530757,-0.030654799536356307,0.9381402597822557
1.016,-0.0025273303221834287,-0.02980573521605059,0.8402546120058393
1.0170000000000001,-0.0025567652348006307,-0.029055215171065418,0.741645197697413
1.018,-0.002585499032454666,-0.028403487222277504,0.6428350340606037
1.0190000000000001,-0.0026136303444431277,-0.027850273143667767,0.54435046763108
1.02,-0.0026412572581634,-0.027394767451001962,0.4467188467901202
1.0210000000000001,-0.002668476792566381,-0.027035638607391842,0.35046609604286516
1.022,-0.0026953843740723533,-0.026771032734164698,0.25611420283877623
1.0230000000000001,-0.0027220733174918342,-0.02659857990318431,0.1641786293680216
1.024,-0.0027486343145629133,-0.026515403072110155,0.0751656642099238
1.025,-0.0027751549327700476,-0.026518129708075155,-0.010430270048234457
1.026,-0.0028017191271456007,-0.026602906127189383,-0.09212933495592061
1.027,-0.0028284067677730733,-0.026765414557850822,-0.1694690005663781
1.028,-0.0028552931857085168,-0.027000892915119864,-0.24200675518469
1.029,-0.0028824487400129456,-0.027304157251628717,-0.3093227786178382
1.03,-0.002909938408542713,-0.027669626827916842,-0.37102255627749486
1.031,-0.002937821405076124,-0.028091351721980577,-0.4267394109876466
1.032,-0.002966150825262681,-0.028563042874498658,-0.4761369291529587
1.033,-0.0029949733237661373,-0.02907810444282527,-0.5189112579152153
1.034,-0.00302432882483419,-0.02962966831395145,-0.5547932504547364
1.035,-0.0030542502683667647,-0.03021063060438749,-0.5835504372473787
1.036,-0.0030847633933720523,-0.03081368995337793,-0.6049888018001928
1.037,-0.0031158865604959695,-0.03143138739592158,-0.6189543410787137
1.038,-0.003147630615087817,-0.03205614758320381,-0.6253343918518173
1.039,-0.00317999879202425,-0.03268032110134775,-0.624058706458546
1.04,-0.003212986663257052,-0.033296227624176396,-0.6151002629092117
1.041,-0.0032465821287798206,-0.03389619962327615,-0.5984757971845308
1.042,-0.003280765451426689,-0.034472626347960784,-0.5742460471846416
1.043,-0.0033155093356251266,-0.03501799778007534,-0.5425157009537734
1.044,-0.0033507790499273326,-0.03552494826343942,-0.5034330442617995
1.045,-0.003386532592843364,-0.035986299505140554,-0.4571893051841478
1.046,-0.0034227209011968127,-0.03639510264652771,-0.40401769661603476
1.047,-0.0034592880999233613,-0.036744679104861025,-0.3441921600416201
1.048,-0.003496171791936736,-0.037028659892759684,-0.2780258170273766
1.049,-0.0035333033863982604,-0.03724102313144456,-0.20586913753012598
1.05,-0.0035706084634482102,-0.037376129485501605,-0.1281078370102598
1.051,-0.003608007173192165,-0.03742875526121674,-0.04516051690572875
1.052,-0.0036454146664859854,-0.037394122927077195,0.042523934792370946
1.053,-0.0036827415548314874,-0.037267928834479554,0.13446916314980514
1.054,-0.003719894396483451,-0.0370463679376173,0.23017436503161653
1.055,-0.0037567762056794386,-0.03672615533499791,0.3291174832599423
1.056,-0.0037932869817386564,-0.03630454447958504,0.430758551559867
1.057,-0.0038293242546364394,-0.035779341931064794,0.5345431636042394
1.058,-0.00386478364354815,-0.03514891855111645,0.6399060387076471
1.059,-0.003899559424771413,-0.034412217070939444,0.7462746557069457
1.06,-0.003933545105379251,-0.033568755989082474,0.8530729262014722
1.061,-0.003966633998929478,-0.03261862978700694,0.9597248777114297
1.062,-0.003998719799557603,-0.03156250547884739,1.0656583177643142
1.063,-0.004029697150811593,-0.030401615541007555,1.1703084497154381
1.064,-0.0040594622056464285,-0.029137747295300685,1.2731214123433818
1.065,-0.0040879131740839195,-0.02777322884697621,1.373557715619309
1.066,-0.004114950855157716,-0.02631091170538465,1.4710955463580428
1.067,-0.004140479149903665,-0.024754150240038884,1.5652339188720246
1.068,-0.004164405552319939,-0.023106778148088144,1.6554956475299523
1.069,-0.004186641615408248,-0.021373082131012515,1.7414301195581705
1.07,-0.0042071033896149,-0.01955777299791389,1.822615848723505
1.071,-0.0042257118312164985,-0.01766595443023593,1.8986627926295003
1.072,-0.004242393178437293,-0.015703089657716027,1.969214418882693
1.073,-0.004257079293341463,-0.01367496630856224,2.033949507092686
1.074,-0.004269707967811426,-0.011587659706673477,2.0925836771982653
1.075,-0.004280223192199932,-0.009447494896661635,2.1448706363340646
1.076,-0.00428857538552694,-0.0072610076826223335,2.190603139306852
1.077,-0.004294721586379315,-0.005034904969033622,2.2296136604957084
1.078,-0.004298625603959782,-0.002776024692396096,2.2617747771350687
1.079,-0.00430025812901869,-0.0004912956295070716,2.2869992669745804
1.08,-0.004299596804685683,0.0018123026362962783,2.305239925028173
1.081,-0.0042966262574958445,0.004127779316994581,2.3164891070832603
1.082,-0.00429133808917411,0.006448171325258352,2.3207780094794273
1.083,-0.004283730830000528,0.008766581230061153,2.31817569664797
1.084,-0.004273809854825387,0.011076214022806289,2.308787890161339
1.085,-0.004261587263035563,0.013370412468893667,2.2927555340361057
1.086,-0.004247081723989861,0.015642690836747852,2.270253153616413
1.087,-0.004230318289640334,0.017886766813832482,2.2414870255595085
1.088,-0.004211328176237387,0.020096591438320544,2.206693178228245
1.089,-0.0041901485171777384,0.02226637689517773,2.1661352426556544
1.09,-0.004166822089195233,0.024390622045953225,2.1201021746554773
1.091,-0.004141397014214596,0.026464135582796786,2.068905869367656
1.092,-0.004113926439286989,0.028482056718594974,2.0128786896209863
1.093,-0.004084468197103475,0.03043987334681323,1.9523709298377667
1.094,-0.0040530844496384074,0.03233343762572158,1.887748236508736
1.095,-0.004019841317509341,0.03415897896309303,1.8193890066875462
1.096,-0.003984808497653946,0.035913114397684305,1.7476817846037294
1.097,-0.003948058871918053,0.037592856393837575,1.673022676416415
1.098,-0.003909668109123217,0.0391956180845322,1.59581280199687
1.099,-0.003869714263137872,0.04071921601619196,1.5164558016264191
1.1,-0.0038282773694144987,0.042161870465407945,1.4353554143622118
1.101,-0.003785439042377256,0.04352220341344024,1.3529131436699957
1.102,-0.003741282075951651,0.044799234278510146,1.269526024329237
1.103,-0.00369589004942137,0.045992373518922935,1.185584503541937
1.104,-0.003649346940678842,0.047101414231203585,1.1014704472108507
1.105,-0.003601736748807029,0.0481265218773625,1.0175552812197142
1.106,-0.003553143127791807,0.0490682222835768,0.9341982757192672
1.107,-0.0035036490330187992,0.04992738805915574,0.8517449788617605
1.108,-0.003453336382057168,0.05070522358975854,0.7705258049508121
1.109,-0.0034022857310772965,0.051403248762210016,0.6908547802262673
1.11,-0.0033505759680910754,0.0520232815801306,0.6130284480222253
1.111,-0.003298284024044084,0.05256741983013914,0.5373249337214699
1.112,-0.003245484602629859,0.05303802195720977,0.4640031681710933
1.113,-0.0031922499295390793,0.05343768730544251,0.3933022671399438
1.114,-0.0031386495217021657,0.05376923587676218,0.3254410629418471
1.115,-0.0030847499769336784,0.05403568775536679,0.2606177834503744
1.116,-0.003030614784242202,0.05424024233959651,0.19900987221888794
1.117,-0.0029763041549311794,0.05438625751609192,0.14077394285242595
1.118,-0.0029218748744851567,0.05447722890342298,0.08604585986191088
1.119,-0.0028673801751131216,0.054516769283684464,0.03494093722408639
1.12,-0.0028128696287065655,0.0545085883316608,-0.012445754256964668
1.121,-0.0027583890598652182,0.0544564727414068,-0.05603898062733152
1.122,-0.002703980478548482,0.05436426684024954,-0.09578284934153958
1.123,-0.0026496820318256905,0.054235853770035126,-0.1316402349161192
1.124,-0.0025955279741236405,0.054075137305159365,-0.1635921359706678
1.125,-0.002541548655305472,0.05388602436659858,-0.19163697398178134
1.1260000000000001,-0.002487770525860741,0.05367240828114158,-0.21578984373476787
1.127,-0.002434216158442328,0.05343815282503979,-0.23608172545676948
1.1280000000000001,-0.0023809042849513543,0.053187077081748454,-0.25255866813211747
1.129,-0.002327849848346147,0.05292294113431071,-0.26528095308336114
1.1300000000000001,-0.0022750640683350037,0.05264943260436882,-0.274322246334485
1.131,-0.0022225545201045444,0.05237015404168341,-0.2797687478190223
1.1320000000000001,-0.0021703252252351286,0.05208861116085262,-0.28171834453523975
1.133,-0.0021183767539615086,0.05180820191508105,-0.28027977446527647
1.1340000000000001,-0.0020667063379498003,0.051532206391240634,-0.27557180674564763
1.135,-0.0020153079927802725,0.051263777505116404,-0.2677224434254033
1.1360000000000001,-0.0019641726493484844,0.05100593247175065,-0.2568681466565631
1.137,-0.001913288293424181,0.05076154502219773,-0.24315309489431866
1.1380000000000001,-0.0018626401126372357,0.05053333833549746,-0.22672847050525208
1.139,-0.0018122106501919908,0.050323878652892506,-0.20775178050492646
1.1400000000000001,-0.001761979964644739,0.05013556954038117,-0.1863862112811979
1.141,-0.0017119257951131058,0.049970646765444326,-0.16280001749619036
1.1420000000000001,-0.0016620237313199034,0.04983117375438953,-0.13716594448367198
1.143,-0.001612247387906971,0.049719037597934036,-0.10966068291424773
1.1440000000000001,-0.001562568582485962,0.04963594557446774,-0.08046435385056692
1.145,-0.001512957516922355,0.049583422162854725,-0.04976002172138746
1.1460000000000001,-0.0014633829613756532,0.04956280651950147,-0.01773323230585515
1.147,-0.001413812440642345,0.04957525039772185,0.015428427613083977
1.1480000000000001,-0.0013642124223683743,0.049621716490979996,0.04953575249776745
1.149,-0.0013145485067142888,0.049702977185556746,0.08439832621092949
1.1500000000000001,-0.0012647856170687466,0.04981961371208928,0.11982491997093311
1.151,-0.0012148881914145007,0.049972015689611585,0.1556238843130925
1.1520000000000001,-0.0011648203739553459,0.05016038105976833,0.19160353908634284
1.153,-0.0011145462066128545,0.05038471641284184,0.22757256544586071
1.154,-0.0010640298199981813,0.05064483771106489,0.2633404036625546
1.155,-0.0010132356234570066,0.05094037141819436,0.29871766021960117
1.156,-0.0009621284937750971,0.05127075604757579,0.3335165274304104
1.157,-0.0009106739621183762,0.05163524414368893,0.3675512182905507
1.158,-0.0008588383987652401,0.05203290471452881,0.4006384188942026
1.159,-0.0008065891951706102,0.05246262613401331,0.4325977602022266
1.16,-0.0007538949428814283,0.05292311953483839,0.4632523103372317
1.161,-0.0007007256088025716,0.05341292271288193,0.49242908803646857
1.162,-0.0006470527062910769,0.05393040456428056,0.5199595972256595
1.163,-0.0005928494615357873,0.05447377007566717,0.5456803820179105
1.164,-0.0005380909746597199,0.05504106588677741,0.5694336008006871
1.165,-0.00048275437496423724,0.05563018644269295,0.5910676174104224
1.166,-0.0004268189697181758,0.05623888075039055,0.610437606736989
1.167,-0.000370266385882039,0.05686475975105505,0.6274061714924939
1.168,-0.0003130807041478577,0.05750530431577924,0.6418439662526012
1.169,-0.0002552485846698879,0.058157873867928735,0.6536303243810566
1.17,-0.0001967593838605181,0.058819715630545756,0.662653882882117
1.171,-0.00013760526163006064,0.05948797449184444,0.6688131998233936
1.172,-7.778127845892492e-05,0.06015970347613865,0.6720173585825353
1.173,-1.7285481706358112e-05,0.06083187480151033,0.6721865528563145
1.174,4.388101941822761e-05,0.061501391499264604,0.6692526461507787
1.175,0.0001057139907671541,0.062165099563802846,0.6631596993238078
1.176,0.00016820602256080255,0.06281980059506091,0.6538644596911327
1.177,0.0002313464915584848,0.06346226488920398,0.6413368052427001
1.178,0.0002951215365165014,0.06408924492691472,0.6255601376251572
1.179,0.00035951404730230933,0.06469748920248665,0.6065317177864501
1.18,0.0004245036679740176,0.06528375633107074,0.5842629384431987
1.181,0.0004900668140690613,0.06584482936596145,0.5587795279459623
1.182,0.0005561767042753263,0.06637753025282911,0.5301216806071642
1.183,0.0006228034065826816,0.06687873434332142,0.49834410905237125
1.184,0.0006899138989334239,0.06734538488664224,0.46351601484187116
1.185,0.0007574721443072099,0.06777450741457966,0.4257209742875272
1.186,0.000825439180090341,0.06816322393302918,0.38505673710289917
1.187,0.0008937732214915628,0.06850876683147901,0.3416349363852373
1.188,0.0009624297786776536,0.06880849242114706,0.29558070922349106
1.189,0.0010313617872128587,0.06905989401256298,0.24703222811626005
1.19,0.0011005197512975666,0.06926061444439713,0.19614014428976298
1.191,0.0011698518992143798,0.06940845797718075,0.1430669448324505
1.192,0.0012393043503048694,0.06950140146843815,0.08798622661811044
1.193,0.0013088212927186303,0.06953760474932122,0.031081890645538547
1.194,0.0013783451710986875,0.06951542012741861,-0.027452738528239443
1.195,0.0014478168832946733,0.0694334009457434,-0.08741586286555791
1.196,0.001517175985128302,0.06929030913403676,-0.14859822422938476
1.197,0.0015863609021752351,0.06908512169532743,-0.21078417420734494
1.198,0.0016553091474741694,0.06881703607821323,-0.27375279278630954
1.199,0.0017239575440284797,0.06848547439335945,-0.33727904780550205
1.2,0.0017922424509285463,0.06809008644126388,-0.40113498658578844
1.201,0.001860099991894451,0.06763075152731743,-0.46509095071837625
1.202,0.0019274662850193558,0.0671075790493617,-0.5289168048253606
1.203,0.00199427767248389,0.06652090785254088,-0.5923831696555317
1.204,0.002060470949011357,0.06587130435563777,-0.6552626501473511
1.205,0.002125983587842606,0.06515955946273665,-0.7173310487778773
1.206,0.002190753963027952,0.0643866842834956,-0.7783685547813709
1.207,0.0022547215668614023,0.06355390469448281,-0.8381609000906282
1.208,0.0023178272213193346,0.06266265478295191,-0.8965004731019076
1.209,0.0023800132824113975,0.06171456922295447,-0.9531873817783114
1.21,0.0024412238364052334,0.0607114746415988,-1.0080304582369481
1.211,0.0025014048869481218,0.05965538004070425,-1.060848197421128
1.212,0.0025605045321771993,0.05854846634577588,-1.111469623253268
1.213,0.0026184731309847747,0.057393075160157916,-1.1597350764012855
1.214,0.00267526345768566,0.056191696807406016,-1.2054969185448214
1.215,0.00273083084441857,0.054946957749153834,-1.2486201489924649
1.216,0.0027851333107025804,0.05366160746918301,-1.2889829302873594
1.217,0.0028381316796614975,0.05233850491677307,-1.3264770205319532
1.218,0.002889789680522842,0.050980604604044515,-1.3610081108578846
1.219,0.0029400740370929953,0.04959094245238617,-1.392496067781468
1.22,0.0029889545420050167,0.04817262148282177,-1.4208750807297517
1.221,0.0030364041166296802,0.046728797443707885,-1.4460937163167096
1.222,0.0030823988566326677,0.04526266446712747,-1.4681148814416591
1.223,0.003126918063250467,0.04377744084202092,-1.4869156986558318
1.224,0.003169944260443786,0.04227635498850423,-1.5024872974040306
1.225,0.003211463198169245,0.04076263171299561,-1.5148345260903961
1.226,0.0032514638420871956,0.03923947881866638,-1.5239755900891134
1.227,0.003289938350094996,0.03771007413978219,-1.529941621732053
1.228,0.003326882036140437,0.03617755306212552,-1.532776188682173
1.229,0.0033622933218288827,0.03464499658504597,-1.532534747360612
1.23,0.0033961736763895877,0.03311541997348256,-1.5292840486823693
1.231,0.003428527545611395,0.0315917620410518,-1.5231015033509268
1.232,0.003459362270395359,0.03007687509785073,-1.5140745141752665
1.233,0.0034886879956018417,0.02857351558928485,-1.5022997827363807
1.234,0.003516517569892149,0.027084335444699133,-1.4878825979554329
1.235,0.003542866437280126,0.025611874147649063,-1.4709361134440448
1.236,0.0035677525211173368,0.02415855153244101,-1.4515806208770237
1.237,0.0035911961012370145,0.022726661305332633,-1.4299428255268594
1.238,0.003613219684977141,0.021318365282359822,-1.4061551304125222
1.239,0.0036338478727923115,0.019935688330338555,-1.3803549343781776
1.24,0.0036531072191479997,0.018580513992380955,-1.3526839493006222
1.241,0.0036710260893699845,0.017254580774822424,-1.3232875407928315
1.242,0.0036876345130968276,0.015959479068828955,-1.292314095958368
1.243,0.003702964034954898,0.014696648676611659,-1.2599144215176272
1.244,0.003717047563044258,0.013467376909876897,-1.2262411745034874
1.245,0.0037299192157906175,0.012272797226569392,-1.1914483270353757
1.246,0.003741614167684062,0.011113888370848977,-1.155690666249705
1.247,0.0037521684943902117,0.009991473981134674,-1.1191233293976157
1.248,0.003761619017684462,0.008906222631359413,-1.081901373768655
1.249,0.003770003150625771,0.00785864827182845,-1.044179380100861
1.25,0.003777358743353634,0.006849111037602171,-1.0061110879309896
1.2510000000000001,0.003783723929861009,0.005877818394674924,-0.9678490604543503
1.252,0.003789136976067616,0.004944826596949531,-0.9295443761368143
1.2530000000000001,0.003793636129492604,0.004050042430127963,-0.8913463439222575
1.254,0.003797259470803502,0.003193225222176718,-0.8534022384596068
1.2550000000000001,0.0038000447674999176,0.0023739891038303262,-0.815857051522008
1.256,0.0038020293299758532,0.0015918055064247547,-0.77885325578966
1.2570000000000001,0.003803249870193964,0.0008460058886728155,-0.7425305766273296
1.258,0.0038037423631985573,0.00013578468775102552,-0.7070257681597036
1.2590000000000001,0.0038035419116916524,-0.000539797505657352,-0.6724723893120925
1.26,0.0038026826138978756,-0.0011818105450730363,-0.6390005762391167
1.2610000000000001,0.003801197434949116,-0.0017914510916444701,-0.6067368073735311
1.262,0.00379911808202848,-0.002370038733071623,-0.5758036579819066
1.2630000000000001,0.0037964748835247614,-0.002919011844867525,-0.5463195412939892
1.264,0.0037932966724629883,-0.003439923178351585,-0.5183984338105504
1.2650000000000001,0.003789610674493168,-0.003934435157867892,-0.49214958293775546
1.266,0.003785442400737477,-0.0044043148683703525,-0.46767719564622223
1.2670000000000001,0.003780815545815448,-0.004851428713637673,-0.4450801073177581
1.268,0.0037757518913862954,-0.005277736725533036,-0.424451431029412
1.2690000000000001,0.0037702712155670563,-0.005685286504870459,-0.4058781874118422
1.27,0.0037643912086038176,-0.006076206775967848,-0.38944091673661924
1.2710000000000001,0.0037581273951903782,-0.006452700538672802,-0.37521327494358087
1.272,0.0037514930638436372,-0.006817037804101977,-0.3632616161365417
1.2730000000000001,0.0037444992037570656,-0.00717154790364937,-0.3536445649396753
1.274,0.0037371544495622988,-0.007518611364327591,-0.34641258223478033
1.2750000000000001,0.0037294650344335783,-0.007860651347923757,-0.341607528785754
1.276,0.0037214347519699286,-0.00820012465613601,-0.33926223145223755
1.2770000000000001,0.0037130649272851014,-0.008539512309184928,-0.33940005738265555
1.278,0.0037043543977251245,-0.0088813097107914,-0.3420345015846499
1.2790000000000001,0.0036952995036173527,-0.009228016418438746,-0.34716879396123834
1.28,0.0036858940894330156,-0.00958212554383042,-0.35479553179688356
1.281,0.003676129515717222,-0.009946112814665195,-0.36489634392643383
1.282,0.0036659946821061325,-0.010322425335111105,-0.37744159284893647
1.283,0.0036554760617105585,-0.010713470088510497,-0.39239012092636
1.284,0.0036445577470986847,-0.011121602231915433,-0.4096890467269929
1.285,0.003633221508058146,-0.011549113237814537,-0.42927361724579816
1.286,0.003621446861259587,-0.011998218943921437,-0.4510671214887681
1.287,0.0036092111518805153,-0.01247104757682888,-0.47498087030049946
1.288,0.0035964896471800856,-0.012969627820109738,-0.5009142472019918
1.289,0.0035832556419430426,-0.013495877001176831,-0.528754833866938
1.29,0.0035694805756349922,-0.014051589474735358,-0.5583786137478041
1.291,0.003555134161032101,-0.014638425283216556,-0.5896502563119733
1.292,0.003540184524007039,-0.015257899176443141,-0.6224234836906668
1.293,0.0035245983540701524,-0.01591137007398263,-0.6565415208871738
1.294,0.003508341065181473,-0.016600031053610548,-0.6918376293934867
1.295,0.0034913769662658846,-0.017324899949055696,-0.7281357239557558
1.296,0.003473669440781586,-0.0180868106383533,-0.7652510704852561
1.297,0.003455181134611754,-0.018886405101988638,-0.8029910629578756
1.298,0.0034358741514718925,-0.01972412632658331,-0.8411560757455663
1.299,0.0034157102549515583,-0.02060021212602699,-0.879540387501736
1.3,0.0033946510762398654,-0.02151468994681353,-0.9179331713311915
1.301,0.0033726583265202815,-0.022467372718675438,-0.9561195455407681
1.302,0.003349694012962294,-0.023457855805322066,-0.9938816786241282
1.303,0.0033257206571863426,-0.024485515102942865,-1.0309999412578355
1.304,0.003300701515034738,-0.025549506326220148,-1.0672540973231648
1.305,0.003274600796445465,-0.02664876551373547,-1.1024245261057526
1.306,0.0032473838841984392,-0.02778201077567354,-1.136293466580827
1.307,0.003219017550285366,-0.02894774529773328,-1.1686462747994157
1.308,0.0031894701686450443,-0.03014426160597632,-1.1992726851770266
1.309,0.0031587119230060707,-0.03136964708769794,-1.2279680659952652
1.31,0.0031267150085885795,-0.03262179075386153,-1.2545346595868325
1.311,0.003093453826435878,-0.03389839121911267,-1.2787827976794812
1.312,0.003058905169175582,-0.035196965865856585,-1.3005320823656723
1.313,0.0030230483970479674,-0.036514861149669946,-1.3196125235169802
1.314,0.0029858656030864257,-0.037849263994393006,-1.3358656237434439
1.315,0.0029473417663909043,-0.03919721421658331,-1.349145402256476
1.316,0.0029074648924994765,-0.04055561791100346,-1.3593193496890892
1.317,0.0028662261399353484,-0.04192126172116224,-1.3662693062491884
1.318,0.002823619932085959,-0.043290827912097804,-1.3698922564539955
1.319,0.0027796440536568025,-0.04466091015622511,-1.3701010341169741
1.32,0.002734299731034461,-0.04602802993762675,-1.3668249322319956
1.321,0.0026875916959903114,-0.04738865347540007,-1.3600102130466385
1.322,0.0026395282322576705,-0.04873920906275338,-1.349620514482541
1.323,0.0025901212046199294,-0.05007610471553437,-1.335637149975346
1.324,0.0025393860702546127,-0.05139574602163625,-1.3180592995649414
1.325,0.0024873418721874404,-0.05269455408147321,-1.2969040910726564
1.326,0.0024340112148204655,-0.05396898342928288,-1.2722065710034476
1.327,0.0023794202216083104,-0.055215539825500475,-1.2440195657442714
1.328,0.002323598475065597,-0.05643079781174433,-1.2124134344251363
1.329,0.0022665789393960007,-0.057611417922133444,-1.1774757157042282
1.33,0.0022083978661381113,-0.05875416344762294,-1.1393106715122086
1.331,0.002149094683324698,-0.05985591665379754,-1.098038731580777
1.332,0.002088711868749363,-0.0609136943568376,-1.0537958430744947
1.333,0.0020272948080271246,-0.06192466276774296,-1.0067327308007241
1.334,0.0019648916382226963,-0.0628861515202817,-0.957014073369962
1.335,0.001901553077901485,-0.06379566680457706,-0.9048176018594074
1.336,0.0018373322445331356,-0.06465090353481028,-0.8503331275449141
1.337,0.0017722844602453733,-0.06544975648666218,-0.7937615059042405
1.338,0.0017064670469865782,-0.06619033034747561,-0.735313544265995
1.339,0.001639939112208665,-0.06687094862985606,-0.675208860875282
1.34,0.0015727613262272757,-0.06749016140712587,-0.6136747030670697
1.341,0.0015049956924537916,-0.06804675183717386,-0.5509447327164291
1.342,0.0014367053117232199,-0.06853974144910234,-0.48725778679561615
1.343,0.0013679541419636312,-0.06896839417499913,-0.42285662097273496
1.344,0.0012988067544664915,-0.06933221911718251,-0.3579866442811396
1.345,0.0012293280880231743,-0.06963097204873293,-0.29289465226936
1.346,0.0011595832021912605,-0.06986465565282603,-0.22782756636137408
1.347,0.0010896370309452063,-0.07003351851347366,-0.16303118645614723
1.348,0.001019554137949899,-0.07013805287719163,-0.09874896366694501
1.349,0.0009493984746728016,-0.07017899121175047,-0.03522079981188469
1.35,0.0008792331425212051,-0.07015730159425326,0.027318120308002465
1.351,0.0008091201601560075,-0.0700741819665443,0.08863845811125079
1.352,0.0007391202370927558,-0.06993105330132174,0.14851780658521577
1.353,0.0006692925546549747,-0.06972955172708521,0.2067417270811642
1.354,0.0005996945552944466,-0.06947151966451398,0.26310473311421323
1.355,0.000530381741238616,-0.06915899603072992,0.317411217366794
1.356,0.0004614074833671366,-0.06879420557133077,0.3694763185012431
1.357,0.0003928228411582373,-0.06837954738304056,0.4191267248627485
1.358,0.00032467639448150457,-0.06791758269232263,0.4662014126156767
1.359,0.0002570140879473461,-0.06741102195732851,0.5105523163282615
1.36,0.00018987908845523606,-0.06686271136216133,0.5520449304369437
1.361,0.00012331165651328308,-0.0662756187736428,0.5905588404167204
1.362,5.734903183109537e-05,-0.06565281923155704,0.6259881829101788
1.363,-7.974666383261469e-06,-0.06499748004379077,0.6582420344003901
1.364,-7.26285240628728e-05,-0.06431284555788817,0.6872447283588702
1.365,-0.00013658490157020484,-0.0636022216803237,0.7129361011122848
1.366,-0.0001998194874170536,-0.06286896021429922,0.7352716669498669
1.367,-0.00026231133626973205,-0.06211644308612386,0.7542227232416165
1.368,-0.00032404289116257074,-0.061348066529253086,0.7697763865703644
1.369,-0.0003849999899112876,-0.0605672252938858,0.7819355610724696
1.37,-0.0004451718557849967,-0.05977729694866768,0.7907188403534098
1.371,-0.0005045510725614085,-0.05898162633953026,0.7961603445116615
1.372,-0.0005631335441539932,-0.058183510269083395,0.7983094938910094
1.373,-0.0006209184390623967,-0.0573861824581957,0.7972307213598961
1.374,-0.000677908119958136,-0.05659279884960279,0.7930031249126566
1.375,-0.0007341080587764435,-0.055806423311403106,0.7857200625907103
1.3760000000000001,-0.0007895267377420206,-0.05503001379636669,0.7754886916519208
1.377,-0.0008441755368113475,-0.05426640901090552,0.7624294540796668
1.3780000000000001,-0.0008980686080669675,-0.05351831564541856,0.7466755105711961
1.379,-0.0009512227376498364,-0.05278829621562695,0.7283721250991285
1.3800000000000001,-0.0010036571958642999,-0.05207875756225041,0.7076760023270635
1.381,-0.0010553935761364911,-0.05139194005413344,0.6847545801181706
1.3820000000000001,-0.0011064556235508812,-0.05072990753758989,0.6597852794867194
1.383,-0.0011568690537312994,-0.050094538072383746,0.6329547143432286
1.3840000000000001,-0.0012066613628718944,-0.04948751549223725,0.6044578635775912
1.385,-0.0012558616297601625,-0.04891032182529172,0.5744972079379693
1.3860000000000001,-0.0013045003106682332,-0.048364230607235124,0.5432818344419523
1.387,-0.0013526090280199844,-0.04785030111715478,0.5110265109676634
1.3880000000000001,-0.0014002203537701555,-0.04736937356325735,0.4779507339674
1.389,-0.001447367588457302,-0.046922065242678564,0.44427775222167315
1.3900000000000001,-0.00149408453691509,-0.046508767696478166,0.41023356978070835
1.391,-0.0015404052816458983,-0.04612964487767864,0.37604593133984293
1.3920000000000001,-0.0015863639548768763,-0.04578463234686303,0.3419432934011327
1.393,-0.001631994510331303,-0.04547343750622245,0.3081537848730573
1.3940000000000001,-0.0016773304957571793,-0.045195540879353735,0.27490416069246526
1.395,-0.0017224048272603094,-0.04495019844016436,0.24241875244731112
1.3960000000000001,-0.001767249566490509,-0.04473644499030801,0.2109184199297764
1.397,-0.0018118957017268969,-0.044553098580379764,0.18061950784018363
1.3980000000000001,-0.0018563729339013196,-0.04439876596583251,0.15173281191388743
1.399,-0.001900709468587679,-0.04427184908411932,0.12446255894609205
1.4000000000000001,-0.0019449318149691633,-0.044170552535018566,0.09900540526989259
1.401,-0.0019890645927750444,-0.04409289204151336,0.07554945827573478
1.4020000000000001,-0.0020331303481536415,-0.04403670386376048,0.05427332583303524
1.403,-0.0020771493794182476,-0.04399965513397456,0.03534519830873676
1.4040000000000001,-0.002121139573568211,-0.04397925507522634,0.0189219680224477
1.405,-0.002165116254447907,-0.043972867062239025,0.005148391060763948
1.4060000000000001,-0.002209092043362112,-0.04397772147762142,-0.005843703931721292
1.407,-0.002253076732917234,-0.04399092931202693,-0.013936155001824373
1.408,-0.0022970771748041475,-0.04400949645227054,-0.0190251497730215
1.409,-0.0023410971821800704,-0.04403033859679759,-0.021021847304922597
1.41,-0.0023851374472441864,-0.04405029673357411,-0.019852934636337593
1.411,-0.002429195474534669,-0.044066153111264036,-0.01546111381610428
1.412,-0.002473265530403805,-0.04407464763083548,-0.007805515745052865
1.413,-0.0025173386090530975,-0.04407249458084409,0.0031379630862026406
1.414,-0.0025614024154319605,-0.04405639963656055,0.017376403962400803
1.415,-0.002605441365222295,-0.04402307704007288,0.034899692451706876
1.416,-0.002649436602047096,-0.04396926687595746,0.055680430543700886
1.417,-0.0026933660319547787,-0.04389175235494843,0.07967393654955121
1.418,-0.0027372043751425807,-0.04378737701645225,0.10681833429310209
1.419,-0.0027809232347926595,-0.043653061759566195,0.13703473274690192
1.42,-0.0028244911828037606,-0.043485821611412956,0.17022749692968947
1.421,-0.002867873862110308,-0.04328278214183443,0.20628460973060703
1.422,-0.0029110341051897973,-0.043041195433490526,0.2450781246902805
1.423,-0.002953932068269161,-0.04275845551775705,0.2864647082542253
1.424,-0.0029965253806518303,-0.042432113188154354,0.33028627017562334
1.425,-0.0030387693085001132,-0.04205989010527289,0.376370679742479
1.426,-0.003080616932322876,-0.04163969210992777,0.42453256502011466
1.427,-0.0031220193373368826,-0.04116962166449871,0.47457419184312927
1.428,-0.003162925815792127,-0.04064798934639046,0.5262864185080938
1.429,-0.003203284080277607,-0.04007332432186755,0.5794497218210817
1.43,-0.003243040486954822,-0.03944438373363659,0.6338352893044626
1.431,-0.0032821402676023763,-0.038760160940929295,0.6892061721647215
1.432,-0.0033205277692967845,-0.0380198925567664,0.7453184930418322
1.433,-0.0033581467005026054,-0.037223064233671874,0.8019227018909555
1.434,-0.0033949403822996155,-0.03636941515577739,0.8587648733234057
1.435,-0.0034308520034363405,-0.03545894120250245,0.9155880381053102
1.436,-0.0034658248778682405,-0.034491896756576455,0.9721335412049602
1.437,-0.003499802703415491,-0.03346879513689461,1.0281424186520884
1.438,-0.0035327298201598308,-0.032390407644765966,1.083356785109838
1.439,-0.0035645514671926227,-0.031257761220313686,1.1375212239476902
1.44,-0.003595214036327223,-0.030072134714160387,1.190384171426381
1.441,-0.0036246653213979517,-0.028835053787686405,1.241699286863308
1.442,-0.003652854761785613,-0.027548284463822677,1.2912268000505838
1.443,-0.0036797336788354706,-0.026213825358401516,1.3387348279303366
1.444,-0.0037052555038677723,-0.024833898630386087,1.3840006521996693
1.445,-0.003729375996523174,-0.02341093969721625,1.4268119499690886
1.446,-0.0037520534522355996,-0.021947585769400587,1.4669679695807085
1.447,-0.0037732488976828064,-0.02044666326574609,1.5042806443870715
1.448,-0.0037929262731299747,-0.018911174177939572,1.538575637155693
1.449,-0.003811052600653555,-0.01734428145966246,1.5696933087176932
1.45,-0.003827598137310978,-0.015749293521801818,1.5974896044791778
1.451,-0.0038425365124062257,-0.014129647921070757,1.6218368531076215
1.452,-0.003855844848091077,-0.012488894334372065,1.6426244724384682
1.453,-0.0038675038626365134,-0.01083067691598984,1.6597595778711685
1.454,-0.0038774979558077794,-0.009158716138584452,1.6731674894472348
1.455,-0.003885815275879181,-0.007476790222261018,1.6827921343661358
1.456,-0.0038924477679303337,-0.005788716258750581,1.6885963422170167
1.457,-0.003897391203173383,-0.00409833113937496,1.6905620314022969
1.458,-0.003900645189170228,-0.002409472397143396,1.6886902850608319
1.459,-0.0039022131609090516,-0.0007259590733461661,1.6830013166392912
1.46,-0.0039021023528199345,0.0009484272808349551,1.6735343249270165
1.461,-0.0039003237519191327,0.0026099613584177287,1.6603472399333434
1.462,-0.0038968920323802086,0.004254992498533579,1.6435163610130215
1.463,-0.0038918254719366384,0.005879962630991778,1.6231358900736559
1.464,-0.0038851458506244043,0.007481423660959932,1.5993173624851924
1.465,-0.003876878332473467,0.009056054195342672,1.5721889799550253
1.466,-0.0038670513308533424,0.0106006755166421,1.5418948495642586
1.467,-0.0038556963582697733,0.012112266714909618,1.5085941338535545
1.468,-0.0038428478614959695,0.013587978894143631,1.472460117788124
1.469,-0.003828543043002569,0.015025148375392232,1.4336791985139221
1.47,-0.0038128216697248998,0.01642130882540242,1.392449804553775
1.471,-0.0037957258702738584,0.017774202246475104,1.3489812512778525
1.472,-0.003777299921757269,0.019081788770698015,1.3034925402284672
1.473,-0.003757590027431678,0.02034225520922434,1.256211109786552
1.474,-0.0037366440864498893,0.02155402231517199,1.207371545128417
1.475,-0.0037145114570068948,0.02271575072687033,1.1572142556448193
1.476,-0.0036912427142159663,0.023826345566464176,1.105984128116276
1.477,-0.0036668894040675424,0.02488495967716139,1.053929163919504
1.478,-0.0036415037948360736,0.025890995490753868,1.001299108615078
1.479,-0.003615138627304111,0.026844105525529214,0.9483440824175706
1.48,-0.0035878468651687452,0.027744191522849574,0.8953132196733834
1.481,-0.003559681446983208,0.028591402238711223,0.8424533253747764
1.482,-0.0035306950409660903,0.029386129914695434,0.7900075568137168
1.483,-0.0035009398039824976,0.030129005460201714,0.7382141377945541
1.484,-0.003470467145965817,0.030820892385394604,0.6873051129575605
1.485,-0.0034393275010059458,0.03146287953110819,0.6375051489531925
1.486,-0.0034075701062801804,0.03205627264879051,0.5890303893148743
1.487,-0.0033752427899469213,0.032602584889561054,0.542087368936488
1.488,-0.003342391769060328,0.0331035262673641,0.4968719940645667
1.489,-0.0033090614584965626,0.03356099216628052,0.45356859280287315
1.49,-0.0032752942918097745,0.033977050966957134,0.4123490410157738
1.491,-0.0032411305548591196,0.034353930870978544,0.37337196739559375
1.492,-0.003206608232967293,0.034694006005988084,0.3367820416966314
1.493,-0.003171762872286948,0.0349997818970709,0.3027093487144117
1.494,-0.003136627455964606,0.0352738803924489,0.2712688505425287
1.495,-0.00310123229560265,0.03551902413350023,0.24255993901373676
1.496,-0.003065604938429503,0.03573802066016939,0.21666607929442294
1.497,-0.0030297700904966004,0.03593374624368012,0.19365454546618963
1.498,-0.0029937495561289467,0.03610912953840378,0.17357624794692747
1.499,-0.002957562193764314,0.036267135144455766,0.15646565245797825
1.5,-0.0029212238882252396,0.03641074717138237,0.142340789236689
1.5010000000000001,-0.0028847475393783007,0.0365429528919266,0.13120335111310943
1.502,-0.0028481430670472836,0.036666726572671816,0.1230388781813647
1.5030000000000001,-0.0028114174319612455,0.036785013566035044,0.11781702673286683
1.504,-0.002774574672435579,0.0369007147449702,0.11549191926285199
1.5050000000000001,-0.0027376159564045325,0.037016671358363014,0.11600257215292305
1.506,-0.0027005396483474223,0.03713565038157714,0.1192733974949024
1.5070000000000001,-0.002663341390578578,0.03726033043217892,0.1252147745354321
1.508,-0.0026260141983030683,0.03739328831674867,0.13372368666106155
1.5090000000000001,-0.002588548567776774,0.03753698626992109,0.1446844190911223
1.51,-0.0025509325968507027,0.03769375994183264,0.15796931230038577
1.5110000000000001,-0.0025131521171257677,0.037865807185186014,0.17343956620476586
1.512,-0.0024751908368957215,0.038055177687789654,0.1909460897200114
1.5130000000000001,-0.002437030494012724,0.038263763491142105,0.21033039041500623
1.514,-0.0023986510177722168,0.038493290430124734,0.23142549873107715
1.5150000000000001,-0.0023600306988814305,0.038745310523414,0.25405692132249147
1.516,-0.002321146366549025,0.03902119533869725,0.278043617982667
1.5170000000000001,-0.00228197357171196,0.03932213035134502,0.3031989967355182
1.518,-0.002242486775399833,0.039649110309673836,0.3293319215633142
1.5190000000000001,-0.0022026595412263806,0.040002935614691586,0.3562477275572032
1.52,-0.002162464730992598,0.040384209716917384,0.3837492381820326
1.5210000000000001,-0.0021218747023858935,0.040793337527765594,0.4116377795734407
1.522,-0.002080861507764648,0.04123052483806117,0.439714186960401
1.5230000000000001,-0.0020393970930273507,0.041695778731497476,0.46777979847238765
1.524,-0.0019974534955799978,0.04218890897621687,0.495637431710857
1.5250000000000001,-0.001955003040434382,0.042709530373377096,0.5230923387980766
1.526,-0.0019120185334931261,0.04325706603740805,0.549953135757288
1.5270000000000001,-0.0018684734511045585,0.04383075157873662,0.5760327023191377
1.528,-0.001824342125001536,0.04442964015614531,0.601149048571389
1.5290000000000001,-0.0017795999217729006,0.04505260836244918,0.6251261449807072
1.53,-0.0017342234160541044,0.0456983629040491,0.647794712694122
1.5310000000000001,-0.0016881905566644242,0.04636544803204021,0.6689929712622382
1.532,-0.0016414808249618506,0.04705225367982473,0.6885673410669545
1.5330000000000001,-0.0015940753847328972,0.04775702425993537,0.7063730982578145
1.534,-0.0015459572229830072,0.04847786807049629,0.7222749799095869
1.5350000000000001,-0.001497111281043666,0.04921276725998594,0.7361477376898766
1.536,-0.0014475245754644742,0.04995958829733263,0.7478766384116482
1.537,-0.001397186308212124,0.050716092892922046,0.7573579100355677
1.538,-0.0013460879657531029,0.05147994931512562,0.7644991321982134
1.539,-0.0012942234066528721,0.05224874404591498,0.769219570210465
1.54,-0.0012415889373809394,0.05301999371858622,0.771450452035488
1.541,-0.0011881833760684784,0.05379115728012135,0.771135187749378
1.542,-0.0011340081040226628,0.05455964832058249,0.7682295313886791
1.543,-0.0010790671048595186,0.055322847511869624,0.7627016851232354
1.544,-0.0010233669911746193,0.0560781150984447,0.7545323460593233
1.545,-0.000966917018728117,0.05682280338305506,0.7437146961154008
1.546,-0.0009097290881772597,0.05755426915110542,0.7302543356043713
1.547,-0.0008518177344454816,0.05826988597813412,0.7141691613453968
1.548,-0.0007932001038721682,0.05896705636588155,0.6954891903586163
1.549,-0.0007338959193410912,0.059643223653669565,0.6742563303909238
1.55,-0.0006739274336381295,0.06029588365311656,0.6505240985844112
1.551,-0.0006133193713400347,0.06092259595584975,0.6243572899566923
1.552,-0.0005520988595854945,0.061520994865562464,0.5958315973808899
1.553,-0.0004902953481274357,0.06208879990766996,0.5650331849925445
1.554,-0.00042794051911119606,0.06262382587191613,0.532058217139393
1.555,-0.00036506818706673664,0.06312399234548749,0.4970123450865969
1.556,-0.0003017141896443103,0.06358733269657399,0.4600101538776997
1.557,-0.00023791626966176535,0.06401200247089013,0.4211745719419231
1.558,-0.00017371394906781835,0.0643962871663284,0.3806362461137435
1.559,-0.00010914839545903083,0.06473860935375422,0.33853288491821476
1.56,-4.4262281818716866e-05,0.06503753511493558,0.29500857311948075
1.561,2.0900359826525733e-05,0.0652917797716751,0.25021306061403664
1.562,8.629429011265621e-05,0.06550021288343913,0.20430102891073
1.563,0.00015187321866536082,0.06566186249410429,0.15743133853097768
1.564,0.00021758996428984892,0.06577591861187064,0.10976626076764953
1.565,0.00028339661825038307,0.0658417359099073,0.061470697327003096
1.566,0.00034924470985602234,0.06585883563889888,0.01271139146389989
1.567,0.00041508537356205557,0.06582690674631506,-0.03634386573140625
1.568,0.0004808695167932916,0.06574580620095549,-0.08552703015795352
1.569,0.0005465479876957824,0.0656155585250354,-0.13467059692954442
1.57,0.0006120717420277283,0.06543635453988896,-0.183608386178878
1.571,0.0006773920084082557,0.0652085493350948,-0.23217631872314598
1.572,0.0007424604511544372,0.06493265947458728,-0.28021317782686045
1.573,0.0008072293299523534,0.06460935945704159,-0.327561353342056
1.574,0.000871651655627093,0.06423947745145114,-0.3740675646040239
1.575,0.0009356813412993003,0.06382399033241304,-0.4195835584876426
1.576,0.000999273348242116,0.06336401804308217,-0.4639667791944899
1.577,0.0010623838257820138,0.0628608173171589,-0.5070810063689831
1.578,0.0011249702446199633,0.062315774794424406,-0.5487969584189967
1.579,0.001186991522985422,0.061730399567449204,-0.5889928579313084
1.58,0.0012484081450746885,0.06110631519994272,-0.62755495636556
1.581,0.0013091822712669363,0.06044525125986511,-0.6643780153897981
1.582,0.0013692778396555982,0.059749034412890506,-0.6993657424060654
1.583,0.0014286606584794314,0.05901957912398956,-0.732431178114729
1.584,0.001487298489086338,0.05825887801686823,-0.7634970341659366
1.585,0.0015451611191135656,0.05746899194264718,-0.7924959792814498
1.586,0.0016022204256199736,0.056652039810556686,-0.819370872478197
1.587,0.0016584504279593786,0.055810188234537296,-0.8440749423036793
1.588,0.0017138273302382105,0.05494564105034648,-0.8665719114104261
1.589,0.001768329553255577,0.05406062875829553,-0.8868360659604517
1.59,0.0018219377558789747,0.05315739794684525,-0.9048522697954291
1.591,0.00187463484586402,0.052238200752087564,-0.9206159236001057
1.592,0.0019264059801813377,0.051305284407682866,-0.9341328695392195
1.593,0.0019772385549678266,0.050360880938851084,-0.9454192423881838
1.594,0.002027122185272611,0.04940719705303488,-0.9545012681332543
1.595,0.0020760486748197435,0.04844640427815986,-0.9614150118055211
1.596,0.002124011976059865,0.04748062939786769,-0.9662060760765725
1.597,0.0021710081408312207,0.04651194523076899,-0.9689292530239577
1.598,0.002217035261996412,0.045542361798645195,-0.9696481311556528
1.599,0.0022620934064647713,0.04457381792572112,-0.9684346605714997
1.6,0.0023061845400509902,0.04360817330837543,-0.9653686790046723
1.601,0.0023493124446584135,0.04264720109153158,-0.960537401904872
1.602,0.002391482628310014,0.04169258098468584,-0.9540348798618659
1.603,0.002432702228581295,0.04074589294710083,-0.945961426810376
1.604,0.0024729799100170207,0.03980861146798517,-0.9364230227502424
1.605,0.0025123257561377142,0.03888210046386647,-0.9255306945837172
1.606,0.002550751156662052,0.037967608811411625,-0.913399879057482
1.607,0.002588268690587693,0.03706626653019382,-0.9001497715413544
1.608,0.002624892005785451,0.03617908162572177,-0.8859026648717904
1.609,0.0026606356957702606,0.035306937599423854,-0.8707832818235757
1.61,0.002695515174316916,0.0344505916280209,-0.8549181055371787
1.611,0.0027295465485891847,0.0336106734110535,-0.8384347115044626
1.612,0.002762746491447725,0.032787684681444315,-0.8214611050261338
1.613,0.002795132113595252,0.03198199937026349,-0.8041250678334825
1.614,0.0028267208362067636,0.03119386441322944,-0.7865535175044391
1.615,0.0028575302646785426,0.030423401183213957,-0.7688718829011891
1.616,0.002887578064112188,0.029670607529537547,-0.7512034991376949
1.617,0.002916881837129264,0.028935360401935794,-0.7336690249223717
1.618,0.0029454590045886173,0.028217419034192705,-0.7163858851649176
1.619,0.002973326689752035,0.027516428659717488,-0.6994677415498592
1.62,0.0030005016064151343,0.026831924729132726,-0.6830239932365673
1.621,0.0030269999514892587,0.026163337597625812,-0.6671593100171662
1.622,0.003052837302487085,0.025509997648088895,-0.65197319959931
1.623,0.0030780285203298495,0.024871140814434305,-0.6375596106490677
1.624,0.003102587657857823,0.02424591446811642,-0.6240065729224925
1.625,0.003126527874388237,0.02363338362993615,-0.6113958754035673
1.6260000000000001,0.003149861356626504,0.023032537468310896,-0.5998027833394848
1.627,0.003172599246197588,0.022442296044857424,-0.5892957944537565
1.6280000000000001,0.003194751574025056,0.021861517267707384,-0.5799364347793413
1.629,0.003216327201745905,0.021289004013294525,-0.5717790937172705
1.6300000000000001,0.003237333770309931,0.020723511377192305,-0.5648708985358977
1.631,0.0032577776558735715,0.020163754015659972,-0.559251627103408
1.6320000000000001,0.003277663933059831,0.01960841353971161,-0.5549536588011619
1.633,0.00329699634561852,0.0190561459249581,-0.5520019620455047
1.6340000000000001,0.0033157772844846682,0.01850558890133969,-0.5504141176201252
1.635,0.003334007773197768,0.0179553692881569,-0.5502003764801938
1.6360000000000001,0.003351687460610784,0.01740411024151718,-0.5513637502818695
1.637,0.0033688146207856632,0.016850438382710897,-0.5539001332757301
1.6380000000000001,0.0033853861599414787,0.016292990777766678,-0.5577984537905547
1.639,0.0034013976302925933,0.015730421740419005,-0.5630408533038693
1.6400000000000001,0.003416843250587316,0.015161409432454111,-0.5696028913929071
1.641,0.0034317159331325206,0.014584662237434952,-0.5774537744986793
1.6420000000000001,0.00344600731706671,0.013998924885823577,-0.5865566064906531
1.643,0.003459707807623023,0.013402984311529578,-0.5968686590218035
1.6440000000000001,0.003472806621104679,0.012795675221848518,-0.6083416597462608
1.645,0.0034852918352784794,0.012175885365023743,-0.6209220960962755
1.6460000000000001,0.003497150444876995,0.011542560481331026,-0.6345515330154428
1.647,0.003508368421887107,0.010894708925740454,-0.6491669424386608
1.6480000000000001,0.003518930780291527,0.010231405952117972,-0.6647010426406637
1.649,0.0035288216449207545,0.009551797650619046,-0.6810826457816118
1.6500000000000001,0.00353802432406546,0.008855104531735944,-0.6982370118272041
1.651,0.0035465213854936855,0.008140624752282286,-0.7160862070211114
1.6520000000000001,0.0035542947355131182,0.0074077369798638245,-0.7345494656995175
1.653,0.003561325700716224,0.006655902894250958,-0.7535435535163841
1.6540000000000001,0.003567595112044891,0.005884669325071194,-0.7729831311684501
1.655,0.003573083390811516,0.005093670026893443,-0.7927811168929565
1.6560000000000001,0.003577770636314959,0.0042826270936938,-0.812849046900305
1.657,0.003581636714692412,0.0034513520159144486,-0.8330974324816744
1.6580000000000001,0.0035846613486518893,0.00259974638427559,-0.8534361128741844
1.659,0.0035868242077347384,0.0017278022455208136,-0.8737746028528571
1.6600000000000001,0.0035881049987629638,0.0008356021157858994,-0.8940224345913813
1.661,0.0035884835561325107,-7.668134148230109e-05,-0.9140894924779959
1.6620000000000001,0.0035879399316205754,-0.0010087859660296607,-0.9338863409058681
1.663,0.003586454483382573,-0.0019603610717023254,-0.9533245439463043
1.6640000000000001,0.003584007963822565,-0.0029309687293738442,-0.9723169766113752
1.665,0.0035805816060296004,-0.0039200853530035615,-0.990778127180982
1.666,0.003576157208481501,-0.004927103579524093,-1.0086243901914755
1.667,0.0035707172177271386,-0.005951334432847692,-1.0257743496773244
1.668,0.003564244808768117,-0.0069920097619548096,-1.0421490523474275
1.669,0.003556723962871059,-0.008048284942554136,-1.0576722702066572
1.67,0.0035481395425522246,-0.009119241831702922,-1.0722707525606436
1.671,0.0035384773634870876,-0.010203891964283385,-1.0858744668681386
1.672,0.003527724263108719,-0.011301179979935762,-1.0984168281694995
1.673,0.003515868165670339,-0.01240998726883903,-1.1098349168879258
1.674,0.0035028981435592634,-0.013529135824230189,-1.120069684473896
1.675,0.003488804474661625,-0.01465739228943538,-1.1290661468159802
1.676,0.0034735786955898255,-0.015793472186551482,-1.1367735647282033
1.677,0.0034572136505974685,-0.016936044313942515,-1.1431456116104337
1.678,0.003439703536019893,-0.0180837352987993,-1.1481405272657674
1.679,0.0034210439400919833,-0.019235134291234253,-1.1517212582209155
1.68,0.0034012318780090225,-0.020388797785416354,-1.1538555834529876
1.681,0.0033802658221108377,-0.021543254553165546,-1.1545162255367274
1.682,0.0033581457270843696,-0.022697010674874635,-1.1536809466052604
1.683,0.0033348730500951263,-0.023848554652220307,-1.151332628737579
1.684,0.0033104507657737725,-0.024996362586629947,-1.1474593382673188
1.685,0.0032848833760003,-0.026138903407127295,-1.1420543736849331
1.686,0.0032581769144448603,-0.027274644130688225,-1.1351162966255892
1.687,0.0032303389458413884,-0.028402055137850525,-1.1266489455670308
1.688,0.0032013785599875532,-0.029519615446043306,-1.1166614319689543
1.689,0.00317130636048237,-0.030625817962554824,-1.105168118279462
1.69,0.0031401344482309265,-0.03171917469897812,-1.092188577778184
1.691,0.003107876399764023,-0.03279822192860205,-1.0777475358504396
1.692,0.0030745472404391547,-0.0338615252680332,-1.0618747925325358
1.693,0.003040163412608027,-0.034907684664193486,-1.0446051261894058
1.694,0.0030047427388546354,-0.03593533926789078,-1.0259781783958795
1.695,0.002968304380426834,-0.0369431721749838,-1.0060383198213099
1.696,0.0029308687910031455,-0.03792991501640995,-0.984834497409043
1.697,0.0028924576659552265,-0.03889435237852366,-0.9624200630185572
1.698,0.0028530938872848395,-0.03983532603538623,-0.9388525837262666
1.699,0.0028128014644322958,-0.040751738975147916,-0.9141936343146356
1.7,0.002771605471171009,-0.041642559203009556,-0.8885085722783781
1.701,0.0027295319788199104,-0.042506823304036365,-0.8618662961777521
1.702,0.002686607986022004,-0.043343639749535874,-0.8343389877401178
1.703,0.002642861345353079,-0.04415219193172171,-0.8060018387793645
1.704,0.0025983206870395276,-0.04493174091214124,-0.7769327636586677
1.705,0.0025530153400781623,-0.04568162787045798,-0.7472120984477528
1.706,0.0025069752510638223,-0.04640127624118333,-0.7169222877637906
1.707,0.002460230901042394,-0.047090193527128614,-0.6861475604907017
1.708,0.0024128132207173257,-0.04774797277982324,-0.6549735958796239
1.709,0.0023647535043469906,-0.04837429373818371,-0.6234871810234106
1.71,0.0023160833226780354,-0.04896892361847975,-0.5917758615427834
1.711,0.0022668344352661726,-0.04953171754997567,-0.5599275867660133
1.712,0.0022170387025407167,-0.050062618652157914,-0.5280303509596699
1.713,0.002166727997972343,-0.05056165775125732,-0.4961718324319132
1.714,0.0021159341207050977,-0.0510289527352742,-0.4644390319758291
1.715,0.002064688709013618,-0.051464707548446294,-0.4329179124112839
1.716,0.0020130231549446856,-0.05186921082784799,-0.4016930409721802
1.717,0.0019609685204987266,-0.052242834186497354,-0.3708472362218303
1.718,0.0019085554557016185,-0.052586030149068944,-0.3404612212215614
1.719,0.0018558141189102372,-0.052899329747987604,-0.3106132846249664
1.72,0.0018027740996865414,-0.053183339789393214,-0.2813789514168798
1.721,0.0017494643445646807,-0.053438739800111365,-0.25283066493475975
1.722,0.0016959130860237143,-0.053666278668311564,-0.22503748170997473
1.723,0.0016421477749650575,-0.053866770992093846,-0.198064780690537
1.724,0.0015881950169788037,-0.05404109315172707,-0.17197398831985877
1.725,0.0015340805126666604,-0.0541901791226334,-0.14682232083247015
1.726,0.0014798290022714966,-0.05431501604751358,-0.12266254506072097
1.727,0.0014254642148445042,-0.05441663958722034,-0.09954275895746757
1.728,0.001371008822160807,-0.05449612907111449,-0.07750619295381796
1.729,0.001316484397573165,-0.05455460246856028,-0.056591033054896434
1.73,0.0012619113799712583,-0.054593211204225486,-0.03683026669260036
1.731,0.0012073090429910876,-0.0546131348404483,-0.018251551890639643
1.732,0.001152695469595357,-0.05461557565073227,-0.0008771105646309203
1.733,0.0010980875321214855,-0.05460175310879661,0.015276353721409577
1.734,0.0010435008778691948,-0.054572898318121274,0.030197713011434382
1.735,0.000988949920274659,-0.05453024840702483,0.043881447170788956
1.736,0.0009344478356930093,-0.054475040914596665,0.05632765075032266
1.737,0.0008800065657857652,-0.05440850819264752,0.06754201470507319
1.738,0.0008256368254846258,-0.05433187184877919,0.07753578301634016
1.739,0.0007713481164781087,-0.05424633725539073,0.08632568452416589
1.74,0.0007171487461429016,-0.054153088149049344,0.09393384036726449
1.741,0.000663045851817646,-0.05405328134411182,0.10038764758733953
1.742,0.0006090454302932683,-0.05394804158391288,0.10571963946821963
1.743,0.0005551523723710619,-0.0538384565520549,0.10996732341300297
1.744,0.0005013705023175926,-0.053725572065522004,0.11317299717112525
1.745,0.0004477026220242598,-0.05361038747039213,0.11538354437854563
1.746,0.0003941505596590763,-0.05349385125991836,0.1166502104172523
1.747,0.0003407152225790311,-0.05337685693361165,0.1170283597463335
1.748,0.0002873966542533427,-0.0532602391148143,0.11657721584634442
1.749,0.00023419409493106858,-0.053144769942964916,0.11535958508045434
1.75,0.00018110604577097693,-0.05303115575547834,0.11344156574651829
1.7510000000000001,0.00012813033613735459,-0.05292003407278321,0.110892243712033
1.752,7.526419375258437e-05,-0.052811970898665475,0.10778337602599064
1.7530000000000001,2.2504317385898935e-05,-0.052707458346619475,0.10418906396006801
1.754,-3.0153048252249433e-05,-0.05260691260144565,0.1001854169422168
1.7550000000000001,-8.271203574925293e-05,-0.052510672223836125,0.09585020888430722
1.756,-0.00013517707670888964,-0.052418996804193596,0.0912625283988392
1.7570000000000001,-0.00018755282230087375,-0.052332065970416466,0.0865024244189374
1.758,-0.00023984406299692304,-0.0522499787528705,0.08165054873435813
1.7590000000000001,-0.00029205564785132716,-0.0521727533082756,0.07678779693275134
1.76,-0.00034419240368497586,-0.05210032700273073,0.07199494925377015
1.7610000000000001,-0.0003962590545313038,-0.05203255685264476,0.06735231280562932
1.762,-0.00044826014170064565,-0.051969220320881006,0.0629393666057681
1.7630000000000001,-0.0005001999448161024,-0.05191001646401447,0.0588344108483708
1.764,-0.000552082404169219,-0.05185456742520404,0.05511422179568126
1.7650000000000001,-0.0006039110447376063,-0.051802420265835876,0.05185371363357348
1.766,-0.0006556889021991528,-0.051753049127802174,0.04912560857876985
1.7670000000000001,-0.0007074184512686838,-0.051705857716976576,0.04700011654231834
1.768,-0.0007591015366729028,-0.051660182097269115,0.04554462551499898
1.7690000000000001,-0.0008107393070682387,-0.05161529378345416,0.04482340386660103
1.77,-0.0008623321521938562,-0.05157040311984355,0.04489731567320884
1.7710000000000001,-0.0009138796435386411,-0.05152466293082641,0.04582355011709765
1.772,-0.0009653804787864844,-0.05147717242828649,0.04765536596634433
1.7730000000000001,-0.0010168324302887223,-0.05142698135994124,0.05044185209700546
1.774,-0.0010682322977961993,-0.05137309438176746,0.054227704928624644
1.7750000000000001,-0.0011195758656661636,-0.0513144756368419,0.059053023606576126
1.776,-0.0011708578647411595,-0.05125005352215745,0.06495312369214691
1.7770000000000001,-0.0012220719390782712,-0.051178725624241916,0.07195837009147452
1.778,-0.0012732106176875934,-0.05109936380377999,0.08009402983922219
1.7790000000000001,-0.0013242652914187067,-0.05101081940884092,0.08938014533355838
1.78,-0.001375226195113291,-0.05091192859581372,0.09983142851338207
1.7810000000000001,-0.0014260823951208583,-0.05080151773663883,0.11145717649305659
1.782,-0.0014768217822530311,-0.05067840889062657,0.12426120893174343
1.7830000000000001,-0.0015274310702298823,-0.05054142531875129,0.13824182755100559
1.784,-0.0015778957996496273,-0.050389397018080435,0.15339179801237318
1.7850000000000001,-0.0016282003474905704,-0.050221166253869486,0.1696983542745465
1.786,-0.0016783279421316026,-0.050035593066621115,0.18714322567434705
1.7870000000000001,-0.0017282606838549294,-0.04983156073151476,0.20570268658863844
1.788,-0.0017779795707720538,-0.04960798114753144,0.22534762878059247
1.7890000000000001,-0.0018274645300914733,-0.04936380013377737,0.24604365622397523
1.79,-0.0018766944546241228,-0.049098002610664625,0.26775120225559385
1.7910000000000001,-0.001925647244400407,-0.0488096176438896,0.29042566876046333
1.792,-0.001974299853250765,-0.04849772332947374,0.314017587063104
1.793,-0.0020226283401802154,-0.04816145149859562,0.3384728000466423
1.794,-0.002070607925346301,-0.0477999922214226,0.36373266502067253
1.795,-0.002118213050429336,-0.047412598089705424,0.38973427677507405
1.796,-0.002165417443164053,-0.046998588258716285,0.4164107099773436
1.797,-0.002212194185782552,-0.04655735222962286,0.4436912804345762
1.798,-0.0022585157871001624,-0.04608835335452189,0.4715018240240214
1.799,-0.0023043542579583415,-0.04559113204701569,0.4997649926857532
1.8,-0.0023496811897222663,-0.04506530868244801,0.528400566182371
1.801,-0.002394467835515348,-0.04451058617284449,0.5573257787330966
1.802,-0.0024386851938585667,-0.043926752202839835,0.5864556592512864
1.803,-0.00248230409436946,-0.04331368111416516,0.6157033838923753
1.804,-0.0025252952851638126,-0.042671335427556065,0.6449806396250397
1.805,-0.0025676295215926385,-0.041999766992300736,0.6741979974605262
1.806,-0.0026092776559380735,-0.041299117755233,0.7032652937321909
1.807,-0.0026502107276843334,-0.04056962014246641,0.7320920179458206
1.808,-0.0026904000539739385,-0.039811597048644176,0.7605877057220961
1.809,-0.002729817319855189,-0.039025461430472384,0.7886623347876991
1.81,-0.002768434667924255,-0.038211715502582407,0.8162267228121746
1.811,-0.002806224786964383,-0.03737094953586206,0.8431929249090772
1.812,-0.002843160999185637,-0.0365038402600341,0.8694746292155365
1.813,-0.002879217345671348,-0.03561114887413716,0.8949875486456519
1.814,-0.002914368669641956,-0.03469371867033581,0.9196498070585046
1.815,-0.0029485906971533607,-0.03375247227844581,0.9433823178623596
1.816,-0.0029818601148551356,-0.032788408540297735,0.9661091533411651
1.817,-0.00301415464444409,-0.03180259902505238,0.9877579026864342
1.818,-0.0030454531134605917,-0.03079618419824877,1.0082600171009124
1.819,-0.003075735522088855,-0.029770369259335662,1.0275511399714594
1.82,-0.0031049831056379493,-0.0287264196640998,1.045571420481796
1.821,-0.0031331783923975974,-0.02766565635015439,1.0622658089033508
1.822,-0.0031603052565818005,-0.0265894506853217,1.0775843319026235
1.823,-0.0031863489660939955,-0.02549921916036019,1.0914823462530454
1.824,-0.003211296224869578,-0.02439641784890271,1.1039207695546258
1.825,-0.0032351352095752704,-0.023282536658999917,1.1148662864207401
1.826,-0.0032578556004698575,-0.02215909340199006,1.124291528826361
1.827,-0.003279448606257035,-0.021027627705436893,1.1321752296250513
1.828,-0.003299906982788559,-0.01988969479824863,1.1385023478263845
1.829,-0.003319225045504295,-0.018746859196770948,1.1432641650256112
1.83,-0.003337398675525145,-0.017600688321741952,1.1464583518425173
1.831,-0.0033544253193448443,-0.016452746076358247,1.1480890040855793
1.832,-0.0033703039820973126,-0.015304586416510526,1.1481666477802401
1.833,-0.0033850352144073337,-0.014157746944398959,1.1467082129795008
1.834,-0.003398621092863775,-0.01301374255714783,1.1437369759153553
1.835,-0.003411065194186012,-0.011874059181777892,1.1392824698214887
1.836,-0.0034223725631856647,-0.01074014762802607,1.133380364250425
1.837,-0.0034325496746570043,-0.00961341759007416,1.126072313372936
1.838,-0.0034416043893602,-0.008495231827752091,1.1174057737565986
1.839,-0.003449545904291798,-0.007386900557113673,1.1074337923080486
1.84,-0.00345638469746635,-0.00628967607954367,1.0962147651233825
1.841,-0.003462132467461637,-0.005204747677335182,1.0838121685136086
1.842,-0.003466802068007491,-0.0041332368028733,1.0702942629622603
1.843,-0.0034704074379244094,-0.0030761925867692588,1.0557337719092728
1.844,-0.0034729635267429873,-0.002034587689188633,1.0402075363832874
1.845,-0.003474486216358481,-0.0010093145167898226,1.0237961473893566
1.846,-0.003474992239096406,-1.18182599001212e-06,1.0065835577305147
1.847,-0.0034744990925847322,0.000989088268753639,0.988656675327368
1.848,-0.0034730249518460724,0.0019608628647625357,0.9701049398125644
1.849,-0.003470588579038898,0.002913600404535314,0.9510198848237887
1.85,-0.003467209231290365,0.003846852360245685,0.9314946879958572
1.851,-0.003462906567074498,0.004760264459396197,0.9116237112427297
1.852,-0.0034577005515984173,0.005653577443773832,0.8915020333689991
1.853,-0.003451611361665734,0.00652662735659247,0.8712249778191528
1.854,-0.0034446592904902257,0.00737934535502305,0.8508876378317102
1.855,-0.003436864652934411,0.008211757047869073,0.8305844015837024
1.856,-0.003428247691646624,0.009023981360662387,0.8104084798360229
1.857,-0.0034188284845666343,0.009816228933023103,0.7904514386543664
1.858,-0.003408626854263781,0.010588800055593064,0.770802739660514
1.859,-0.0033976622795630095,0.01134208215638729,0.7515492903568999
1.86,-0.003385953809903239,0.012076546848677415,0.7327750067670378
1.861,-0.0033735199828590495,0.012792746555118232,0.7145603910239368
1.862,-0.0033603787452408953,0.013491310725035694,0.6969821260717662
1.863,-0.0033465473781711112,0.014172941663824334,0.6801126894969033
1.864,-0.003332042426512842,0.014838409995768555,0.664019988889561
1.865,-0.0033168796330068223,0.015488549783424944,0.6487670205014598
1.866,-0.003301073877446841,0.016124253328601873,0.6344115531118659
1.867,-0.0032846391211988537,0.01674646568166413,0.6210058387716361
1.868,-0.003267588357341185,0.017356178887481977,0.6085963520092327
1.869,-0.003249933566674224,0.01795442599781382,0.5972235589571564
1.87,-0.003231685679817685,0.018542274880999805,0.5869217174503715
1.871,-0.0032128545455820043,0.019120821861089498,0.5777187093617112
1.872,-0.0031934489057679643,0.019691185219301528,0.5696359059005217
1.873,-0.0031734763765153104,0.020254498591533856,0.5626880667047042
1.874,-0.003152943436287232,0.020811904296048313,0.556883273089047
1.875,-0.003131855420543224,0.021364546625913274,0.5522228959197221
1.8760000000000001,-0.0031102165231182417,0.021913565140852454,0.5487015981389052
1.877,-0.003088029804291434,0.022460087993122522,0.5463073719094119
1.8780000000000001,-0.0030652972054931982,0.023005225321900795,0.5450216102268434
1.879,-0.0030420195705650873,0.023550062750123196,0.5448192124197626
1.8800000000000001,-0.0030181966734534483,0.024095655017200398,0.5456687230323339
1.881,-0.0029938272521846145,0.02464301978024669,0.5475325032674513
1.8820000000000001,-0.0029689090489373507,0.025193131615511496,0.5503669340337779
1.883,-0.0029434388559970983,0.025746916250602724,0.5541226494815233
1.8840000000000001,-0.0029174125673466405,0.026305245056792152,0.5587447997099888
1.885,-0.002890825235619222,0.026868929829306065,0.564173341252762
1.8860000000000001,-0.00286367113411305,0.027438717881914522,0.5703433537315479
1.887,-0.0028359438235406203,0.028015287480488357,0.5771853810307637
1.8880000000000001,-0.0028076362231625957,0.028599243638296946,0.5846257950723316
1.889,-0.0027787406859341047,0.029191114294006847,0.5925871803883415
1.8900000000000001,-0.002749249077271468,0.02979134689114774,0.6009887372592777
1.891,-0.002719152857029531,0.03040030537593777,0.6097467015787831
1.8920000000000001,-0.0026884431642641387,0.031018267627886946,0.618774778908886
1.893,-0.0026571109043408295,0.03164542333565701,0.6279845908442407
1.8940000000000001,-0.0026251468379396817,0.032281872328025714,0.6372861309810185
1.895,-0.002592541671497415,0.03292762336773335,0.6465882284827918
1.8960000000000001,-0.002559286148621348,0.03358259341346462,0.6557990166679318
1.897,-0.0025253711420057247,0.0342466073528935,0.6648264043173254
1.8980000000000001,-0.0024907877453792028,0.034919398207285415,0.6735785472564336
1.899,-0.002455527365012947,0.03560060780586498,0.6819643179411936
1.9000000000000001,-0.0024195818103218115,0.03628978792567199,0.6898937705409859
1.901,-0.0023829433830964324,0.036986401890487505,0.6972785994140928
1.9020000000000001,-0.0023456049649117398,0.037689826619888206,0.704032588410361
1.903,-0.00230756010226729,0.03839935511754792,0.7100720491239343
1.9040000000000001,-0.0022688030890269033,0.03911419938553546,0.7153162456773502
1.905,-0.0022293290457393016,0.03983349374940737,0.7196878041329072
1.9060000000000001,-0.0021891339954376887,0.040556298576793486,0.7231131044111663
1.907,-0.0021482149355344,0.04128160437041178,0.7255226529904214
1.9080000000000001,-0.002106569905446775,0.04200833621450952,0.7268514344270361
1.909,-0.0020641980496121743,0.04273535855217394,0.7270392401824038
1.9100000000000001,-0.0020210996755734615,0.043461480269290864,0.726030973077481
1.911,-0.001977276306841165,0.04418546005953823,0.7237769260114232
1.9120000000000001,-0.0019327307302648212,0.04490601204346529,0.7202330336110209
1.913,-0.0018874670376735235,0.04562181161354521,0.7153610956647551
1.9140000000000001,-0.001841490661574322,0.04633150147604943,0.7091289713125203
1.915,-0.0017948084047267217,0.04703369785968982,0.7015107431013806
1.9160000000000001,-0.0017474284634419377,0.04772699686024025,0.6924868501882435
1.917,-0.0016993604444866584,0.048409980889728234,0.6820441900780719
1.9180000000000001,-0.0016506153755026767,0.049081225198376426,0.670176188506774
1.919,-0.001601205708885725,0.04973930443714914,0.6568828371506644
1.92,-0.0015511453190990199,0.05038279922868445,0.6421706991118195
1.921,-0.001500449493429314,0.05101030271426357,0.6260528820429213
1.922,-0.0014491349162253672,0.05162042704487067,0.6085489793662009
1.923,-0.0013972196466906877,0.05221180978446571,0.5896849796176681
1.924,-0.0013447230903338916,0.052783120194272455,0.5694931446606012
1.925,-0.0012916659642110031,0.05333306536737267,0.5480118572316053
1.926,-0.0012380702561242732,0.05386039618375374,0.5252854387145275
1.927,-0.0011839591779715419,0.05436391305677747,0.5013639379554092
1.928,-0.0011293571134686105,0.0548424714431933,0.4763028923075127
1.929,-0.0010742895604944395,0.055294987089880177,0.45016306195517314
1.93,-0.0010187830683350773,0.055720440991913506,0.4230101389641296
1.931,-0.0009628651701269581,0.05611788403791449,0.39491443241122504
1.932,-0.0009065643108234484,0.056486441320214846,0.3659505311904899
1.933,-0.000849909771030168,0.056825316089001154,0.33619694613094764
1.934,-0.0007929315870745534,0.05713379333138939,0.3057357332268659
1.935,-0.0007356604676932657,0.05741124295819468,0.27465209979656074
1.936,-0.0006781277077373058,0.05765712258310924,0.24303399553062507
1.937,-0.0006203650993089753,0.05787097988100947,0.21097169044227584
1.938,-0.0005624048407570737,0.05805245451417293,0.17855734178423804
1.939,-0.0005042794439668435,0.058201279617357986,0.14588455211481055
1.94,-0.0004460216403891725,0.05831728283481793,0.11304792062594451
1.941,-0.0003876642862593465,0.0584003869045891,0.08014259001630272
1.942,-0.0003292402674591892,0.05845060978762465,0.04726379113635199
1.943,-0.00027078240447774514,0.05846806434157826,0.014506387638839805
1.944,-0.00021232335792469245,0.0584529575413492,-0.018035577051162183
1.945,-0.0001538955350474608,0.05840558925072068,-0.05026932823507199
1.946,-9.553099769755607e-05,0.058326350551694474,-0.0821038016319237
1.947,-3.726137218390137e-05,0.058215721640315216,-0.11345007607954585
1.948,2.088223855888791e-05,0.058074269299970845,-0.1442217950518798
1.949,7.886934007141349e-05,0.057902643965265774,-0.17433557489054424
1.95,0.00013667012833783675,0.05770157639163228,-0.20371139768499122
1.951,0.00019425556823605855,0.057471873947833506,-0.2322729868210158
1.952,0.00025159746810224154,0.05721441655041558,-0.25994816330113524
1.953,0.0003086685500621447,0.056930152260985925,-0.2866691810247888
1.954,0.0003654425158034649,0.056620092568901936,-0.312373039331598
1.955,0.0004218941074867532,0.05628530738354526,-0.3370017712272927
1.956,0.000477999163517398,0.05592691976185594,-0.3605027058009474
1.957,0.0005337346689274839,0.0555461003981124,-0.3828287035400654
1.958,0.0005890788001439472,0.0551440619041923,-0.4039383632983431
1.959,0.0006440109639481864,0.05472205290958073,-0.4237961999062875
1.96,0.0006985118304620143,0.05428135201131905,-0.44237279150562425
1.961,0.000752563360025408,0.05382326160485919,-0.45964489585093454
1.962,0.0008061488238627493,0.053349101627350105,-0.4755955350357114
1.963,0.0008592528184659987,0.05286020324533352,-0.4902140482015095
1.964,0.0009118612736553469,0.052357902519102245,-0.5034961119704804
1.965,0.0009639614543101552,0.05184353407600997,-0.5154437285878365
1.966,0.0010155419557952774,0.05131842482502118,-0.5260651817757043
1.967,0.0010665926931399626,0.05078388774444999,-0.5353749606718435
1.968,0.0011171048840583034,0.05024121577447091,-0.5433936522182549
1.969,0.001167071025931457,0.049691675845373956,-0.5501478026344095
1.97,0.0012164848669024475,0.04913650307175886,-0.5556697487670297
1.971,0.001265341371264091,0.04857689514195957,-0.5599974202310539
1.972,0.001313636679349322,0.048014006930893034,-0.5631741134568622
1.973,0.0013613680621607901,0.04744894536332867,-0.5652482388497178
1.974,0.001408533871002836,0.04688276455309752,-0.5662730425655742
1.975,0.0014551334824038065,0.04631646124239538,-0.5663063042541109
1.976,0.0015011672386398844,0.04575097056351475,-0.5654100126348975
1.977,0.001546636384193149,0.045187162143722134,-0.5636500205005208
1.978,0.0015915429984962929,0.044625836572024374,-0.5610956811568328
1.979,0.001635889925334198,0.04406772224462341,-0.5578194682383
1.98,0.0016796806992883135,0.0435134726037578,-0.5538965810155653
1.981,0.001722919469623458,0.04296366378259038,-0.549404537226391
1.982,0.0017656109220281306,0.042418792666429624,-0.5444227558355872
1.983,0.0018077601986286693,0.0418792753784827,-0.5390321317821106
1.984,0.0018493728167045616,0.04134544619590775,-0.5333146051808302
1.985,0.001890454586536874,0.040817556899697675,-0.5273527271909936
1.986,0.0019310115288241067,0.04029577655956461,-0.5212292249295386
1.987,0.001971049792099787,0.0397801917526517,-0.5150265677684114
1.988,0.0020105755705837913,0.039270807212614264,-0.5088265372948054
1.989,0.0020495950228947893,0.03876754690331661,-0.5027098032320076
1.99,0.0020881141920443096,0.038270255509115635,-0.49675550759351267
1.991,0.002126138927123835,0.03777870033157754,-0.49104085918096524
1.992,0.002163674807085116,0.037292573580312086,-0.4856407405924937
1.993,0.0022007270670005427,0.036811495043566865,-0.4806273297713132
1.994,0.002237300527175103,0.036335015122295214,-0.4760697380134466
1.995,0.002273399525464255,0.03586261820955398,-0.47203366628574017
1.996,0.00230902785313303,0.035393726395369945,-0.4685810815585888
1.997,0.002344188694571001,0.0349277034755638,-0.4657699147976632
1.998,0.002378884571155543,0.034463859241572,-0.4636537820439716
1.999,0.002413117289532168,0.03400145402698402,-0.4622817298945288
2.0,0.0024468878945558092,0.033539703485209876,-0.46169800668531413
2.001,0.002480196627110901,0.03307778357179331,-0.46194186023614203
2.0020000000000002,0.0025130428870010955,0.032614835703861936,-0.46304736319793033
2.003,0.002545425201071651,0.03214997206855693,-0.46504326661229817
2.004,0.0025773411966990645,0.0316822810516799,-0.4679528822878222
2.005,0.0026087875807535243,0.0312108327573327,-0.4717939944409903
2.0060000000000002,0.002639760124110535,0.030734684589247028,-0.47657880064394015
2.007,0.0026702536517585773,0.030252886864196547,-0.48231388240937084
2.008,0.0027002620385202488,0.029764488428184833,-0.48900020504930913
2.009,0.0027297782103750732,0.029268542246214536,-0.4966331467207268
2.0100000000000002,0.0027587941513431734,0.028764110936841863,-0.5052025562283605
2.011,0.002787300915860571,0.028250272223392853,-0.5146928388884132
2.012,0.0028152886465490482,0.027726124274346665,-0.5250830698310243
2.013,0.002842746597256431,0.027190790906188027,-0.5363471339273043
2.0140000000000002,0.0028696631612170204,0.026643426623144492,-0.548453891197887
2.015,0.002896025904156826,0.02608322146925943,-0.5613673666782996
2.016,0.002921821602144331,0.02550940566946623,-0.575046963507862
2.017,0.002947036283964887,0.024921254037733532,-0.5894476978208726
2.0180000000000002,0.002971655277775669,0.024318090131878144,-0.6045204539027569
2.019,0.0029956632617783477,0.023699290135883806,-0.6202122583989979
2.02,0.0030190443186285066,0.023064286452608582,-0.6364665714497971
2.021,0.0030417819932843865,0.022412570991131694,-0.6532235934575896
2.0220000000000002,0.003063859353982787,0.021743698134949595,-0.6704205854625427
2.023,0.0030852590560170013,0.021057287378919726,-0.6879922014705944
2.024,0.003105963407980535,0.02035302562478447,-0.7058708307724224
2.025,0.0031259544401311323,0.019630669126994786,-0.7239869483738094
2.0260000000000002,0.003145213974522268,0.01889004508237728,-0.7422694717185311
2.027,0.0031637236965437986,0.01813105285918175,-0.7606461216932533
2.028,0.0031814652275099606,0.01735366486293348,-0.7790437860394263
2.029,0.003198420197931214,0.016557927038332403,-0.7973888833599204
2.0300000000000002,0.0032145703211067206,0.015743959008487005,-0.8156077256516542
2.031,0.003229897466676297,0.01491195385436043,-0.8336268778218943
2.032,0.0032443837337746218,0.014062177539372014,-0.8513735120708191
2.033,0.0032580115234361142,0.013194967985544414,-0.868775755759589
2.0340000000000003,0.0032707636099063068,0.012310733809586022,-0.885763030703328
2.035,0.003282623210524583,0.011409952728639242,-0.9022663826192104
2.036,0.0032935740538537262,0.01049316964712014,-0.9182187989927173
2.037,0.003303600445743819,0.009560994437421014,-0.9335555140547057
2.0380000000000003,0.0033126873330315797,0.008614099428774892,-0.9482142993199969
2.039,0.003320820364591033,0.007653216619671034,-0.9621357386429218
2.04,0.003327985949467443,0.006679134630457146,-0.9752634865231034
2.041,0.0033341713118436446,0.0056926954139246404,-0.9875445085114575
2.0420000000000003,0.0033393645426060665,0.004694790742423865,-0.998929303005213
2.043,0.0033435546472968427,0.0036863584911550444,-1.0093721032948926
2.044,0.003346731590258315,0.0026683787378354606,-1.018831059365982
2.045,0.0033488863347967803,0.0016418696996394065,-1.0272683987396876
2.0460000000000003,0.003350010879213496,0.0006078835288319021,-1.0346505658471785
2.047,0.0033500982885725523,-0.0004324980110855367,-1.0409483395507613
2.048,0.003349142722097155,-0.001478167966692973,-1.0461369286240303
2.049,0.003347139456108046,-0.002527998691065219,-1.0501960448308607
2.05,0.003344084902440047,-0.0035808463931199415,-1.0531099538680715
2.051,0.0033399766222950125,-0.004635555717452049,-1.05486750382855
2.052,0.0033348133355116712,-0.005690964332715509,-1.0554621317790014
2.053,0.0033285949252547116,-0.006745907506699454,-1.0548918484877299
2.054,0.0033213224381472605,-0.007799222646431302,-1.0531592015032456
2.055,0.0033129980798919986,-0.008849753782638296,-1.0502712176612106
2.056,0.003303625206446955,-0.00989635597780498,-1.0462393248100827
2.057,0.003293208310842133,-0.01093789963820857,-1.0410792540337173
2.058,0.0032817530057425376,-0.011973274710795899,-1.0348109227739495
2.059,0.003269266001881837,-0.013001394746672026,-1.0274582998093096
2.06,0.0032557550825087337,-0.014021200813760024,-1.0190492528628137
2.061,0.0032412290740049996,-0.015031665242270712,-1.0096153799483887
2.062,0.0032256978128500525,-0.016031795187537643,-0.9991918253533805
2.063,0.0032091721091218506,-0.017020635995828984,-0.9878170813291605
2.064,0.00319166370673766,-0.0179972743599671,-0.9755327767236134
2.065,0.0031731852406509022,-0.018960841252631665,-0.9623834535818068
2.066,0.0031537501912317248,-0.019910514626567514,-0.9484163330917429
2.067,0.003133372836069275,-0.020845521871851114,-0.9336810717641173
2.068,0.0031120681994425818,-0.021765142022122746,-0.9182295096844648
2.069,0.0030898519997147197,-0.022668707702440047,-0.9021154114787909
2.07,0.003066740594911405,-0.023555606813065202,-0.8853942017495204
2.071,0.003042750926750337,-0.024425283944587463,-0.8681226960052804
2.072,0.003017900463391453,-0.025277241521248273,-0.8503588285937714
2.073,0.002992207141180847,-0.026111040670452675,-0.8321613787153453
2.074,0.0029656893056624026,-0.026926301817881873,-0.8135896959833162
2.075,0.0029383656521311716,-0.027722705008815497,-0.7947034266979401
2.076,0.0029102551660013113,-0.028499989957519668,-0.7755622420894022
2.077,0.0028813770632589017,-0.029257955827807613,-0.7562255697801095
2.078,0.0028517507312662786,-0.02999646074905236,-0.7367523296313608
2.079,0.0028213956701796544,-0.03071542107310018,-0.7172006751439509
2.08,0.0027903314352358227,-0.031414810378594726,-0.6976277414632881
2.081,0.002758577580156658,-0.032094658230364045,-0.6780894011402523
2.082,0.0027261536019119637,-0.03275504870254719,-0.6586400286599148
2.083,0.002693078887072144,-0.033396118674962234,-0.6393322745446702
2.084,0.0026593726599720762,-0.03401805591336226,-0.6202168502098958
2.085,0.0026250539328966246,-0.03462109694488349,-0.601342324178397
2.086,0.002590141458486458,-0.0352055247408753,-0.5827549305667644
2.087,0.0025546536845503123,-0.035771666220017845,-0.5644983905401456
2.088,0.0025186087114565884,-0.03631988958531127,-0.5466137474118856
2.089,0.0024820242522633315,-0.036850601509039856,-0.529139215891775
2.09,0.002444917595731236,-0.03736424418043108,-0.5121100461109436
2.091,0.0024073055723493816,-0.03786129223117178,-0.4955584028469476
2.092,0.002369204523488114,-0.03834224955420234,-0.4795132601915745
2.093,0.0023306302737778123,-0.03880764603172077,-0.4640003121991109
2.094,0.002291598106796369,-0.03925803418831296,-0.4490418994442457
2.095,0.0022521227441320547,-0.03969398578558521,-0.4346569520024907
2.096,0.0022122183278722465,-0.040116088374351364,-0.42086094844607475
2.097,0.0021718984065521546,-0.04052494182095914,-0.40766589148091126
2.098,0.002131175924581456,-0.04092115482371849,-0.39508029947919515
2.099,0.002090063215150587,-0.04130534143568502,-0.38310921430044065
2.1,0.002048571996602428,-0.04167811760967496,-0.3717542249482425
2.101,0.0020067133722393767,-0.04204009778106531,-0.36101350675275323
2.102,0.001964497833520398,-0.042391891503675026,-0.35088187582633673
2.103,0.001921935266587524,-0.04273410015364164,-0.34135085839806584
2.104,0.0018790349620466781,-0.04306731371560915,-0.33240877440845334
2.105,0.001835805627913577,-0.043392107665141164,-0.3240408349837878
2.106,0.0017922554056218848,-0.043709039960612955,-0.31622925310247274
2.107,0.0017483918889778334,-0.04401864815725011,-0.3089533668768437
2.108,0.001704222145933257,-0.04432144665520257,-0.30218977465225344
2.109,0.0016597527430373912,-0.04461792409292832,-0.29591248132642295
2.11,0.0016149897724169681,-0.04490854089628822,-0.2900930549895812
2.111,0.0015699388811241462,-0.045193726992928694,-0.28470079306748364
2.112,0.0015246053026826026,-0.04547387970078393,-0.27970289722984887
2.113,0.0014789938906538153,-0.045749361798500934,-0.27506465600693564
2.114,0.0014331091540381407,-0.04602049978479784,-0.2707496343475615
2.115,0.0013869552943188016,-0.046287582332754235,-0.266719869082549
2.116,0.0013405362439513405,-0.04655085894413841,-0.2629360694140002
2.117,0.0012938557060964992,-0.04681053880786464,-0.2593578214054664
2.118,0.0012469171953908356,-0.047066789865785365,-0.2559437955980592
2.119,0.0011997240795467397,-0.047319738087914405,-0.2526519566211163
2.12,0.0011522796215718224,-0.04756946695835551,-0.2494397740057213
2.121,0.0011045870223969178,-0.04781601717213517,-0.24626443309796206
2.122,0.0010566494637021886,-0.048059386542235,-0.24308304518793042
2.123,0.0010084701507320128,-0.04829953011515385,-0.2398528558812493
2.124,0.0009600523548914588,-0.04853636049241169,-0.23653145080057342
2.125,0.0009113994559201777,-0.04876974835452601,-0.23307695773875564
2.126,0.0008625149834434847,-0.04899952318306639,-0.22944824433395403
2.1270000000000002,0.0008134026577051674,-0.04922547417561304,-0.2256051105017516
2.128,0.0007640664292921766,-0.04944735134758596,-0.22150847475578272
2.129,0.0007145105176677555,-0.04966486681415381,-0.21712055367014618
2.13,0.0006647394483367176,-0.049877696244713166,-0.21240503376817427
2.1310000000000002,0.0006147580884744401,-0.05008548048171935,-0.2073272351286202
2.132,0.0005645716808596721,-0.05028782731502943,-0.20185426609726245
2.133,0.0005141858759604026,-0.050484313402295096,-0.19595516848011563
2.134,0.00046360676203174644,-0.050674486325435475,-0.18960105272216587
2.1350000000000002,0.0004128408930950372,-0.050857866772698726,-0.18276522254753488
2.136,0.0003618953146780093,-0.05103395083540712,-0.17542328865836632
2.137,0.00031077758720705434,-0.051202212408083446,-0.16755327109567958
2.138,0.0002594958069539937,-0.05136210568034056,-0.15913568995440022
2.1390000000000002,0.00020805862445156173,-0.051513067708642814,-0.15015364418281402
2.14,0.00015647526030378544,-0.0516545210558422,-0.14059287826696126
2.141,0.00010475551832962057,-0.05178587648623348,-0.13044183664533404
2.142,5.2909795990505454e-05,-0.05190653570377613,-0.11969170576326923
2.1430000000000002,9.49092064862277e-07,-0.052015894121092844,-0.10833644373408832
2.144,-5.1114988455042737e-05,-0.05211334364686705,-0.09637279762432771
2.145,-0.00010327023225612833,-0.05219827547933097,-0.08380030843707179
2.146,-0.0001555038183874215,-0.0522700828936615,-0.07062130392438692
2.1470000000000002,-0.00020780232172078257,-0.052328164011267865,-0.05684087939909174
2.148,-0.00026015171916544575,-0.05237192453919331,-0.04246686679068455
2.149,-0.000312537398600736,-0.05240078046810093,-0.027509792193910466
2.15,-0.00036494417047997255,-0.05241416071766521,-0.011982822271243185
2.1510000000000002,-0.0004173562820475479,-0.052411509718506014,0.004098300179795239
2.152,-0.0004697574341005413,-0.0523922899202569,0.020715331025199516
2.153,-0.0005221308002160079,-0.0523559842157464,0.03784760958047321
2.154,-0.0005744590483553237,-0.05230209827178057,0.055472152861085956
2.1550000000000002,-0.0006267243647477054,-0.052230162757517136,0.07356375879773672
2.156,-0.0006789084799462727,-0.0521397354619368,0.09209511789949736
2.157,-0.0007309926969418274,-0.05203040329251041,0.11103693276421356
2.158,-0.0007829579212118984,-0.05190178414772188,0.13035804487884564
2.1590000000000003,-0.0008347846925755833,-0.05175352865673573,0.15002556807369305
2.16,-0.0008864532187183064,-0.05158532178010592,0.17000502802546996
2.161,-0.00093794341024483,-0.051396884266063654,0.19026050716480694
2.162,-0.0009892349171137368,-0.051187973957593544,0.21075479431349153
2.1630000000000003,-0.00104030716630211,-0.05095838694612435,0.23144953844063654
2.164,-0.0010911394005453327,-0.0507079585683837,0.2523054058032858
2.165,-0.0011417107179937807,-0.050436564243578674,0.27328223987112554
2.166,-0.0011920001126256858,-0.050144120148744205,0.29433922334732815
2.1670000000000003,-0.0012419865152536562,-0.04983058373083463,0.3154350415476005
2.168,-0.0012916488349611795,-0.049495954054668785,0.3365280466225911
2.169,-0.001340966000804919,-0.0491402719865816,0.35757642185841226
2.17,-0.0013899170036188152,-0.04876362021432703,0.3785383453706759
2.1710000000000003,-0.0014384809377567633,-0.04836612310423412,0.39937215275774735
2.172,-0.0014866370426120635,-0.047947946397426354,0.4200364978676545
2.173,-0.001534364743753875,-0.04750929674739929,0.44049051122964145
2.174,-0.0015816436935235257,-0.04705042110188624,0.46069395549712316
2.1750000000000003,-0.0016284538109367524,-0.04657160593253117,0.48060737731904063
2.176,-0.00167477532074168,-0.046073176316334036,0.5001922552070562
2.177,-0.0017205887914866448,-0.045555494873473004,0.5194111427388943
2.178,-0.001765875172456802,-0.045018960566591576,0.5382278066317867
2.179,-0.001810615829343752,-0.04446400736704759,0.5566073592825522
2.18,-0.0018547925785181636,-0.04389110279411429,0.5745163852723788
2.181,-0.001898387719781598,-0.043300746333602154,0.5919230613600222
2.182,-0.0019413840674803796,-0.04269346774270662,0.6087972696408092
2.183,-0.0019837649798713376,-0.04206982524825644,0.625110703497252
2.184,-0.0020255143866366246,-0.04143040364593698,0.640836965939241
2.185,-0.002066616814452536,-0.040775812308356627,0.6559516600503527
2.186,-0.0021070574105252486,-0.040106683110079394,0.6704324712886818
2.187,-0.0021468219640146586,-0.03942366827804511,0.6842592413387929
2.188,-0.0021858969252760508,-0.03872743817601628,0.6974140333058704
2.189,-0.0022242694228580533,-0.038018679031913555,0.709881188027683
2.19,-0.002261927278204257,-0.037298090616998854,0.72164737142001
2.191,-0.0022988590180149527,-0.036566383886099424,0.7327016126061819
2.192,-0.0023350538842346353,-0.03582427858808618,0.7430353328337213
2.193,-0.002370501841640205,-0.03507250085595171,0.7526423650323455
2.194,-0.002405193583014183,-0.03431178078590548,0.7615189639487113
2.195,-0.0024391205318965888,-0.03354285001478043,0.7696638069996276
2.196,-0.0024722748429185566,-0.032766439305231175,0.7770779856255916
2.197,-0.0025046493997300805,-0.0319832761479778,0.7837649874143572
2.198,-0.0025362378105435977,-0.031194082390391897,0.789730668921553
2.199,-0.0025670344013242912,-0.03039957190053791,0.7949832193967594
2.2,-0.0025970342066670826,-0.02960044827569378,0.79953311549277
2.201,-0.0026262329584091936,-0.028797402604179307,0.8033930671649732
2.202,-0.0026546270720359047,-0.027991111289142456,0.8065779549362697
2.203,-0.002682213630945646,-0.027182233942687907,0.809104758802512
2.204,-0.0027089903686488338,-0.02637141135850566,0.8109924790000238
2.205,-0.002734955648982882,-0.02555926357088287,0.8122620489151499
2.206,-0.0027601084444335046,-0.024746388007606132,0.8129362405212899
2.207,-0.002784448312659835,-0.023933357744036866,0.8130395625520331
2.208,-0.002807975371327867,-0.023120719865078788,0.8125981520092247
2.209,-0.002830690271363372,-0.022308993941574044,0.8116396591471604
2.21,-0.0028525941687416755,-0.02149867062709818,0.8101931265413388
2.211,-0.002873688694937457,-0.020690210380713357,0.8082888626330789
2.212,-0.0028939759261630933,-0.01988404232083573,0.8059583101545613
2.213,-0.0029134583515288844,-0.019080563214740665,0.8032339100891837
2.214,-0.002932138840262856,-0.01828013660783281,0.8001489615382749
2.215,-0.0029500206081316807,-0.01748309209629926,0.7967374780166031
2.216,-0.0029671071832075243,-0.0166897247460488,0.7930340409109511
2.217,-0.0029834023711283364,-0.015900294660436097,0.7890736504733132
2.218,-0.0029989102200012815,-0.015115026698660414,0.7848915749814142
2.219,-0.0030136349851005574,-0.014334110346032483,0.7805231987687963
2.22,-0.003027581093511815,-0.013557699736853215,0.7760038695495337
2.221,-0.003040753108875741,-0.012785913829866538,0.7713687458540868
2.222,-0.00305315569638311,-0.01201883673579489,0.7666526449942622
2.223,-0.0030647935881727385,-0.011256518195722636,0.7618898923327145
2.224,-0.0030756715492822662,-0.010498974208537761,0.7571141723900333
2.225,-0.0030857943442995704,-0.009746187804977033,0.7523583824677189
2.226,-0.003095166704859849,-0.008998109965203834,0.7476544893968174
2.227,-0.0031037932981300884,-0.008254660676322918,0.7430333899287933
2.228,-0.003111678696418628,-0.007515730125464415,0.7385247755658378
2.229,-0.003118827348042987,-0.006781180023651535,0.7341570022109389
2.23,-0.003125243549583962,-0.0060508450549812695,0.7299569653530562
2.231,-0.0031309314196483096,-0.005324534445145967,0.7259499812676137
2.232,-0.00313589487425603,-0.004602033642717645,0.7221596748508093
2.233,-0.0031401376039615074,-0.0038831061062031447,0.7186078744812385
2.234,-0.003143663052810452,-0.0031674951892888444,0.7153145145175702
2.235,-0.003146474399226839,-0.00245492611630044,0.7122975458042017
2.236,-0.0031485745389158055,-0.0017451080394306345,0.7095728546675025
2.237,-0.003149966069859831,-0.0010377361688729762,0.7071541908105308
2.238,-0.0031506512794765465,-0.0003324939667728986,0.7050531043155274
2.239,-0.0031506321339971406,0.00037094460466088864,0.7032788923575712
2.24,-0.00314991027011467,0.001072912790586487,0.7018385556191394
2.241,-0.003148486988941668,0.0017737487165882554,0.7007367648308197
2.242,-0.0031463632523062754,0.002473793037646692,0.6999758376084204
2.243,-0.003143539681405814,0.0031733865733543126,0.6995557256295194
2.244,-0.0031400165578262494,0.0038728679399637725,0.6994740124206624
2.245,-0.003135793826925423,0.00457257118985185,0.6997259217255142
2.246,-0.0031308711035673772,0.005272823468919935,0.7003043363876807
2.247,-0.0031252476801844737,0.0059739427026450735,0.7011998279673036
2.248,-0.0031189225371334806,0.0066762353211559855,0.702400696696544
2.249,-0.0031118943553014138,0.007379994033716332,0.7038930218216011
2.25,-0.0031041615309065815,0.008085495662910794,0.7056607222313386
2.251,-0.0030957221924302466,0.00879299904834429,0.7076856268490939
2.2520000000000002,-0.0030865742196044873,0.009502743029656077,0.7099475548300761
2.253,-0.003076715264372288,0.010214944518218465,0.7124244050853624
2.254,-0.003066142773726687,0.010929796666512748,0.715092254765496
2.255,-0.0030548540143270275,0.011647467143768377,0.7179254662931152
2.2560000000000002,-0.00304284609878196,0.012368096526098712,0.7208968025977517
2.257,-0.003030116013480907,0.013091796808749362,0.7239775499086297
2.258,-0.0030166606478483175,0.013818650047630127,0.727137647680206
2.259,-0.003002476824888176,0.014548707136692197,0.730345825022912
2.2600000000000002,-0.002987561332879903,0.015281986727221749,0.7335697431620751
2.261,-0.0029719109580811577,0.016018474294278724,0.7367761430465812
2.262,-0.002955522518287998,0.016758121355116014,0.7399309977616446
2.263,-0.0029383928970984465,0.01750084484358743,0.7429996688712807
2.2640000000000002,-0.00292051907872189,0.01824652664378944,0.7459470659380183
2.265,-0.002901898183173708,0.018995013285718777,0.7487378087856196
2.266,-0.0028825275016923003,0.01974611580466308,0.7513363913775809
2.267,-0.002862404532214189,0.020499609765563066,0.7537073468967057
2.2680000000000002,-0.0028415270147420435,0.021255235452764892,0.7558154131660705
2.269,-0.00281989296644053,0.022012698224672264,0.7576256974971708
2.27,-0.0027975007162955854,0.022771669032343303,0.7591038405453779
2.271,-0.0027743489391742243,0.023531785100004244,0.7602161780350083
2.2720000000000002,-0.002750436689124237,0.02429265076499636,0.7609298999658985
2.273,-0.0027257634317561087,0.02505383847369334,0.7612132062637896
2.274,-0.0027003290755532295,0.025814889929375185,0.7610354583715416
2.275,-0.0026741340019608576,0.026575317387282277,0.7603673259930263
2.2760000000000002,-0.0026471790941094437,0.027334605091341026,0.7591809282630522
2.277,-0.0026194657640337226,0.028092210846455946,0.7574499687596113
2.278,-0.002590995978255385,0.02884756771966868,0.7551498637630414
2.279,-0.0025617722816042477,0.029600085862680574,0.7522578629376079
2.2800000000000002,-0.002531797819160462,0.03034915444795638,0.748753162210354
2.281,-0.0025010763562084964,0.031094143709851356,0.744617008017629
2.282,-0.0024696122961023466,0.031834407081836,0.739832792596767
2.283,-0.0024374106959506184,0.03256928342037417,0.7343861397851239
2.2840000000000003,-0.002404477280039783,0.03329809930559428,0.7282649809224683
2.285,-0.002370818450923876,0.03402017140864596,0.7214596206249027
2.286,-0.0023364412981192934,0.034734808915107294,0.7139627918737319
2.287,-0.002301353604354027,0.035441315993666025,0.7057697003187902
2.2880000000000003,-0.002265563849331562,0.036138994299108496,0.6968780575975637
2.289,-0.0022290812109808083,0.03682714549828622,0.6872881032900492
2.29,-0.002191915564174661,0.037505073807889595,0.6770026157222714
2.291,-0.0021540774769111897,0.03817208853246326,0.6660269111633631
2.2920000000000003,-0.0021155782039628613,0.03882750659134192,0.654368831729618
2.293,-0.0020764296780105902,0.03947065502308914,0.642038721858856
2.294,-0.002036644498290779,0.04010087345609067,0.6290493934442084
2.295,-0.0019962359167947684,0.04071751653415507,0.6154160798400304
2.2960000000000003,-0.001955217822071153,0.041319956286158824,0.6011563789210431
2.297,-0.0019136047206923378,0.041907584428895854,0.5862901853122363
2.298,-0.001871411716457303,0.04247981459274725,0.5708396122783521
2.299,-0.0018286544874128385,0.04303608445997771,0.5548289034345139
2.3000000000000003,-0.0017853492607854688,0.04357585780594035,0.5382843347841011
2.301,-0.0017415127859258094,0.04409862643383958,0.5212341074380823
2.302,-0.0016971623053762164,0.04460391199418052,0.5037082315071588
2.303,-0.001652315524181167,0.04509126768059784,0.48573840173810795
2.3040000000000003,-0.0016069905775679078,0.04556027979419791,0.4673578653226844
2.305,-0.001561205997132391,0.04601056916927765,0.4486012826381252
2.306,-0.0015149806756724385,0.046441792453743067,0.4295045813494347
2.307,-0.0014683338308163344,0.04685364323836183,0.4101048047223247
2.308,-0.00142128496760064,0.04724585302953236,0.39043995466540676
2.309,-0.0013738538401559476,0.047618192061043285,0.37054883031982433
2.31,-0.0013260604126634676,0.04797046994098691,0.3504708628734506
2.311,-0.0012779248197488005,0.04830253613074337,0.3302459473602795
2.312,-0.0012294673264819393,0.04861428025374033,0.30991427223575857
2.313,-0.0011807082881544748,0.04890563223241948,0.2895161474482781
2.314,-0.0011316681100061116,0.04917656225270728,0.26909183188731506
2.315,-0.0010823672070729643,0.04942708055597794,0.24868136087999954
2.316,-0.00103282596432967,0.04965723705937289,0.2283243746326916
2.317,-0.0009830646972961033,0.04986712080612251,0.2080599483875634
2.318,-0.0009331036132774681,0.05005685924825053,0.18792642502543622
2.319,-0.0008829627734037311,0.05022661736488823,0.167961250972977
2.32,-0.000832662055630787,0.05037659662013732,0.14820081611156147
2.321,-0.0007822211188613964,0.0505070337652286,0.12868029850686388
2.322,-0.0007316593683388565,0.05061819949040076,0.10943351462256393
2.323,-0.0006809959224605645,0.050710396932678835,0.09049277578247146
2.324,-0.000630249581152134,0.05078396004636756,0.0718887515036263
2.325,-0.0005794387959355508,0.05083925184379517,0.05365034043107594
2.326,-0.0005285816418170464,0.05087666251440476,0.03580454941845295
2.327,-0.00047769579111195214,0.050896607430907355,0.018376381379051544
2.328,-0.00042679848931482487,0.050899525051751666,0.0013887324397776363
2.329,-0.000375906533113614,0.05088587472968701,-0.015137701081581566
2.33,-0.000325036250636652,0.050856134436630125,-0.031184505450047587
2.331,-0.00027420348401081715,0.05081079841549222,-0.04673562159054355
2.332,-0.00022342357429838241,0.0507503747699844,-0.0617774061150251
2.333,-0.00017271134886889813,0.05067538300372383,-0.07629868100023521
2.334,-0.00012208111125099042,0.05058635152024844,-0.09029077163227188
2.335,-7.154663349725533e-05,0.050483815095747266,-0.10374753302667676
2.336,-2.1121151083538868e-05,0.05036831233647879,-0.11666536406162223
2.337,2.9182639648122077e-05,0.05024038313294477,-0.129043209635682
2.338,7.935258150571208e-05,0.05010056612293187,-0.14088255070954894
2.339,0.00012937705393751954,0.04994939617552158,-0.15218738224882553
2.34,0.00017924496802346657,0.049787401908093484,-0.16296417914912192
2.341,0.00022894575900642158,0.04961510324821804,-0.1732218502769534
2.342,0.0002784693764142289,0.04943300905214553,-0.18297168082151344
2.343,0.00032780627183477223,0.04924161479135567,-0.1922272632043098
2.344,0.0003769473844176989,0.049041400318326434,-0.2010044168580731
2.345,0.00042588412418740387,0.04883282772231821,-0.20932109724285933
2.346,0.0004746083532624764,0.04861633928557917,-0.21719729449140052
2.347,0.0005231123650869614,0.04839235554988353,-0.22465492218836694
2.348,0.0005713888617884591,0.04816127350282429,-0.2317176967717494
2.349,0.0006194309297872113,0.04792346489270385,-0.2384110081439323
2.35,0.0006672320137888802,0.047679274680287397,-0.2447617820697701
2.351,0.0007147858893016214,0.047429019634966894,-0.25079833509255417
2.352,0.0007620866338253171,0.04717298708229503,-0.25655022254234355
2.353,0.0008091285968673639,0.04691143380901431,-0.26204808049660994
2.354,0.0008559063689452007,0.04664458513102651,-0.26732346235505644
2.355,0.0009024147497407789,0.04637263412889873,-0.27240867089651555
2.356,0.0009486487155763992,0.046095741054751185,-0.27733658655698623
2.357,0.000994603386384722,0.04581403291346154,-0.2821404928566123
2.358,0.001040273992348299,0.04552760322031464,-0.2868538997690189
2.359,0.00108565584038565,0.0452365119363414,-0.2915103659275045
2.36,0.001130744280661723,0.04494078558171945,-0.29614332053679165
2.361,0.0011755346733004965,0.04464041752670969,-0.3007858858916993
2.362,0.0012200223554765283,0.044335368458745555,-0.30547070135591614
2.363,0.001264202609060403,0.04402556702335869,-0.31022974974157524
2.364,0.0013080706289903452,0.04371091063586363,-0.3150941868333166
2.365,0.0013516214925386608,0.043391266459711426,-0.32009417509583143
2.366,0.0013948501296372664,0.04306647254674033,-0.32525872221150554
2.367,0.0014377512944213039,0.04273633913362219,-0.3306155254056079
2.368,0.0014803195381437938,0.04240065008807488,-0.3361908222646252
2.369,0.0015225491836074441,0.042059164497618345,-0.34200924884913975
2.37,0.0015644343012521616,0.04171161839294241,-0.3480937058016656
2.371,0.001605968687028544,0.04135772659728123,-0.35446523311981126
2.372,0.001647145842178681,0.04099718469249824,-0.3611428942881455
2.373,0.001687958955036038,0.04062967109205531,-0.36814367028241235
2.374,0.001728400884946057,0.040254849210423785,-0.37548236407263746
2.375,0.0017684641483984708,0.03987236971807913,-0.3831715160199112
2.376,0.0018081409074511567,0.03948187287062161,-0.3912213307865137
2.3770000000000002,0.0018474229605138673,0.03908299090045291,-0.39963961582188295
2.378,0.0018863017355482475,0.03867535045877634,-0.40843173214571743
2.379,0.001924768285728374,0.038258575095740474,-0.4176005572997304
2.38,0.0019628132875936207,0.03783228776608484,-0.42714646098753684
2.3810000000000002,0.0020004270417130847,0.03739611334774663,-0.43706729324102117
2.382,0.0020375994758680756,0.03694968116053983,-0.44735838551111345
2.383,0.002074320150746477,0.03649262747235213,-0.458012564276596
2.384,0.0021105782681300604,0.03602459798000774,-0.46902017753790975
2.3850000000000002,0.0021463626815431984,0.03554525025232621,-0.4803691337396959
2.386,0.0021816619093190034,0.035054256123020586,-0.4920449530429126
2.387,0.0022164641500266443,0.03455130402125569,-0.504030830759377
2.388,0.00225075730019164,0.034036101228094987,-0.5163077125190696
2.3890000000000002,0.0022845289742293275,0.03350837604742668,-0.5288543808149355
2.39,0.0023177665265004827,0.03296787988033952,-0.5416475525426534
2.391,0.0023504570753873403,0.03241438919247332,-0.5546619869641398
2.392,0.0023825875292780192,0.03184770736438049,-0.5678706035890764
2.3930000000000002,0.002414144614337706,0.0312676664155156,-0.5812446093866727
2.394,0.002445114903935913,0.030674128593169064,-0.5947536346172924
2.395,0.002475484849590761,0.030066987818308966,-0.6083658766423546
2.396,0.0025052408132835843,0.029446170981026858,-0.6220482509717556
2.3970000000000002,0.0025343691009902234,0.02881163907905387,-0.635766548775309
2.398,0.00256285599726925,0.028163388193614962,-0.6494856000539913
2.399,0.002590687800742069,0.027501450297760778,-0.6631694415926658
2.4,0.0026178508602953364,0.026825893893039597,-0.676781488986638
2.4010000000000002,0.002644331611832576,0.02613682447147459,-0.6902847116002295
2.402,0.002670116615399096,0.02543438480041311,-0.7036418099092966
2.403,0.002695192592502491,0.02471875502894827,-0.7168153940362705
2.404,0.0027195464634500958,0.023990152615439946,-0.729768162686878
2.4050000000000002,0.002743165384524702,0.023248832076480572,-0.742463081667646
2.406,0.0027660367848207487,0.022495084558740434,-0.7548635608681864
2.407,0.0027881484025649604,0.02172923723581998,-0.7669336290574911
2.408,0.00280948832074808,0.020951652533290947,-0.7786381053998471
2.4090000000000003,0.0028300450018978515,0.020162727185799114,-0.7899427670393928
2.41,0.002849807321827819,0.019362891131151687,-0.8008145116636065
2.411,0.0028687646022017184,0.018552606246903032,-0.8112215145043172
2.412,0.002886906641759233,0.017732364935909833,-0.821133378777811
2.4130000000000003,0.002904223746055677,0.016902688567992152,-0.8305212789315146
2.414,0.0029207067555756857,0.016064125785558544,-0.8393580959667807
2.415,0.0029363470720891686,0.015217250681743288,-0.8476185441519186
2.416,0.002951136683126645,0.014362660860204608,-0.855279288532976
2.4170000000000003,0.002965068184460515,0.013500975386307063,-0.8623190526698655
2.418,0.002978134800488795,0.012632832639957868,-0.8687187160537448
2.419,0.0029903304024283843,0.011758888080842269,-0.8744614007371001
2.42,0.003001649524235779,0.010879811937101046,-0.8795325468954783
2.4210000000000003,0.003012087376184536,0.009996286829094276,-0.8839199766881074
2.422,0.0030216398560403866,0.009109005339888955,-0.8876139464872423
2.423,0.003030303557786795,0.00821866754457034,-0.8906071869612807
2.424,0.0030380757778658766,0.00732597851055435,-0.8928949309774445
2.4250000000000003,0.003044954518911842,0.006431645781214997,-0.8944749291773434
2.426,0.00305093849096644,0.005536376855145426,-0.895347453234737
2.427,0.0030560271101781958,0.00464087667338554,-0.8955152867788563
2.428,0.0030602204949995676,0.0037458451269106515,-0.8949837040272435
2.4290000000000003,0.0030635194599082684,0.002851974596406349,-0.8937604364196158
2.43,0.003065925506691061,0.0019599475363511676,-0.8918556272279297
2.431,0.003067440813340078,0.0010704341149522468,-0.8892817746685792
2.432,0.00306806822062319,0.00018408992128338326,-0.8860536636798808
2.433,0.003067811216401091,-0.0006984462494031881,-0.8821882867641563
2.434,0.0030666739177745,-0.0015765545216946113,-0.8777047543765376
2.435,0.0030646610511551567,-0.002449635967308252,-0.8726241952964312
2.436,0.0030617779303640535,-0.003317114524191614,-0.8669696475897619
2.437,0.0030580304328695347,-0.004178438798470381,-0.8607659406546034
2.438,0.0030534249742865376,-0.005033083740967938,-0.854039569053453
2.439,0.0030479684812662238,-0.005880552190592265,-0.8468185586917765
2.44,0.003041668362912533,-0.0067203762777143196,-0.8391323261975767
2.441,0.0030345324808687853,-0.007552118681252484,-0.831011532066354
2.442,0.003026569118223319,-0.008375373734007409,-0.8224879284274209
2.443,0.003017786947388214,-0.009189768371562946,-0.8135942021945821
2.444,0.0030081949971094367,-0.00999496292089057,-0.804363814428695
2.445,0.0029978026187702385,-0.010790651725508702,-0.7948308366148911
2.446,0.0029866194521523145,-0.011576563604999677,-0.7850297848303692
2.447,0.0029746553908210275,-0.012352462147477289,-0.7749954525745927
2.448,0.0029619205473020212,-0.013118145834391847,-0.7647627430580723
2.449,0.002948425218216684,-0.013873447997987896,-0.754366501891013
2.45,0.002934179849543258,-0.014618236612455836,-0.7438413508766455
2.451,0.0029191950021688704,-0.015352413920750657,-0.7332215238636511
2.452,0.002903481317895463,-0.01607591589973405,-0.7225407053139182
2.453,0.002887049486059447,-0.016788711567244912,-0.711831872563307
2.454,0.0028699102109210114,-0.017490802135342383,-0.7011271423810703
2.455,0.0028520741799743727,-0.018182220014715807,-0.690457622592451
2.456,0.002833552033324826,-0.01886302767614116,-0.679853269661579
2.457,0.0028143543342723752,-0.019533316375293992,-0.6693427526189957
2.458,0.0027944915412349805,-0.020193204748052963,-0.6589533242013832
2.459,0.002773973981137052,-0.02084283728400378,-0.6487106997502072
2.46,0.0027528118243808314,-0.02148238268641591,-0.6386389444336423
2.461,0.00273101506150979,-0.022112032127433266,-0.6287603692509065
2.462,0.002708593481664155,-0.022731997407792817,-0.6190954364032649
2.463,0.002685556652919168,-0.023342509030762917,-0.6096626743887968
2.464,0.0026619139045868244,-0.023943814200335083,-0.6004786031617264
2.465,0.002637674311551583,-0.024536174754149192,-0.5915576698126961
2.466,0.002612846680700009,-0.025119865041745872,-0.582912194850043
2.467,0.002587439539493544,-0.02569516975907174,-0.5745523294388637
2.468,0.0025614611267226113,-0.02626238175030788,-0.5664860237215816
2.469,0.002534919385469156,-0.026821799788171376,-0.5587190062951138
2.47,0.002507821958293561,-0.027373726343848468,-0.5512547748467369
2.471,0.0024801761846506634,-0.027918465357854267,-0.5440945980984535
2.472,0.002451989100528402,-0.028456320022904453,-0.5372375288146441
2.473,0.002423267440291601,-0.028987590589789235,-0.5306804277928184
2.474,0.0023940176407024265,-0.029512572207172075,-0.5244179987708624
2.475,0.0023642458470783177,-0.030031552805886277,-0.518442833873434
2.476,0.0023339579215377257,-0.030544811038099487,-0.5127454694116487
2.477,0.002303159453273834,-0.031052614281288193,-0.5073144515842416
2.478,0.0022718557707865645,-0.031555216716816666,-0.5021364119625144
2.479,0.002240051955993765,-0.032052857492181674,-0.4971961519652547
2.48,0.002207752860133516,-0.032545758975740684,-0.492476736134216
2.481,0.0021749631213609814,-0.033034125112158204,-0.487959593588399
2.482,0.0021416871839352557,-0.03351813988627385,-0.48362462713481874
2.483,0.0021079293188842785,-0.03399796590247597,-0.4794503294065749
2.484,0.00207369364602906,-0.03447374308611402,-0.4754139054851244
2.485,0.002038984157242301,-0.03494558751278148,-0.47149140128988487
2.486,0.0020038047408109686,-0.03541359037065985,-0.4676578371014087
2.487,0.001968159206767553,-0.03587781706041538,-0.4638873455125278
2.488,0.0019320513130505813,-0.036338306436443965,-0.46015331311259305
2.489,0.0018954847923515733,-0.03679507019249052,-0.45642852512794596
2.49,0.001858463379502882,-0.037248092394037396,-0.45268531240148974
2.491,0.0018209908392589585,-0.037697329158945816,-0.44889569977173815
2.492,0.0017830709943223615,-0.03814270848725022,-0.4450315553021382
2.493,0.0017447077534653531,-0.03858413024018745,-0.4410647395165245
2.494,0.0017059051395982266,-0.039021466267772975,-0.4369672538780678
2.495,0.0016666673176365383,-0.03945456068354773,-0.43271138783046953
2.496,0.0016269986220211348,-0.03988323028442994,-0.4282698637114942
2.497,0.0015869035837473742,-0.04030726511274602,-0.423615978661601
2.498,0.0015463869567630777,-0.04072642915704748,-0.41872374310100574
2.499,0.0015054537435986006,-0.04114046118744854,-0.4135680148593119
2.5,0.0014641092200969022,-0.04154907572072051,-0.4081246284995925
2.501,0.0014223589591166252,-0.04195196410967805,-0.40237051911272054
2.5020000000000002,0.0013802088530869138,-0.04234879575085886,-0.39628384006666534
2.503,0.0013376651352989882,-0.04273921940392617,-0.3898440741333018
2.504,0.001294734399826318,-0.043122864615712485,-0.38303213748825915
2.505,0.0012514236199725234,-0.04349934324139608,-0.3758304761644525
2.5060000000000002,0.0012077401651539204,-0.04386825105476745,-0.36822315441381176
2.507,0.0011636918161317743,-0.04422916943929365,-0.3601959347570945
2.508,0.001119286778517879,-0.04458166715119675,-0.35173634920325475
2.509,0.0010745336944859235,-0.04492530214560572,-0.3428337615172293
2.5100000000000002,0.0010294416526302446,-0.045259623456475606,-0.3334794201465179
2.511,0.000984020195922912,-0.045584173120848406,-0.32366650171386296
2.512,0.0009382793277296297,-0.04589848813783235,-0.3133901448677984
2.513,0.0008922295158545979,-0.046202102452573376,-0.30264747439881473
2.5140000000000002,0.0008458816945942199,-0.04649454895547367,-0.29143761560923065
2.515,0.0007992472647892969,-0.04677536148687617,-0.2797616988985442
2.516,0.0007523380918751082,-0.04704407683748582,-0.2676228546250308
2.517,0.000705166501938451,-0.04730023673489405,-0.25502619834282664
2.5180000000000002,0.0006577452758002759,-0.04754338980671629,-0.2419788065619649
2.519,0.000610087641151953,-0.04777309351103108,-0.22848968321342839
2.52,0.000562207262782383,-0.04798891602506124,-0.21456971707796293
2.521,0.0005141182309421133,-0.04819043808327761,-0.20023163041687253
2.5220000000000002,0.0004658350478992469,-0.04837725475646682,-0.18548991917768454
2.523,0.0004173726127502343,-0.04854897716362607,-0.1703607850914957
2.524,0.0003687462045565657,-0.04870523410896173,-0.15486206008507958
2.525,0.0003199714638858898,-0.04884567363668924,-0.1390131234284149
2.5260000000000002,0.00027106437284315344,-0.048969964496803506,-0.12283481209418153
2.527,0.00022204123368394367,-0.04907779751547143,-0.10634932481258089
2.528,0.0001729186461082936,-0.04916888686422969,-0.08958012035728752
2.529,0.00012371348333877193,-0.0492429712226932,-0.07255181058391144
2.5300000000000002,7.444286709166735e-05,-0.04929981483007446,-0.055290048822754526
2.531,2.5124141554502642e-05,-0.04933920842137276,-0.03782141418050347
2.532,-2.4225153513052157e-05,-0.04936097004470032,-0.020173292364079845
2.533,-7.358731043457084e-05,-0.04936494575682253,-0.002373753636751086
2.5340000000000003,-0.00012294448190565502,-0.04935101019460607,0.015548571476672272
2.535,-0.0001722787097912047,-0.04931906702069055,0.03356461811276935
2.536,-0.00022157195430490089,-0.04926904924233069,0.05164501398869354
2.537,-0.00027080612344388083,-0.04920091940297336,0.06976020670148614
2.5380000000000003,-0.00031996310255146367,-0.04911466964675953,0.08788059078098263
2.539,-0.0003690247838812786,-0.049010321656750004,0.10597663388926809
2.54,-0.0004179730960372519,-0.048887926468286436,0.12401900155333348
2.541,-0.0004667900331656021,-0.048747564159462714,0.14197867987244636
2.5420000000000003,-0.0005154576837772727,-0.0485893434212927,0.15982709558405872
2.543,-0.000563958259082075,-0.0484134010106773,0.17753623298114138
2.544,-0.000612274120719194,-0.0482199010898329,0.1950787471165919
2.545,-0.0006603878077726201,-0.04800903445633194,0.21242807281370704
2.5460000000000003,-0.0007082820629644637,-0.047781017668409975,0.2295585289766232
2.547,-0.0007559398579239832,-0.04753609207062149,0.24644541778086718
2.548,-0.0008033444174354642,-0.04727452272538549,0.26306511828101276
2.549,-0.0008504792425738014,-0.04699659725631244,0.27939517409643794
2.5500000000000003,-0.0008973281326427259,-0.046702624609597516,0.29541437477608434
2.551,-0.0009438752058370506,-0.04639293374007122,0.31110283054555177
2.552,-0.0009901049185570521,-0.046067872228795145,0.32644204013953243
2.553,-0.00103600208331011,-0.04572780483934068,0.34141495147462353
2.5540000000000003,-0.0010815518851419613,-0.04537311202007725,0.3560060149787966
2.555,-0.0011267398965473636,-0.04500418836002074,0.37020122934991556
2.556,-0.0011715520908175557,-0.04462144100589135,0.3839881796570344
2.557,-0.0012159748537896046,-0.04422528804812899,0.39735606768486853
2.5580000000000003,-0.0012599949939705118,-0.04381615688369373,0.4102957344435378
2.559,-0.0013035997510167856,-0.04339448256348979,0.42279967483958486
2.56,-0.0013467768025580066,-0.04296070613222522,0.43486204453737004
2.561,-0.001389514269360703,-0.04251527296847389,0.4464786590582025
2.562,-0.0014318007188365734,-0.042058631132620386,0.45764698520688396
2.563,-0.0014736251669067169,-0.04159122973024404,0.46836612495354707
2.564,-0.001514977078240968,-0.04111351729829114,0.4786367919857999
2.565,-0.0015558463648987478,-0.040625940221281694,0.48846128102276987
2.566,-0.0015962233834049121,-0.04012894118447596,0.49784343023482486
2.567,-0.001636098930300916,-0.03962295767073585,0.5067885769439294
2.568,-0.0016754642362181809,-0.03910842050749354,0.5153035069421532
2.569,-0.0017143109585268147,-0.0385857524699439,0.5233963977196147
2.57,-0.001752631172618798,-0.03805536694626116,0.5310767559208514
2.571,-0.0017904173618903277,-0.03751766667021694,0.5383553494630142
2.572,-0.0018276624064932562,-0.036973042526300105,0.5452441345771064
2.573,-0.0018643595709304031,-0.0364218724319294,0.5517561783063345
2.574,-0.0019005024905739386,-0.035864520301004885,0.5579055767878526
2.575,-0.0019360851571900704,-0.03530133509262515,0.5637073697459675
2.576,-0.0019711019035568325,-0.03473264994827762,0.5691774517256984
2.577,-0.0020055473872649067,-0.034158781420452373,0.5743324804065161
2.578,-0.0020394165737940965,-0.033580028795117976,0.5791897825250699
2.579,-0.002072704718960289,-0.032996673510047134,0.5837672578500981
2.58,-0.002105407350829488,-0.032408978670496795,0.5880832816965214
2.581,-0.0021375202511967825,-0.03181718866331617,0.5921566064043307
2.582,-0.0021690394367289687,-0.031221528870082838,0.5960062622603756
2.583,-0.002199961139869848,-0.030622205479329374,0.5996514584066228
2.584,-0.002230281789607174,-0.030019405397626066,0.6031114840073756
2.585,-0.00225999799219962,-0.029413296258637058,0.6064056103608176
2.586,-0.0022891065119611774,-0.028804026529019634,0.6095529941592853
2.587,-0.002317604252198925,-0.02819172570942951,0.6125725825448217
2.588,-0.002345488236398282,-0.027576504628669143,0.6154830201443192
2.589,-0.0023727555897475787,-0.026958455828397638,0.6183025587456218
2.59,-0.0023994035210911065,-0.02633765403564748,0.6210489697396199
2.591,-0.0024254293053968183,-0.025714156719887596,0.6237394598717763
2.592,-0.0024508302668214163,-0.025088004731072075,0.6263905905791857
2.593,-0.0024756037624518827,-0.02445922301481729,0.6290182012117137
2.594,-0.002499747166798398,-0.02382782140039918,0.6316373366033569
2.595,-0.002523257857109332,-0.023193795457278007,0.6342621789306275
2.596,-0.002546133199574346,-0.022557127415253956,0.6369059845277958
2.597,-0.0025683705364767705,-0.0219177871432969,0.6395810256588531
2.598,-0.0025899671743513943,-0.021275733182002887,0.6422985373458435
2.599,-0.002610920373198475,-0.02063091382408287,0.6450686698449367
2.6,-0.0026312273367993747,-0.019983268237603782,0.6479004463659801
2.601,-0.0026508852041736133,-0.01933272762610607,0.6508017267305203
2.602,-0.00266989104221142,-0.018679216419995526,0.6537791765986781
2.603,-0.0026882418395100622,-0.018022653493238748,0.6568382427064814
2.604,-0.002705934501436364,-0.017362953399569926,0.6599831338738866
2.605,-0.0027229658464319214,-0.016700027622219206,0.6632168080242529
2.606,-0.0027393326035715874,-0.016033785831249862,0.6665409651067699
2.607,-0.0027550314113798913,-0.015364137142629073,0.6699560458914081
2.608,-0.002770058817904215,-0.014690991373182706,0.6734612366111441
2.609,-0.002784411282037681,-0.014014260285603566,0.6770544794331165
2.61,-0.002798085176079045,-0.013333858817938509,0.6807324884792026
2.611,-0.002811076789511247,-0.012649706291934683,0.6844907714732945
2.612,-0.0028233823339748163,-0.011961727594876898,0.6883236567309763
2.613,-0.0028349979494069785,-0.01126985432963103,0.6922243254286594
2.614,-0.0028459197113122046,-0.010574025927926051,0.6961848488092302
2.615,-0.0028561436391249953,-0.0098741907219867,0.7001962302709018
2.616,-0.0028656657056209496,-0.009170306969882748,0.7042484520654606
2.617,-0.0028744818473277053,-0.008462343830305872,0.7083305262538299
2.618,-0.0028825879758830725,-0.007750282282555164,0.712430549876772
2.619,-0.002889979990283721,-0.0070341159879956355,0.7165357638138674
2.62,-0.0028966537899641153,-0.0063138520894182384,0.720632615202361
2.621,-0.0029026052886419688,-0.005589511945002198,0.7247068231294809
2.622,-0.002907830428863413,-0.004861131794044096,0.728743447116976
2.623,-0.0029123251971783035,-0.004128763351744264,0.7327269583069279
2.624,-0.002916085639873649,-0.0033924743308508935,0.7366413127975237
2.625,-0.0029191078791910127,-0.0026523488881526874,0.7404700269740979
2.626,-0.002921388129951985,-0.001908487994256242,0.7441962543612928
2.6270000000000002,-0.002922922716514378,-0.0011610097253723813,0.7478028637267522
2.628,-0.002923708089980712,-0.0004100494761868121,0.7512725180771006
2.629,-0.002923740845579805,0.0003442399067502131,0.7545877541869078
2.63,-0.0029230177401419364,0.001101688071262719,0.7577310622370157
2.6310000000000002,-0.0029215357095879256,0.0018621071854657137,0.7606849654963334
2.632,-0.0029192918863528393,0.0026252920426698763,0.7634320992412006
2.633,-0.002916283616665628,0.0033910202446668118,0.7659552890826674
2.634,-0.0029125084776069872,0.004159052462116733,0.7682376279477813
2.6350000000000002,-0.0029079642938690115,0.004929132770695311,0.7702625517178875
2.636,-0.002902649154141828,0.005700989061157933,0.7720139129758372
2.637,-0.002896561427054338,0.0064743335212499534,0.7734760526639501
2.638,-0.002889699776598385,0.007248863187149422,0.7746338694062778
2.6390000000000002,-0.0028820631769681916,0.008024260561735918,0.7754728860878356
2.64,-0.002873650926749686,0.008800194296804929,0.7759793135396752
2.641,-0.0028644626623973864,0.00957631993602352,0.7761401109890346
2.642,-0.00285449837093979,0.01035228071527451,0.7759430431450287
2.6430000000000002,-0.0028437584018577394,0.011127708416690864,0.7753767335530797
2.644,-0.0028322434780839556,0.011902224272619624,0.7744307141856962
2.645,-0.002819954706075884,0.012675439915418965,0.7730954709039864
2.646,-0.00280689358491809,0.013446958368922844,0.7713624847500232
2.6470000000000002,-0.0027930620144147097,0.014216375077262955,0.7692242689149544
2.648,-0.0027784623021368756,0.014983278966504157,0.7666744011416015
2.649,-0.00276309716939456,0.01574725353458365,0.7637075516228014
2.65,-0.0027469697561069467,0.0165078779647435,0.7603195060591164
2.6510000000000002,-0.002730083624550129,0.01726472825786361,0.7565071841481188
2.652,-0.002712442761965726,0.018017378378738694,0.7522686530788475
2.653,-0.002694051582018837,0.01876540141154857,0.7476031362997598
2.654,-0.002674914925098587,0.019508370719651873,0.7425110174025545
2.6550000000000002,-0.002655038057459397,0.020245861104778648,0.7369938390775196
2.656,-0.002634426669205901,0.020977449960961556,0.7310542974350868
2.657,-0.0026130868711292774,0.02170271841823577,0.7246962313242371
2.658,-0.002591025190407444,0.022421252471602784,0.7179246071954192
2.6590000000000003,-0.002568248565186259,0.023132644090489943,0.7107454991643666
2.66,-0.0025447643380634324,0.02383649230426718,0.7031660646730201
2.661,-0.00252058024850129,0.02453240425942059,0.6951945157503702
2.662,-0.0024957044241988636,0.02521999624410906,0.6868400860120215
2.6630000000000003,-0.0024701453714579373,0.02589889467605672,0.6781129936335988
2.664,-0.002443911964581704,0.02656873704980517,0.6690244003532125
2.665,-0.0024170134343484808,0.02722917283965757,0.6595863668358373
2.666,-0.0023894593556066006,0.027879864354717836,0.6498118044450999
2.6670000000000003,-0.002361259634039982,0.028520487542777154,0.6397144238013844
2.668,-0.002332424492157094,0.029150732739920474,0.6293086802210945
2.669,-0.0023029644545589944,0.0297703053630267,0.618609716358598
2.67,-0.002272890332544829,0.030378926542571252,0.6076333022772286
2.6710000000000003,-0.002242213208115666,0.030976333693373027,0.5963957731833204
2.672,-0.002210944417439704,0.03156228102127128,0.5849139651777494
2.673,-0.00217909553384384,0.0321365399638963,0.5732051491857415
2.674,-0.00214667835039823,0.03269889956404181,0.5612869634272388
2.6750000000000003,-0.002113704862161832,0.033249166774438,0.549177344711805
2.676,-0.002080187248158003,0.03378716669295358,0.5368944587818749
2.677,-0.002046137853150001,0.03431274272763156,0.524456630096279
2.678,-0.0020115691692867287,0.0348257566912069,0.5118822712820551
2.6790000000000003,-0.0019764938176892576,0.035326088825023194,0.49918981252847366
2.68,-0.001940924530048581,0.03581363775263982,0.4863976313066695
2.681,-0.0019048741303046232,0.036288320363656576,0.47352398263643086
2.682,-0.0018683555164758833,0.0367500716285457,0.4605869301668561
2.6830000000000003,-0.001831381642708109,0.03719884434565686,0.44760427845729883
2.684,-0.001793965501609147,0.03763460882173341,0.434593506610324
2.685,-0.0017561201069355974,0.03805735248763362,0.4215717036321768
2.686,-0.0017178584766951027,0.03846707945116754,0.4085555057220063
2.6870000000000003,-0.0016791936167260618,0.03886380998921192,0.3955610357465885
2.688,-0.0016401385048142448,0.03924757998157043,0.3826038452102387
2.689,-0.0016007060754032489,0.0396184402891937,0.36969885885093184
2.69,-0.001560909204952967,0.039976456079670694,0.35686032217627134
2.691,-0.0015207606979972318,0.04032170610310387,0.34410175212891225
2.692,-0.001480273273948639,0.04065428192158531,0.33143589097784143
2.693,-0.0014394595546951396,0.04097428709585713,0.3188746638283718
2.694,-0.0013983320530294326,0.04128183633272864,0.3064291396999417
2.695,-0.001356903161948481,0.04157705459706774,0.29410949644626855
2.696,-0.0013151851448565848,0.041860076192335845,0.28192498965708357
2.697,-0.0012731901267014542,0.042131043813691565,0.2698839255896556
2.698,-0.0012309300860686063,0.04239010757785936,0.25799363831288896
2.699,-0.001188416848255201,0.042637424034001316,0.24626047109208804
2.7,-0.0011456620793401328,0.04287315515994115,0.23468976213355763
2.701,-0.0011026772812628577,0.04309746734808097,0.22328583466791024
2.702,-0.0010594737879190113,0.04331053038549418,0.21205199153087587
2.703,-0.001016062762276475,0.043512516432548304,0.20099051408389337
2.704,-0.0009724551945111075,0.043703599004546935,0.190102665638548
2.705,-0.000928661901156931,0.04388395196078045,0.179388699259393
2.706,-0.000884693525261184,0.04405374850535275,0.16884786993290923
2.707,-0.0008405605375302945,0.044213160204123664,0.15847845107357453
2.708,-0.000796273238448554,0.0443623560219829,0.1482777552336456
2.709,-0.0007518417613470725,0.04450150138464155,0.13824215899737866
2.71,-0.0007072760763964879,0.0446307572689675,0.12836713188592133
2.711,-0.0006625859954929313,0.04475027932578938,0.11864726917817983
2.712,-0.0006177811780028932,0.04486021703894815,0.1090763284975104
2.713,-0.0005728711373289307,0.044960712924238797,0.0996472700284246
2.714,-0.0005278652482546251,0.0450519017716632,0.09035230013389631
2.715,-0.00048277275502383053,0.04513390993429429,0.08118291826268542
2.716,-0.00043760278010610123,0.04520685466678961,0.07212996686997546
2.717,-0.00039236433359720864,0.04527084351643537,0.06318368420601453
2.718,-0.0003470663232009314,0.045325973769326115,0.05433375968374067
2.719,-0.00030171756473578446,0.04537233195409157,0.04556939164167231
2.72,-0.0002563267931080846,0.04540999340530646,0.036879347216634197
2.721,-0.00021090267369072949,0.045439021888484483,0.0282520240972844
2.722,-0.00016545381404530946,0.045459469288275926,0.019675513871084828
2.723,-0.00011998877592368016,0.045471375361227466,0.011137666706748707
2.724,-7.451608748390464e-05,0.04547476755418853,0.002626157096107279
2.725,-2.9044255654538092e-05,0.045469660889151185,-0.005871449643947067
2.726,1.6418221419425798e-05,0.04545605791504235,-0.014367630374594681
2.727,6.186284191599276e-05,0.04543394872668341,-0.022874836950794283
2.728,0.00010728108792811129,0.045403311050849764,-0.031405429129751056
2.729,0.00015266441317502742,0.045364110399068874,-0.0399716078672698
2.73,0.00019800423089944995,0.04531630028650445,-0.048585349292713825
2.731,0.00024329190201613052,0.04525982251598864,-0.057258339647760025
2.732,0.0002885187235763807,0.045194607525976406,-0.06600191147685165
2.733,0.000333675917611683,0.04512057480091663,-0.07482698134819357
2.734,0.00037875462041791054,0.04503763334226122,-0.08374398937809668
2.735,0.00042374587233975626,0.044945682198060985,-0.0927628408309952
2.736,0.0004686406081127946,0.04484461104884498,-0.10189285004528767
2.737,0.0005134296478181654,0.04473430084721783,-0.11114268694843837
2.738,0.0005581036885021919,0.04461462450838436,-0.12052032638253492
2.739,0.0006026532965103286,0.044485447648559225,-0.1300330004952881
2.74,0.0006470689005817002,0.044346629368033276,-0.13968715437513768
2.741,0.0006913407857471449,0.044198023075428264,-0.1494884051771931
2.742,0.0007354590880701338,0.044039477349522814,-0.15944150487857778
2.743,0.0007794137902662102,0.043870836834811175,-0.16955030689292797
2.744,0.0008231947182327044,0.043691943166853944,-0.17981773663392578
2.745,0.0008667915385164414,0.04350263592328397,-0.19024576623397627
2.746,0.0009101937567429807,0.043302753596247696,-0.2008353934892433
2.747,0.0009533907170266483,0.04309213458193775,-0.2115866251603423
2.748,0.0009963716023762342,0.04287061818279284,-0.22249846470382284
2.749,0.0010391254361067676,0.04263804561785717,-0.233568904519049
2.75,0.0010816410842632647,0.04239426103677526,-0.24479492271999184
2.751,0.001123907259057799,0.04213911253285226,-0.2561724844815331
2.7520000000000002,0.0011659125233166507,0.04187245315056772,-0.26769654800132414
2.753,0.0012076452959297393,0.04159414188303564,-0.2793610749582031
2.754,0.001249093858289989,0.041304044654819266,-0.29115904557157773
2.755,0.0012902463617057648,0.04100203528565881,-0.3030824780868339
2.7560000000000002,0.001331090835765086,0.040687996430696524,-0.31512245267524447
2.757,0.0013716151976259576,0.0403618204928739,-0.3272691396503836
2.758,0.0014118072622029052,0.040023410503319555,-0.3395118318525464
2.759,0.0014516547532156753,0.03967268096565258,-0.35183898109917117
2.7600000000000002,0.001491145315062047,0.03930955866026237,-0.3642382385618598
2.761,0.0015302665254728935,0.03893398340485519,-0.3766964988314436
2.762,0.0015690059089039732,0.03854590876768874,-0.38919994755122816
2.763,0.0016073509506154577,0.03814530273011721,-0.4017341124087113
2.7640000000000002,0.0016452891113869614,0.03773214829532377,-0.4142839172270922
2.765,0.0016828078428128327,0.03730644404036994,-0.42683373890483145
2.766,0.001719894603119654,0.03686820460881011,-0.43936746709713537
2.767,0.0017565368734453973,0.036417461141589676,-0.45186856613373216
2.7680000000000002,0.0017927221745174084,0.03595426164400445,-0.46432013915734943
2.769,0.0018284380836644221,0.03547867128695742,-0.47670499398117355
2.77,0.001863672252096108,0.03499077264090465,-0.48900571054336095
2.771,0.001898412422382246,0.03449066584128069,-0.501204709533035
2.7720000000000002,0.0019326464460625418,0.03397846868443031,-0.5132843219696755
2.773,0.001966362301317314,0.033454316653474904,-0.5252268593166335
2.774,0.0019995481106288085,0.03291836287373206,-0.5370146839608203
2.775,0.0020321921583627434,0.03237077799774444,-0.548630279594666
2.7760000000000002,0.002064282908199844,0.031811750020209265,-0.5600563212875291
2.777,0.00209580902034764,0.031241484023500996,-0.5712757448268052
2.778,0.002126759368463564,0.030660201854676685,-0.5822718151537346
2.779,0.002157123056221553,0.030068141735341124,-0.5930281933755229
2.7800000000000002,0.002186889433455737,0.029465557805831474,-0.6035290023141245
2.781,0.0022160481118165647,0.028852719605716132,-0.6137588900077691
2.782,0.002244588979876739,0.028229911492729267,-0.6237030910836991
2.783,0.0022725022176266546,0.027597432002611152,-0.6333474856270107
2.7840000000000003,0.002299778310301622,0.02695559315259291,-0.6426786552877057
2.785,0.0023264080614860435,0.026304719691545776,-0.6516839363420222
2.786,0.002352382605442819,0.02564514829999231,-0.6603514695414145
2.787,0.0023776934186196265,0.024977226743537286,-0.668670246369555
2.7880000000000003,0.0024023323302873253,0.02430131298333796,-0.6766301516769935
2.789,0.0024262915322694773,0.023617774247528155,-0.6842220023723931
2.79,0.002449563587726036,0.022926986067750003,-0.6914375819391625
2.791,0.0024721414389583885,0.022229331284951987,-0.698269670795044
2.7920000000000003,0.0024940184142072438,0.021525199028884223,-0.7047120721936373
2.793,0.0025151882334193266,0.02081498367580866,-0.7107596336023458
2.794,0.002535645012963419,0.020099083789060307,-0.7164082634331236
2.795,0.0025553832692809253,0.019377901047122777,-0.7216549431082971
2.7960000000000003,0.0025743979214608937,0.018651839164021664,-0.7264977343091946
2.797,0.002592684292734199,0.017921302806829832,-0.7309357814329723
2.798,0.0026102381108864038,0.01718669651508371,-0.7349693092496238
2.799,0.002627055507593618,0.016448423626928763,-0.7385996157389911
2.8000000000000003,0.0026431330166904934,0.015706885216815195,-0.7418290601066576
2.801,0.0026584675713842354,0.01496247904941268,-0.7446610461460609
2.802,0.0026730565004331884,0.014215598554422833,-0.7471000009194521
2.803,0.0026868975233131777,0.0134666318268708,-0.7491513488673444
2.8040000000000003,0.0026999887443993034,0.012715960657316863,-0.7508214814899759
2.805,0.0027123286461951997,0.011963959596198073,-0.7521177228403215
2.806,0.002723916081646033,0.011210995056579095,-0.753048290728955
2.807,0.0027347502655755574,0.010457424459173852,-0.7536222541094924
2.8080000000000003,0.0027448307652914055,0.009703595423451769,-0.7538494866508009
2.809,0.0027541574904064343,0.008949845008323805,-0.7537406168454857
2.81,0.0027627306819273667,0.008196499005754624,-0.7533069747836115
2.811,0.002770550900665187,0.007443871290383607,-0.7525605358686721
2.8120000000000003,0.002777619015024658,0.006692263227893704,-0.7515138618260682
2.813,0.002783936188232974,0.005941963144697202,-0.750180039156216
2.814,0.002789503865069955,0.005193245861130652,-0.7485726154313075
2.815,0.002794323758164276,0.004446372290148851,-0.746705533618663
2.816,0.0027983978339219525,0.0037015891030230987,-0.7445930649451344
2.817,0.0028017282981548097,0.002959128463476326,-0.7422497403315499
2.818,0.0028043175814777914,0.0022192078311467447,-0.7396902809887274
2.819,0.002806168324544749,0.001482029835033575,-0.7369295283782247
2.82,0.0028072833631928563,0.0007477822172740645,-0.7339823738521651
2.821,0.002807665713565934,1.6637847190019753e-05,-0.7308636883926922
2.822,0.0028073185572867693,-0.0007112451947312753,-0.7275882527098382
2.823,0.002806245226748024,-0.0014357234635805224,-0.72417068802787
2.824,0.00280444919059044,-0.002156667928590609,-0.720625388008328
2.825,0.0028019340394358806,-0.0028739636847738338,-0.7169664519367859
2.826,0.002798703471941263,-0.0035875095993636546,-0.7132076196873739
2.827,0.0027947612812375916,-0.004297217894975514,-0.7093622086153796
2.828,0.002790111341816209,-0.005003013671811737,-0.7054430528141092
2.829,0.002784757596921956,-0.005704834371407594,-0.7014624448819636
2.83,0.002778704046510217,-0.006402629184850085,-0.6974320806627635
2.831,0.002771954735821881,-0.0070963584084546135,-0.693363006972395
2.832,0.0027645137446270034,-0.007785992750371658,-0.6892655728456358
2.833,0.0027563851771844725,-0.008471512591657543,-0.6851493843184356
2.834,0.0027475731529613212,-0.00915290720556503,-0.681023262987723
2.835,0.0027380817981514237,-0.009830173939118877,-0.6768952086647835
2.836,0.002727915238029178,-0.010503317361189571,-0.6727723662536946
2.837,0.0027170775901695786,-0.011172348381257788,-0.6686609968191044
2.838,0.0027055729585616466,-0.011837283343518443,-0.6645664533482808
2.839,0.0026934054286376734,-0.012498143100747131,-0.660493160909167
2.84,0.0026805790632360668,-0.013154952072793082,-0.6564446017188194
2.841,0.0026670978995109004,-0.01380773729426707,-0.6524233047464756
2.842,0.0026529659467965,-0.014456527456336923,-0.6484308402666707
2.843,0.0026381871854305426,-0.015101351947470067,-0.6444678192408161
2.844,0.002622765566534369,-0.015742239897842465,-0.6405338974073913
2.845,0.0026067050127443797,-0.016379219232316014,-0.6366277842932778
2.846,0.0025900094198835926,-0.017012315736719817,-0.632747256942208
2.847,0.002572682659557719,-0.017641552142104052,-0.628889178307076
2.848,0.00255472858265549,-0.01826694723157867,-0.6250495202494318
2.849,0.002536151023728429,-0.0188885149741789,-0.6212233909645923
2.85,0.0025169538062208316,-0.019506263690186564,-0.6174050668361003
2.851,0.0024971407485164564,-0.020120195252024665,-0.6135880283767611
2.852,0.0024767156707643247,-0.02073030432477305,-0.6097650002137096
2.853,0.0024556824024421346,-0.021336577650091733,-0.6059279948345616
2.854,0.002434044790612067,-0.02193899337718296,-0.6020683599517755
2.855,0.0024118067088202727,-0.022537520444171157,-0.5981768292225675
2.856,0.0023889720665881214,-0.023132118012924946,-0.5942435759601764
2.857,0.0023655448194402936,-0.02372273496028429,-0.5902582698054133
2.858,0.0023415289794120535,-0.024309309428246596,-0.5862101359118891
2.859,0.00231692862597565,-0.024891768435324476,-0.5820880163140771
2.86,0.002291747917323674,-0.025470027551098843,-0.577880433303406
2.861,0.002265991101945319,-0.026043990635702164,-0.5735756545121051
2.862,0.002239662530430043,-0.026613549645432444,-0.5691617591474625
2.863,0.0022127666674319093,-0.02717858450567175,-0.5646267054022351
2.864,0.002185308103727033,-0.027738963051710124,-0.5599583984089805
2.865,0.0021572915682960482,-0.02829454103784661,-0.5551447585490962
2.866,0.002128721940363322,-0.028845162214796508,-0.5501737897587677
2.867,0.002099604261324761,-0.029390658475125807,-0.5450336475285849
2.868,0.002069943746496575,-0.029930850065972906,-0.5397127061203592
2.869,0.002039745796618157,-0.030465545868173096,-0.5341996248894022
2.87,0.002009016009043396,-0.030994543740403422,-0.528483413176132
2.871,0.001977760188556193,-0.03151763092676497,-0.5225534935996646
2.872,0.0019459843577477526,-0.03203458452583803,-0.516399763350654
2.873,0.001913694766895277,-0.03254517201902006,-0.5100126532752413
2.874,0.0018808979032841225,-0.033049151855499635,-0.5033831842690163
2.875,0.0018476004999181113,-0.033546274091215134,-0.49650302102339333
2.876,0.0018138095435656365,-0.03403628107859975,-0.4893645225192395
2.8770000000000002,0.001779532282092419,-0.03451890820383078,-0.4819607892354854
2.878,0.0017447762310351855,-0.03499388466805465,-0.47428570680513843
2.879,0.0017095491793742083,-0.035460934308786406,-0.4663339858453785
2.88,0.0016738591944665147,-0.035919776457523846,-0.4581011978146797
2.8810000000000002,0.001637714626105617,-0.03637012682946749,-0.449583806747611
2.882,0.0016011241096778406,-0.03681169844099717,-0.4407791966180176
2.883,0.0015640965683896759,-0.037244202550537696,-0.431685694335052
2.884,0.0015266412145450777,-0.037667349618218084,-0.42230258812113425
2.8850000000000002,0.0014887675498562098,-0.03808085027973129,-0.41263014129924064
2.886,0.0014504853647757986,-0.03848441632968559,-0.4026696013597439
2.887,0.0014118047368439717,-0.03887776170970498,-0.39242320428242655
2.888,0.001372736028047218,-0.03926060349651921,-0.3818941740976036
2.8890000000000002,0.001333289881191846,-0.03963266288530017,-0.3710867177056886
2.89,0.001293477215299062,-0.039993666163514366,-0.36000601496778006
2.891,0.0012533092200334957,-0.04034334567059581,-0.34865820410367626
2.892,0.0012127973491816324,-0.04068144073887191,-0.33705036253491
2.8930000000000002,0.0011719533132011656,-0.041007698611202875,-0.3251904831899165
2.894,0.001130789070866723,-0.04132187533098626,-0.3130874464794445
2.895,0.0010893168200417393,-0.04162373660024454,-0.3007509879946513
2.896,0.0010475489876104053,-0.041913058601746975,-0.2881916621790289
2.8970000000000002,0.0010054982186076173,-0.042189628781237616,-0.2754208020818993
2.898,0.0009631773645886522,-0.042453246586089115,-0.26245047545508504
2.899,0.000920599471283875,-0.04270372415689239,-0.24929343737617415
2.9,0.000877777765587155,-0.04294088696874241,-0.23596307965511998
2.9010000000000002,0.000834725641929784,-0.043164574419215465,-0.22247337725724523
2.902,0.0007914566480945413,-0.04337464036033817,-0.2088388320544526
2.903,0.0007479844705271514,-0.04357095357205726,-0.19507441410350512
2.904,0.0007043229192046687,-0.043753398175100655,-0.18119550085063774
2.9050000000000002,0.0006604859121223327,-0.04392187398134572,-0.16721781447088357
2.906,0.0006164874594621382,-0.044076296780152936,-0.15315735769762615
2.907,0.0005723416475077556,-0.04421659855944363,-0.13903034845924064
2.908,0.0005280626223714968,-0.04434272766060854,-0.12485315363029761
2.9090000000000003,0.0004836645735997685,-0.044454648866673316,-0.1106422222396227
2.91,0.0004391617177238728,-0.04455234342345964,-0.09641401844478957
2.911,0.0003945682818230991,-0.044635808993831225,-0.08218495462807986
2.912,0.0003498984871668109,-0.044705059545419416,-0.06797132491391272
2.9130000000000003,0.0003051665330016648,-0.044760125172564336,-0.053789239453480325
2.914,0.00026038658054921193,-0.044801051853512214,-0.039654559776991234
2.915,0.00021557273727792152,-0.044827901144248415,-0.025582835556345388
2.916,0.00017073904151214953,-0.04484074981062139,-0.011589243047149932
2.9170000000000003,0.00012589944743875736,-0.044839689400738465,0.0023114744584265107
2.918,8.106781056997257e-05,-0.044824825759881524,0.016105063907337944
2.919,3.6257873718690945e-05,-0.04479627849047804,0.02977781719980624
2.92,-8.516746460241029e-06,-0.04475418035991622,0.04331662309213784
2.9210000000000003,-5.324257231213987e-05,-0.04469867665924628,0.05670901603477256
2.922,-9.790627736052513e-05,-0.044629924516036076,0.06994322172206384
2.923,-0.00014249469777699228,-0.044548092164865674,0.08300819913781876
2.924,-0.00018699484310240574,-0.044453358179140236,0.0958936789044307
2.9250000000000003,-0.00023139390618266673,-0.044345910668078636,0.10859019775846078
2.926,-0.0002756792722862443,-0.04422594644288851,0.121089129002046
2.927,-0.00031983852737474015,-0.04409367015628362,0.13338270878540007
2.928,-0.00036385946550196327,-0.043949293419602777,0.1454640581210503
2.9290000000000003,-0.0004077300953213029,-0.0437930339018929,0.15732720052635285
2.93,-0.00045143864568557973,-0.04362511441538428,0.16896707523214075
2.931,-0.0004949735703280133,-0.04344576199184302,0.18037954590150718
2.932,-0.0005383235516174318,-0.043255206954299234,0.1915614048490648
2.9330000000000003,-0.0005814775033853591,-0.043053681988665736,0.20251037274404646
2.934,-0.0006244245728271135,-0.04284142121974004,0.21322509382278
2.935,-0.000667154141483525,-0.04261865929603798,0.22370512665715245
2.936,-0.0007096558253142965,-0.042385630487853834,0.23395093053297195
2.9370000000000003,-0.000751919473878376,-0.042142567802836525,0.2439638475487288
2.938,-0.0007939351686409566,-0.04188970212329135,0.25374608051185304
2.939,-0.0008356932204308641,-0.04162726136928653,0.2633006667678579
2.94,-0.0008771841660760798,-0.041355469691468714,0.2726314481414431
2.9410000000000003,-0.0009183987642489934,-0.04107454669736566,0.2817430371102391
2.942,-0.0009593279905566477,-0.04078470671475121,0.29064077942256833
2.943,-0.0009999630319147217,-0.040486158095450815,0.2993307133542378
2.944,-0.0010402952802472615,-0.040179102562750944,0.30781952582196603
2.945,-0.001080316325557213,-0.039863734605331734,0.31611450559915416
2.946,-0.0011200179484156267,-0.03954024092043723,0.32422349383579646
2.947,-0.0011593921119199655,-0.03920879990869293,0.332154832196795
2.948,-0.0011984309531742354,-0.03886958122274546,0.3399173088458887
2.949,-0.0012371267743456892,-0.03852274537159839,0.34752010258345517
2.95,-0.0012754720333545977,-0.038168443382269886,0.3549727253802111
2.951,-0.0013134593342550352,-0.037806816520051016,0.3622849636644517
2.952,-0.0013510814173658032,-0.03743799606842595,0.36946681856623337
2.953,-0.0013883311492114546,-0.03706210316930536,0.37652844554904175
2.954,-0.001425201512333969,-0.03667924872404624,0.38348009358209567
2.955,-0.0014616855950358755,-0.03628953335532953,0.39033204427946994
2.956,-0.0014977765811155833,-0.0358930474297128,0.39709455124349385
2.957,-0.001533467739655329,-0.03548987114036042,0.40377777993457686
2.958,-0.0015687524149215252,-0.03508007464918733,0.41039174832854164
2.959,-0.0016036240164363595,-0.03466371828731548,0.4169462687058102
2.96,-0.0016380760092782616,-0.03424085281247932,0.4234508908270665
2.961,-0.0016721019046673717,-0.033811519721772945,0.42991484673839314
2.962,-0.0017056952508903778,-0.03337575161781103,0.43634699753347406
2.963,-0.0017388496246170586,-0.03293357262617616,0.4427557822602844
2.964,-0.0017715586226585902,-0.032484998861719405,0.4491491692893788
2.965,-0.0018038158542151746,-0.03203003894113772,0.45553461026993325
2.966,-0.0018356149336578068,-0.03156869453893328,0.46191899701114764
2.967,-0.001866949473886067,-0.031100960983777227,0.4683086213462125
2.968,-0.001897813080300694,-0.030626827892002703,0.474709138300398
2.969,-0.0019281993454263768,-0.03014627983485342,0.4811255326398323
2.97,-0.001958101844216752,-0.029659297035965156,0.48756208895679437
2.971,-0.0019875141300699896,-0.029165856095395088,0.4940223654548953
2.972,-0.0020164297315796316,-0.028665930736434062,0.5005091715055868
2.973,-0.002044842150041508,-0.028159492571304102,0.5070245491147901
2.974,-0.0020727448577336624,-0.027646511881830337,0.5135697583004766
2.975,-0.0021001312969822377,-0.027126958411059353,0.5201452665098247
2.976,-0.002126994880022271,-0.026600802161805995,0.5267507420521685
2.977,-0.002153328989658299,-0.026068014198105297,0.5333850515560492
2.978,-0.002179126980725639,-0.025528567445473303,0.5400462615296149
2.979,-0.002204382182349199,-0.024982437486053454,0.5467316438265728
2.98,-0.0022290879009926696,-0.02442960334460875,0.5534376851651808
2.981,-0.0022532374242870377,-0.023870048261505267,0.5601601004819966
2.982,-0.00227682402562348,-0.023303760448847376,0.5668938501258359
2.983,-0.002299840969491966,-0.022730733826078483,0.5736331607225986
2.984,-0.0023222815175432308,-0.022150968731452707,0.5803715496271883
2.985,-0.002344138935348257,-0.021564472605890807,0.5871018528521457
2.986,-0.0023654064998260282,-0.020971260645955794,0.5938162562399123
2.987,-0.002386077507307103,-0.020371356422811116,0.6005063297616309
2.988,-0.0024061452821975172,-0.019764792464169872,0.6071630647941736
2.989,-0.0024256031862046486,-0.01915161079652773,0.6137769140776571
2.99,-0.0024444446280840674,-0.01853186344512231,0.6203378342180551
2.991,-0.0024626630738639,-0.017905612889215494,0.6268353305793276
2.992,-0.002480252057501061,-0.017272932470723906,0.6332585041092834
2.993,-0.0024972051919217022,-0.016633906754203783,0.6395961001651521
2.994,-0.002513516180396503,-0.01598863183667532,0.6458365588061564
2.995,-0.002529178828199911,-0.01533721560583713,0.6519680665336659
2.996,-0.0025441870545011916,-0.014679777945555904,0.6579786091134031
2.997,-0.002558534904434181,-0.01401645088786519,0.6638560251324237
2.998,-0.0025722165612919222,-0.013347378710777421,0.6695880602481881
2.999,-0.0025852263587918616,-0.012672717981629859,0.6751624216760734
3.0,-0.0025975587933570903,-0.01199263754582886,0.680566832802366
3.001,-0.002609208536359217,-0.011307318461339056,0.6857890874039455
3.0020000000000002,-0.0026201704462687405,-0.010616953879168,0.6908171036315376
3.003,-0.0026304395806593535,-0.009921748870671175,0.6956389771098765
3.004,-0.002640011208013484,-0.009221920202626698,0.7002430330819647
3.005,-0.0026488808192774113,-0.008517696061216743,0.7046178773984383
3.0060000000000002,-0.0026570441391156373,-0.007809315726407391,0.7087524459818613
3.007,-0.0026644971368156973,-0.007097029198316836,0.7126360526947108
3.008,-0.0026712360367963997,-0.006381096777516573,0.716258435228285
3.009,-0.002677257328674432,-0.00566178860128416,0.7196097989690852
3.0100000000000002,-0.0026825577768464534,-0.004939384138118313,0.7226808585259668
3.011,-0.0026871344295461633,-0.00421417164294733,0.7254628768171932
3.012,-0.0026909846273383588,-0.0034864475756651862,0.727947701503952
3.013,-0.002694106011014718,-0.002756515985792761,0.730127798612164
3.0140000000000002,-0.002696496528858856,-0.002024687866105745,0.7319962833098034
3.015,-0.0026981544432512434,-0.0012912804784399007,0.7335469474373212
3.016,-0.0026990783365876147,-0.0005566166546059338,0.7347742841369319
3.017,-0.002699267116487726,0.00017897592414624244,0.7356735089888488
3.0180000000000002,-0.0026987200202746035,0.0009151654658920473,0.7362405779525367
3.019,-0.002697436618707788,0.001651616821588535,0.7364722018469881
3.02,-0.002695416818957468,0.002387992250045037,0.7363658574618387
3.021,-0.0026926608668098695,0.0031239521907638302,0.7359197951068437
3.0220000000000002,-0.0026891693480977155,0.003859156041252898,0.7351330427796176
3.023,-0.002684943189353037,0.004593262935337261,0.7340054068507664
3.024,-0.002679983657683067,0.005325932518985499,0.7325374692655706
3.025,-0.002674292359873401,0.006056825720257429,0.7307305813604715
3.0260000000000002,-0.002667871240725955,0.006785605510063869,0.7285868543780186
3.027,-0.002660722580642567,0.007511937650407311,0.7261091466477146
3.028,-0.0026528489924683585,0.008235491426923336,0.7233010476019012
3.029,-0.0026442534176120765,0.008955940362640384,0.7201668587174462
3.0300000000000002,-0.0026349391214637234,0.009672962909922242,0.7167115714255905
3.031,-0.0026249096881326623,0.01038624311782248,0.7129408422768526
3.032,-0.0026141690145321927,0.011095471272045104,0.7088609652941819
3.033,-0.002602721303839251,0.011800344504953071,0.7044788417928471
3.0340000000000003,-0.002590571058360358,0.012500567373285594,0.699801947880404
3.035,-0.002577723071837259,0.013195852401255816,0.6948382996274575
3.036,-0.0025641824212278724,0.013885920587020473,0.6895964162617422
3.037,-0.0025499544580001076,0.014570501870638405,0.6840852814883241
3.0380000000000003,-0.002535044798977883,0.01524933556185838,0.6783143031714577
3.039,-0.00251945931678027,0.015922170726217853,0.6722932715099349
3.04,-0.002503204129896036,0.01658876652824337,0.6660323160325528
3.041,-0.0024862855924370347,0.017248892530665902,0.6595418615160464
3.0420000000000003,-0.0024687102836148302,0.01790232894880252,0.6528325830771171
3.043,-0.0024504849969856995,0.018548866859477223,0.6459153606568788
3.044,-0.002431616729509648,0.01918830836410121,0.6388012331482074
3.045,-0.0024121126704693906,0.01982046670568929,0.6315013523129025
3.0460000000000003,-0.002391980190295328,0.020445166339837437,0.6240269367472345
3.047,-0.0023712268293424404,0.021062242959895564,0.6163892260998649
3.048,-0.002349860286664659,0.02167154347679621,0.6085994357710561
3.049,-0.0023278884088317304,0.02227292595417702,0.6006687122652907
3.0500000000000003,-0.0023053191788328566,0.022866259499629536,0.5926080893941075
3.051,-0.002282160705110425,0.023451424113174482,0.5844284456038195
3.052,-0.0022584212107660028,0.024028310494149795,0.5761404624955715
3.053,-0.0022341090229794545,0.024596819807940047,0.5677545847974172
3.0540000000000003,-0.002209232562680535,0.02515686341415476,0.5592809819592813
3.055,-0.002183800334510645,0.02570836255797046,0.5507295114718291
3.056,-0.002157820917110597,0.02625124802658372,0.5421096841547193
3.057,-0.0021313029537682786,0.02678545977279485,0.5334306314694582
3.0580000000000003,-0.0021042551434579653,0.027310946507910105,0.5247010750362685
3.059,-0.0020766862323008256,0.02782766526626104,0.5159292984589782
3.06,-0.0020486050054737727,0.028335580943763716,0.5071231215839191
3.061,-0.0020200202795913943,0.028834665812985057,0.49828987722943624
3.0620000000000003,-0.001990940895583115,0.029324899017370565,0.48943639058775573
3.063,-0.0019613757120851326,0.029806266047237177,0.48056896122386233
3.064,-0.0019313335993639902,0.030278758200254843,0.4716933478104597
3.065,-0.001900823433785894,0.030742372029229165,0.46281475568283703
3.0660000000000003,-0.001869854092843116,0.031197108779899636,0.4539378270978217
3.067,-0.0018384344507460062,0.03164297382166131,0.44506663442074246
3.068,-0.0018065733745863436,0.032079976073921566,0.4362046760026252
3.069,-0.0017742797210749286,0.032508127431000004,0.4273548749870307
3.0700000000000003,-0.0017415623338535296,0.03292744218827482,0.41851958079778523
3.071,-0.0017084300413785188,0.03333793647240599,0.4097005734718352
3.072,-0.0016748916553708058,0.03373962767827738,0.40089907061420804
3.073,-0.0016409559698240047,0.034132533915345646,0.3921157370472439
3.074,-0.0016066317605601533,0.034516673465960455,0.3833506970115999
3.075,-0.0015719277853197585,0.034892064258162256,0.37460354886896735
3.076,-0.0015368527843704907,0.035258723355372626,0.3658733822111704
3.077,-0.0015014154816165145,0.03561666646523002,0.3571587972070203
3.078,-0.0014656245861881694,0.03596590746984819,0.3484579262302707
3.079,-0.0014294887944895885,0.03630645797950251,0.33976845746547824
3.08,-0.0013930167926798464,0.03663832691171068,0.3310876604794301
3.081,-0.0013562172595613369,0.03696152009752784,0.32241241359781486
3.082,-0.001319098869847359,0.03727603991669078,0.31373923290015115
3.083,-0.0012816702977792897,0.03758188496316074,0.3050643027570814
3.084,-0.0012439402210622835,0.03787904974240759,0.29638350769089566
3.085,-0.0012059173250871808,0.03816752440160473,0.28769246539006565
3.086,-0.0011676103074051572,0.038447294493851904,0.2789865608374328
3.087,-0.0011290278824207145,0.03871834077720272,0.2702609811818101
3.088,-0.0010901787862678237,0.03898063904926142,0.2615107513761916
3.089,-0.0010510717818334075,0.03923416001786682,0.2527307703093923
3.09,-0.0010117156638919163,0.03947886920819102,0.2439158472487379
3.091,-0.0009721192643144687,0.03971472690649046,0.23506073851324233
3.092,-0.0009322914573159319,0.03994168814048093,0.22616018409261238
3.093,-0.0008922411647033783,0.04015970269622144,0.21720894414524597
3.094,-0.0008519773610895932,0.040368715171160516,0.20820183512747037
3.095,-0.0008115090790357085,0.04056866506287999,0.19913376544835742
3.096,-0.0007708454140875965,0.04075948689289261,0.1899997704640328
3.097,-0.0007299955296713812,0.04094111036468183,0.1807950466455588
3.098,-0.0006889686618142952,0.04111346055505537,0.1715149848081685
3.099,-0.0006477741236581314,0.04127645813770552,0.16215520221694948
3.1,-0.000606421309733699,0.041430019637747936,0.15271157345371858
3.101,-0.000564919699965996,0.04157405771587684,0.14318025990996483
3.102,-0.0005232788633812316,0.04170848148064395,0.1335577377749536
3.103,-0.0004815084614883842,0.04183319682725404,0.12384082440697328
3.104,-0.0004396182513096358,0.04194810680117035,0.11402670298866842
3.105,-0.00039761808803579277,0.04205311198470358,0.10411294534532786
3.106,-0.00035551792728465874,0.04214811090468807,0.09409753286088872
3.107,-0.00031332782694227834,0.04223300045924556,0.0839788753846263
3.108,-0.0002710579485689921,0.04230767636158427,0.07375582808142878
3.109,-0.00022871855835433473,0.04237203359870457,0.06342770614611738
3.11,-0.00018632002760696128,0.04242596690283507,0.05299429733775033
3.111,-0.00014387283276798293,0.04246937123337622,0.04245587228653874
3.112,-0.00010138755493833278,0.042502142267100564,0.03181319254786067
3.113,-5.887487891304433e-05,0.042524176894331814,0.02106751637575612
3.114,-1.6345591717607994e-05,0.04253537371881587,0.010220602209052661
3.115,2.6189419356139203e-05,0.042535633558989705,-0.0007252901373439593
3.116,6.87191692148482e-05,0.04252485994836648,-0.01176740056138829
3.117,0.00011123257792720057,0.042502959632770274,-0.022902472028224853
3.118,0.00015371847418188962,0.04246984306217991,-0.03412675616245291
3.119,0.00019616559923355258,0.04242542487498443,-0.04543602103391614
3.12,0.0002385626113279844,0.042369624372485606,-0.05682556110524304
3.121,0.00028089809059583803,0.04230236598155596,-0.06829020926392391
3.122,0.0003231605444019464,0.04222357970340758,-0.07982435089520068
3.123,0.00036533841313540056,0.0421332015465118,-0.09142193990681738
3.124,0.000407420076423595,0.04203117394178256,-0.10307651663475363
3.125,0.00044939385975160674,0.0419174461382225,-0.11478122754168073
3.126,0.000491248041466531,0.041791974577340886,-0.12652884659655406
3.1270000000000002,0.0005329708601447406,0.04165472324472817,-0.13831179826265694
3.128,0.0005745505222984903,0.04150566399730383,-0.1501221819568228
3.129,0.0006159752103968549,0.041344776864858344,-0.1619517978784292
3.13,0.0006572330911746619,0.041172050324615635,-0.17379217410290748
3.1310000000000002,0.0006983123242018927,0.04098748154770618,-0.18563459476944213
3.132,0.0007392010706849424,0.04079107661650197,-0.19747012931313515
3.133,0.0007798875024701812,0.040582850711964776,-0.2092896625263864
3.134,0.0008203598112194633,0.040362828270254995,-0.22108392536527993
3.1350000000000002,0.0008606062177265372,0.040131043107982545,-0.2328435263621676
3.136,0.0009006149813427754,0.03988753851563516,-0.24455898348877825
3.137,0.0009403744094802411,0.03963236731885277,-0.2562207563389001
3.138,0.0009798728671598488,0.03936559190735632,-0.26781927849005377
3.1390000000000002,0.0010190987865722463,0.0390872842314675,-0.2793449899172766
3.14,0.001058040676619069,0.03879752576632144,-0.2907883692895557
3.141,0.0010966871324023715,0.038496407443990605,-0.3021399660382181
3.142,0.001135026844630334,0.038184029553875766,-0.31339043205647726
3.1430000000000002,0.0011730486089077659,0.03786050161186317,-0.32453055288738
3.144,0.0012107413348804912,0.03752594219887229,-0.33555127827584114
3.145,0.0012480940552033872,0.037180478769550385,-0.3464437519528315
3.146,0.001285095934302676,0.03682424743199871,-0.3571993405229858
3.1470000000000002,0.0013217362769039939,0.036457392699512606,-0.36780966136157484
3.148,0.001358004536298818,0.036080067215456806,-0.37826660937720086
3.149,0.0013938903223230002,0.03569243145249271,-0.38856238254961595
3.15,0.0014293834090224403,0.035294653387507376,-0.3986895061053439
3.1510000000000002,0.0014644737419822907,0.03488690815362221,-0.408640855313937
3.152,0.0014991514452975577,0.03446937767083741,-0.41840967671049595
3.153,0.001533406828164533,0.03404225025690454,-0.4279896077240921
3.154,0.0015672303910741134,0.03360572022007946,-0.4373746946482561
3.1550000000000002,0.0016006128315897805,0.03315998743553049,-0.44655940882486683
3.156,0.0016335450496947985,0.03270525690720339,-0.4555386610251278
3.157,0.0016660181526950053,0.03224173831697699,-0.46430781399356363
3.158,0.0016980234596654827,0.03176964556308848,-0.4728626929990069
3.1590000000000003,0.0017295525054312956,0.031289196289677156,-0.48119959455100236
3.16,0.001760597044074464,0.03080061140952163,-0.4893152930175088
3.161,0.0017911490519613184,0.030304114621895622,-0.49720704533454124
3.162,0.0018212007302863865,0.02979993192758952,-0.504872593654938
3.1630000000000003,0.0018507445071309716,0.029288291143092546,-0.5123101660088251
3.164,0.001879773039036593,0.028769421415953702,-0.5195184749429114
3.165,0.0019082792120954707,0.028243552743330784,-0.5264967141517098
3.166,0.001936256142562203,0.02771091549564812,-0.5332445531967135
3.1670000000000003,0.001963697176992756,0.027171739947387457,-0.5397621301900616
3.168,0.0019905958919188074,0.02662625581683924,-0.5460500426715484
3.169,0.002016946093067362,0.02607469181672097,-0.552109336569045
3.17,0.0020427418141373923,0.025517275217452905,-0.5579414933811527
3.1710000000000003,0.0020679773151470494,0.02495423142486037,-0.563548415591463
3.172,0.002092647080366656,0.024385783573894853,-0.5689324105080055
3.173,0.0021167458158543673,0.02381215214009453,-0.5740961723676942
3.174,0.0021402684466129444,0.0232335545702198,-0.5790427630347655
3.1750000000000003,0.0021632101133875286,0.022650204933490334,-0.5837755912707008
3.176,0.0021855661691257047,0.022062313594804,-0.5882983906285358
3.177,0.0022073321751224315,0.021470086911146838,-0.5926151961544986
3.178,0.002228503896873589,0.020873726952312405,-0.5967303199786032
3.1790000000000003,0.00224907729966298,0.02027343124699796,-0.6006483258421672
3.18,0.00226904854390855,0.01966939255507298,-0.6043740028562407
3.181,0.0022884139802944806,0.019061798666975972,-0.6079123382856583
3.182,0.002307170144716527,0.018450832230758593,-0.6112684898589763
3.1830000000000003,0.0023253137530685674,0.017836670607404775,-0.6144477574357253
3.184,0.0023428416958988234,0.017219485754824817,-0.6174555542975193
3.185,0.002359751032964553,0.016599444140785066,-0.6202973781900823
3.186,0.002376038987714282,0.015976706685025776,-0.6229787821122886
3.1870000000000003,0.0023917029417266996,0.015351428730489256,-0.6255053452158412
3.188,0.0024067404291353528,0.014723760043678254,-0.6278826436720629
3.189,0.0024211491310681043,0.014093844843861328,-0.6301162218532332
3.19,0.002434926870130035,0.013461821860780796,-0.6322115638612517
3.1910000000000003,0.0024480716049580646,0.012827824420426978,-0.6341740655014353
3.192,0.002460581424875052,0.012191980558272277,-0.6360090068786495
3.193,0.0024724545446704635,0.011554413159246614,-0.6377215257215212
3.194,0.002483689299533929,0.0109152401236099,-0.6393165915623927
3.1950000000000003,0.0024942841401671485,0.010274574557858504,-0.6407989807810764
3.196,0.002504237628098586,0.009632524989502273,-0.6421732528416866
3.197,0.0025135484312242954,0.008989195604643476,-0.6434437275857645
3.198,0.0025222153195970103,0.008344686507050747,-0.6446144638571526
3.1990000000000003,0.002530237161484346,0.007699093997422656,-0.6456892394296119
3.2,0.0025376129197155857,0.007052510871420918,-0.6466715323660158
3.201,0.0025443416483350075,0.006405026734869303,-0.6475645039985422
3.202,0.002550422489578178,0.005756728334617834,-0.6483709833973622
3.203,0.0025558546711860145,0.00510769990336997,-0.6490934535627486
3.204,0.0025606375040697267,0.004458023516772338,-0.6497340393153683
3.205,0.002564770380338023,0.0038077794610072626,-0.6502944969524092
3.206,0.002568252771696138,0.0031570466090182284,-0.6507762057838652
3.207,0.0025710842282244293,0.0025059028035747215,-0.6511801614538011
3.208,0.0025732643775424114,0.0018544252452648421,-0.6515069711857554
3.209,0.002574792924362229,0.001202690883544532,-0.6517568508940574
3.21,0.002575669650433613,0.0005507768088316139,-0.6519296243213768
3.211,0.002575894414880479,-0.00010123935613407333,-0.6520247239305091
3.212,0.0025754671549274213,-0.0007532790676886969,-0.6520411938471184
3.213,0.00257438788701241,-0.00140526247726192,-0.6519776946450359
3.214,0.0025726567082801364,-0.00205710805390118,-0.6518325100233043
3.215,0.0025702737984485695,-0.002708732215154985,-0.6516035553315469
3.216,0.0025672394220394596,-0.003360048968132883,-0.6512883879099546
3.217,0.0025635539309617305,-0.004010969562509594,-0.6508842191921053
3.218,0.0025592177674349605,-0.0046614021571903495,-0.6503879285202926
3.219,0.002554231467238452,-0.005311251502316493,-0.649796078636613
3.22,0.002548595663269802,-0.0059604186381209765,-0.6491049326672389
3.221,0.002542311089395295,-0.0066088006122841,-0.6483104727726061
3.222,0.002535378584573001,-0.007256290217052196,-0.6474084200203979
3.223,0.002527799097228057,-0.007902775747616858,-0.6463942557833267
3.224,0.0025195736898583295,-0.008548140782878536,-0.6452632442210741
3.225,0.0025107035438474237,-0.009192263989867859,-0.6440104560543141
3.226,0.0025011899644609673,-0.009835018952703535,-0.6426307931766901
3.227,0.0024910343860010493,-0.010476274027219573,-0.6411190144287208
3.228,0.002480238377092862,-0.011115892221878957,-0.6394697619349435
3.229,0.0024688036460767983,-0.011753731105870085,-0.6376775883703117
3.23,0.002456732046478637,-0.01238964274479344,-0.6357369845824484
3.231,0.0024440255825299373,-0.013023473664515358,-0.6336424078126341
3.232,0.0024306864147103325,-0.013655064843481272,-0.6313883101788752
3.233,0.002416716865283186,-0.014284251733668069,-0.6289691673304371
3.234,0.002402119423795888,-0.014910864310334337,-0.6263795072599212
3.235,0.0023868967525161196,-0.015534727150358179,-0.6236139388686246
3.236,0.002371051691775446,-0.016155659539230056,-0.6206671806304408
3.237,0.0023545872651919222,-0.01677347560610155,-0.6175340885876419
3.238,0.0023375066847437184,-0.017387984486700325,-0.6142096842042691
3.239,0.002319813355666289,-0.017998990513406046,-0.6106891814586118
3.24,0.002301510881146234,-0.018606293431838197,-0.6069680132976649
3.241,0.002282603066785721,-0.01920968864322388,-0.6030418573504307
3.242,0.0022630939248122033,-0.019808967471520198,-0.5989066605876683
3.243,0.00224298767800919,-0.020403917454290727,-0.5945586629864187
3.244,0.002222288763344841,-0.020994322656264976,-0.5899944201159014
3.245,0.0022010018352763864,-0.02157996400426064,-0.5852108243793744
3.246,0.0021791317687096445,-0.022160619642170434,-0.5802051249622536
3.247,0.002156683661594328,-0.022736065304543453,-0.5749749462927639
3.248,0.0021336628371372572,-0.023306074707309336,-0.5695183050544332
3.249,0.002110074845617188,-0.023870419953987865,-0.5638336255204743
3.25,0.0020859254657865684,-0.024428871955754407,-0.5579197532634068
3.251,0.0020612207058472603,-0.02498120086361535,-0.5517759671068541
3.2520000000000002,0.0020359668039889953,-0.0255271765109173,-0.5454019892992665
3.253,0.0020101702284811536,-0.026066568864356366,-0.5387979938484955
3.254,0.0019838376773103246,-0.02659914848158355,-0.5319646129459537
3.255,0.0019569760773579755,-0.02712468697354247,-0.5249029415316329
3.2560000000000002,0.0019295925831144894,-0.02764295746957785,-0.5176145398874021
3.257,0.0019016945749277551,-0.0281537350833924,-0.5101014343128377
3.258,0.001873289656786462,-0.028656797377859956,-0.5023661158015371
3.259,0.0018443856536401832,-0.029151924826804503,-0.49441153683780775
3.2600000000000002,0.0018149906082602786,-0.029638901271762025,-0.48624110620012817
3.261,0.0017851127776475895,-0.030117514371807083,-0.4778586818538971
3.262,0.00175476062899477,-0.03058755604461608,-0.4692685620243346
3.263,0.0017239428352129997,-0.031048822896819137,-0.46047547430864355
3.2640000000000002,0.0016926682700346223,-0.03150111664194276,-0.45148456311630725
3.265,0.0016609460027050549,-0.031944244504099994,-0.44230137524919433
3.266,0.0016287852922790144,-0.03237801960580403,-0.43293184388088934
3.267,0.0015961955815377723,-0.0328022613382508,-0.42338227087636354
3.2680000000000002,0.0015631864905457115,-0.03321679571256404,-0.41365930762018344
3.269,0.001529767809865986,-0.033621455690483845,-0.4037699343230623
3.27,0.0014959494934564618,-0.034016081493226207,-0.39372143808053567
3.271,0.001461741651268458,-0.03440052088714872,-0.3835213895552309
3.2720000000000002,0.0014271545415720187,-0.03477462944511742,-0.37317761858102677
3.273,0.0013921985630325495,-0.0351382707825103,-0.3626981887039434
3.274,0.0013568842465646572,-0.035491316766888964,-0.3520913707640725
3.275,0.0013212222469899198,-0.03583364770054208,-0.34136561569708296
3.2760000000000002,0.0012852233345260744,-0.03616515247516645,-0.33052952660619145
3.277,0.0012488983861357605,-0.03648572869812917,-0.3195918302946796
3.278,0.0012122583767634491,-0.036795282789867614,-0.3085613483647556
3.279,0.00117531437048961,-0.037093730052048995,-0.2974469679434692
3.2800000000000002,0.0011380775116313926,-0.037380994706390426,-0.2862576123368298
3.281,0.0011005590158192447,-0.03765700990397938,-0.2750022115149881
3.282,0.001062770161078877,-0.037921717705242435,-0.2636896727766018
3.283,0.0010247222789478386,-0.038175069030740964,-0.2523288515919127
3.2840000000000003,0.0009864267456557087,-0.03841702358311227,-0.24092852277805438
3.285,0.0009478949733964929,-0.03864754974067075,-0.22949735220709144
3.286,0.0009091384017213006,-0.03886662442319848,-0.21804386904295756
3.287,0.0008701684890787094,-0.03907423293070712,-0.20657643878547496
3.2880000000000003,0.000830996704529454,-0.03927036875595595,-0.19510323709684685
3.289,0.0007916345196611675,-0.03945503337173591,-0.18363222466070794
3.29,0.0007520934007279028,-0.03962823599393776,-0.17217112305756527
3.291,0.0007123848010380237,-0.03978999332162609,-0.1607273918825767
3.2920000000000003,0.0006725201536128399,-0.03994032925537057,-0.14930820711543608
3.293,0.0006325108641370167,-0.04007927459523473,-0.13792044090524128
3.294,0.0005923683042203742,-0.04020686671987842,-0.1265706428156232
3.295,0.0005521038049891857,-0.040323149248315954,-0.1152650226199176
3.2960000000000003,0.0005117286510234899,-0.040428171685983116,-0.1040094347597474
3.297,0.00047125407465526607,-0.04052198905678971,-0.0928093644815611
3.298,0.00043069125064060693,-0.040604661522915426,-0.08166991573887497
3.299,0.0003900512912172344,-0.04067625399416389,-0.07059580091424812
3.3000000000000003,0.00034934524155687,-0.04073683572873117,-0.05959133240109407
3.301,0.0003085840756201107,-0.040786479927258444,-0.04866041605623042
3.302,0.0002677786924195549,-0.040825263322104746,-0.037806546594770805
3.303,0.00022693991269500164,-0.04085326576375457,-0.027032804897029788
3.3040000000000003,0.00018607847600261442,-0.04087056980630672,-0.016341857265285854
3.305,0.00014520503821800057,-0.04087726029397955,-0.005735956614230519
3.306,0.0001043301694512266,-0.04087342395056069,0.004783054411137417
3.307,6.346435236987089e-05,-0.04085914897371063,0.015213738409956283
3.3080000000000003,2.2617980924323228e-05,-0.04083452463599713,0.025555056325944302
3.309,-1.8198640532321198e-05,-0.04079964089450587,0.03580635870541172
3.31,-5.897529773924435e-05,-0.04075458801082184,0.04596737516543294
3.311,-9.97018666490049e-05,-0.04069945618312541,0.05603820212256397
3.3120000000000003,-0.00014036831318770495,-0.040634335192080207,0.06601928885074233
3.313,-0.00018096469266881926,-0.040559314062125734,0.07591142193176677
3.314,-0.0002214811488768501,-0.04047448073969918,0.08571570818978042
3.315,-0.0002619079128384602,-0.04037992178983994,0.09543355617819738
3.3160000000000003,-0.0003022353013001343,-0.04027572211252212,0.10506665633163445
3.317,-0.0003424537149327235,-0.040161964679974384,0.11461695986580911
3.318,-0.0003825536362844296,-0.04003873029613821,0.12408665653653965
3.319,-0.0004225256275048816,-0.03990609737930096,0.1334781513724874
3.3200000000000003,-0.00046236032786393526,-0.039764141768827366,0.14279404049457856
3.321,-0.0005020484510896989,-0.039612936556806755,0.15203708612757705
3.322,-0.0005415807825510307,-0.039452551945290806,0.16121019094996844
3.323,-0.0005809481763103722,-0.039283055129677655,0.17031637189852095
3.3240000000000003,-0.0006201415520732767,-0.03910451020867973,0.17935873354621534
3.325,-0.0006591518920613568,-0.03891697812116916,0.18834044119934942
3.326,-0.0006979702378356076,-0.038720516610069616,0.19726469383693113
3.327,-0.0007365876870971639,-0.03851518021333014,0.20613469702654336
3.3280000000000003,-0.0007749953904925186,-0.03830102028188239,0.21495363595094047
3.329,-0.0008131845484500629,-0.0380780850243513,0.22372464867638095
3.33,-0.0008511464080745212,-0.03784641957816525,0.23245079978591324
3.331,-0.0008888722601254257,-0.037606066106569774,0.24113505452169523
3.332,-0.0009263534361052224,-0.037357063920935844,0.2497802535461255
3.333,-0.0009635813054819371,-0.037099449627634076,0.25838908844243885
3.334,-0.0010005472730705135,-0.036833257298589384,0.2669640781152425
3.335,-0.0010372427765960397,-0.036558518664584226,0.27550754612613937
3.336,-0.001073659284461047,-0.03627526333020289,0.28402159915382624
3.337,-0.0011097882937379359,-0.03598351900924759,0.2925081066279731
3.338,-0.0011456213284063343,-0.035683311779305706,0.30096868169820273
3.339,-0.001181149937853887,-0.03537466635416241,0.30940466350599855
3.34,-0.0012163656956575342,-0.035057606372508994,0.3178171010306297
3.341,-0.0012512601986608488,-0.034732154701482276,0.32620673838896774
3.342,-0.0012858250663614224,-0.03439833375337368,0.334574001817133
3.343,-0.0013200519406206398,-0.034056165813845754,0.3429189883125104
3.344,-0.0013539324857064915,-0.03370567337994859,0.35124145598795004
3.345,-0.0013874583886783213,-0.03334687950613377,0.35954081623726125
3.346,-0.0014206213601206013,-0.03297980815645823,0.3678161277079043
3.347,-0.0014534131352310045,-0.03260448456114431,0.37606609211011954
3.348,-0.0014858254752662052,-0.03222093557563664,0.3842890518876429
3.349,-0.0015178501693469573,-0.031829190040277025,0.39248298976893603
3.35,-0.001549479036622134,-0.031429279138715197,0.4006455302006867
3.351,-0.0015807039287895391,-0.031021236753213048,0.40877394261987743
3.352,-0.0016115167329694587,-0.030605099814983102,0.4168651465869853
3.353,-0.0016419093749250621,-0.030180908647719513,0.42491571875908063
3.354,-0.0016718738226219883,-0.02974870730258733,0.43292190158666827
3.355,-0.0017014020901176524,-0.029308543882844,0.44087961384673485
3.356,-0.0017304862417691152,-0.028860470856484206,0.4487844627621835
3.357,-0.0017591183967466866,-0.028404545355214368,0.45663175782554044
3.358,-0.0017872907338388332,-0.027940829458226738,0.4644165261355257
3.359,-0.001814995496532438,-0.027469390459262787,0.47213352924368573
3.36,-0.0018422249983510075,-0.02699030111556913,0.47977728138651127
3.361,-0.0018689716284320686,-0.026503639877439995,0.48734206901576715
3.362,-0.00189522785732371,-0.026009491097074993,0.4948219715973432
3.363,-0.0019209862429790659,-0.02550794521570244,0.5022108834382334
3.364,-0.0019462394369264805,-0.024999098927908872,0.5095025365759631
3.365,-0.0019709801905921026,-0.02448305532225559,0.5166905245730161
3.366,-0.0019952013617508496,-0.023959923997458065,0.5237683270175314
3.367,-0.0020188959210809213,-0.023429821153383545,0.5307293347724639
3.368,-0.0020420569587964728,-0.022892869656399334,0.5375668756644942
3.369,-0.0020646776913325403,-0.022349199078585524,0.544274240663741
3.37,-0.0020867514680559637,-0.021798945710530756,0.5508447103242085
3.371,-0.0021082717779758423,-0.021242252547614894,0.5572715813040479
3.372,-0.0021292322564269296,-0.02067926924961742,0.5635481930550662
3.373,-0.002149626691699407,-0.020110152073847712,0.5696679542799478
3.374,-0.002169449031588641,-0.019535063781965938,0.5756243692270074
3.375,-0.0021886933898388103,-0.01895417352086595,0.5814110635929224
3.376,-0.002207354052454674,-0.018367656678039048,0.5870218100038892
3.3770000000000002,-0.002225425483856306,-0.01777569471207732,0.5924505528147023
3.378,-0.0022429023328522676,-0.017178474958993422,0.5976914322314018
3.379,-0.0022597794384074457,-0.01657619041514931,0.6027388076299878
3.38,-0.0022760518351826664,-0.015969039497792527,0.6075872798572333
3.3810000000000002,-0.002291714758824199,-0.015357225784212551,0.6122317125195877
3.382,-0.0023067636509823534,-0.01474095773065991,0.6166672521163504
3.383,-0.002321194164039532,-0.014120448372233006,0.6208893469631137
3.384,-0.0023350021655294227,-0.013495915005143895,0.6248937646839909
3.3850000000000002,-0.002348183742230367,-0.012867578852678497,0.6286766083998228
3.386,-0.0023607352039173774,-0.012235664716406702,0.6322343313360561
3.387,-0.00237265308675882,-0.0116004006141517,0.6355637499283042
3.388,-0.002383934156345311,-0.010962017406316004,0.6386620553210428
3.3890000000000002,-0.002394575410340072,-0.010320748412306647,0.6415268231103994
3.39,-0.002404574080741628,-0.009676829018659225,0.6441560215027327
3.391,-0.002413927635751479,-0.009030496280692921,0.6465480176165465
3.392,-0.0024226337812411187,-0.008381988519390402,0.6487015821066251
3.3930000000000002,-0.002430690461814562,-0.007731544915376708,0.6506158918946123
3.394,-0.0024380958614643325,-0.007079405101702989,0.6522905312123116
3.395,-0.0024448484038206366,-0.006425808757267361,0.6537254907983745
3.396,-0.0024509467519952585,-0.0057709952026808444,0.6549211652908381
3.3970000000000002,-0.0024563898080235107,-0.005115203000344976,0.655878348856806
3.398,-0.0024611767119092783,-0.004458669560417169,0.6565982291546099
3.399,-0.0024653068402799776,-0.0038016307545062538,0.6570823794362637
3.4,-0.002468779804659906,-0.003144320538625264,0.6573327491557428
3.4010000000000002,-0.002471595449372106,-0.0024869705871074094,0.6573516528503713
3.402,-0.0024737538490804713,-0.0018298099390403658,0.6571417574840769
3.403,-0.002475255305985338,-0.001173064658670923,0.6567060683471161
3.404,-0.0024761003466872585,-0.000516957511233511,0.6560479135012875
3.4050000000000002,-0.0024762897187350446,0.0001382923444554432,0.6551709268943279
3.406,-0.002475824386875472,0.0007924696453896238,0.6540790302348254
3.407,-0.002474705529023228,0.0014453632945856949,0.6527764137087219
3.408,-0.002472934531970827,0.0020967666110430867,0.6512675156303374
3.4090000000000003,-0.0024705129868592213,0.002746477558474236,0.649557001125735
3.41,-0.002467442684430744,0.0033942989519813948,0.6476497400064206
3.411,-0.002463725610086844,0.00404003864187426,0.6455507838376783
3.412,-0.0024593639387737454,0.0046835096740472796,0.643265342447944
3.4130000000000003,-0.0024543600297197744,0.005324530426328267,0.6407987598468932
3.414,-0.0024487164210485078,0.0059629247205016936,0.6381564898760509
3.415,-0.0024424358242923043,0.006598521909567723,0.6353440714034998
3.416,-0.0024355211188309476,0.007231156940250135,0.6323671035781285
3.4170000000000003,-0.0024279753462802716,0.00786067039054747,0.6292312208519806
3.418,-0.0024198017048556006,0.00848690848252881,0.6259420682468813
3.419,-0.002411003543734697,0.009109723070513368,0.6225052767498225
3.42,-0.0024015843574446655,0.009728971604944164,0.6189264390366052
3.4210000000000003,-0.0023915477802968718,0.010344517072443478,0.6152110856989228
3.422,-0.002380897580893455,0.01095622791252757,0.6113646619463607
3.423,-0.002369637656728406,0.011563977911691963,0.6073925050431008
3.424,-0.002357772028905473,0.012167646075605148,0.603299822482752
3.4250000000000003,-0.002345304836994339,0.012767116480289898,0.5990916710563764
3.426,-0.00233224033404559,0.013362278103281128,0.5947729369188532
3.427,-0.0023185828817839983,0.013953024635729398,0.5903483166215093
3.428,-0.002304336945998518,0.014539254276771852,0.5858222995016669
3.4290000000000003,-0.002289507092146224,0.015120869511177306,0.5811991510442899
3.43,-0.002274097981186143,0.015697776871776006,0.5764828978073773
3.431,-0.002258114365657603,0.016269886687888806,0.5716773135276227
3.432,-0.0022415610860163004,0.01683711282131933,0.5667859068275147
3.4330000000000003,-0.0022244430672398426,0.017399372391286076,0.5618119102772196
3.434,-0.0022067653157129947,0.017956585489933462,0.5567582711235588
3.435,-0.00218853291640133,0.01850867488988594,0.5516276434630288
3.436,-0.0021697510303203644,0.019055565745561866,0.54642238215852
3.4370000000000003,-0.002150424892305664,0.019597185289788138,0.5411445382769272
3.438,-0.00213055980908774,0.02013346252744002,0.535795856271385
3.439,-0.0021101611576739405,0.020664327927679138,0.5303777727194404
3.44,-0.00208923438403788,0.02118971311647792,0.5248914167626728
3.4410000000000003,-0.0020677850021152966,0.02170955057109902,0.5193376122114942
3.442,-0.0020458185931036014,0.022223773318083232,0.5137168811925024
3.443,-0.002023340805060769,0.022732314636434166,0.5080294494984692
3.444,-0.002000357352797641,0.023235107767471872,0.5022752533877429
3.4450000000000003,-0.0019768740180561655,0.023732085632962762,0.49645394800658427
3.446,-0.0019528966499646014,0.024223180562937853,0.49056491720274503
3.447,-0.0019284311657592492,0.024708324034680096,0.4846072848285665
3.448,-0.0019034835517608973,0.02518744642419711,0.4785799273433434
3.4490000000000003,-0.0018780598645928217,0.025660476771516904,0.47248148775702387
3.45,-0.001852166232625948,0.02612734256096471,0.4663103907139303
3.451,-0.0018258088576355795,0.026587969517643615,0.4600648588073096
3.452,-0.0017989940166530164,0.0270422814210895,0.4537429298387127
3.4530000000000003,-0.0017717280639943495,0.027490199937166015,0.44734247515497905
3.454,-0.001744017433447828,0.02793164446895703,0.440861218711064
3.455,-0.0017158686406003563,0.02836653202753751,0.43429675702910353
3.456,-0.001687288285282942,0.02879477712324617,0.42764657975389037
3.457,-0.0016582830541143152,0.029216291678016523,0.4209080907609923
3.458,-0.0016288597231214048,0.029630984959291926,0.41407862978781695
3.459,-0.0015990251604149459,0.030038763535816814,0.40715549433404585
3.46,-0.0015687863288981986,0.030439531255600137,0.400135961860727
3.461,-0.0015381502889865628,0.03083318924615212,0.39301731207089813
3.462,-0.001507124201315775,0.031219635937075958,0.3857968492719274
3.463,-0.0014757153294164154,0.03159876710486663,0.37847192456724954
3.464,-0.0014439310423325833,0.03197047593979473,0.37103995793082406
3.465,-0.0014117788171628344,0.032334653134524695,0.3634984599079032
3.466,-0.00137926624150183,0.03269118699410962,0.3558450529595721
3.467,-0.001346401015761594,0.03303996356682584,0.3480774922525984
3.468,-0.0013131909553518357,0.03338086679526545,0.3401936858647005
3.469,-0.001279643992699429,0.03371377868699015,0.33219171428227845
3.47,-0.0012457681790879096,0.034038579503918774,0.3240698490584766
3.471,-0.0012115716862986725,0.034355147969613704,0.3158265706369987
3.472,-0.0011770628080364685,0.034663361493485194,0.3074605851803994
3.473,-0.0011422499611228203,0.034963096410847896,0.2989708403257821
3.474,-0.001107141686442039,0.03525422823775628,0.29035653986710264
3.475,-0.00107174664962568,0.03553663193940104,0.28161715720519626
3.476,-0.0010360736414624966,0.0358101822108332,0.27275244756449607
3.477,-0.0010001315780221978,0.03607475376874138,0.26376245893117295
3.478,-0.0009639295004826643,0.03633022165288691,0.2546475415843154
3.479,-0.0009274765746516366,0.03657646153584566,0.24540835628149515
3.48,-0.0008907820901752871,0.03681335003962806,0.23604588100776894
3.481,-0.0008538554594275389,0.03704076505769737,0.22656141624022952
3.482,-0.0008167062160754473,0.03725858608095668,0.21695658878867313
3.483,-0.0007793440133174359,0.03746669452618737,0.20723335410957353
3.484,-0.0007417786217926825,0.037664974065447464,0.1973939971321207
3.485,-0.000704019927161432,0.03785331095495095,0.18744113160614528
3.486,-0.0006660779273574999,0.038031594361941375,0.17737769796249944
3.487,-0.0006279627295157108,0.03819971668808076,0.16720695969533986
3.488,-0.0005896845465784771,0.038357573887911674,0.15693249830586084
3.489,-0.0005512536935871485,0.03850506578097813,0.14655820683397947
3.49,-0.0005126805836651753,0.038642096356204345,0.13608828199027792
3.491,-0.00047397572370148076,0.03876857406721555,0.12552721498031552
3.492,-0.00043514970974376557,0.038884412117273115,0.1148797809992734
3.493,-0.00039621322211273117,0.038989528732608504,0.10415102752248165
3.494,-0.0003571770202494261,0.039083847422953295,0.0933462613931524
3.495,-0.0003180519373090646,0.03916729722816163,0.08247103481642917
3.496,-0.00027884887451575587,0.039239812949862805,0.07153113029416938
3.497,-0.00023957879529359558,0.03930133536717069,0.06053254459495678
3.498,-0.0002002527191905082,0.039351811435552594,0.0494814718333644
3.499,-0.00016088171561208804,0.03939119446803655,0.03838428573511774
3.5,-0.00012147689738345959,0.03941944429802998,0.02724752118380678
3.501,-8.204941415787179e-05,0.03943652742309173,0.016077855115608858
3.5020000000000002,-4.2610445691339304e-05,0.03944241712911431,0.004882086881513559
3.503,-3.171195003152639e-06,0.03943709359444533,-0.006332881855289948
3.504,3.625711855750313e-05,0.03942054397358135,-0.017560067579130978
3.505,7.566326631825857e-05,0.03939276246015608,-0.028792425651813995
3.5060000000000002,0.00011503601734280868,0.03935375032904456,-0.04002287121192613
3.507,0.00015436414552177794,0.03930351595749841,-0.05124430015063365
3.508,0.00019363643667424197,0.0392420748253223,-0.06244961006874153
3.509,0.00023284169563900456,0.039169449494197414,-0.07363172111944362
3.5100000000000002,0.0002719687533348787,0.03908566956634834,-0.08478359664651074
3.511,0.0003110064737694672,0.03899077162284722,-0.09589826351971226
3.512,0.0003499437609762712,0.038884799141931756,-0.1069688320864737
3.513,0.00038876956586038163,0.038767802397809054,-0.11798851564276437
3.5140000000000002,0.00042747289293351226,0.0386398383404865,-0.12895064935681622
3.515,0.00046604280691973113,0.038500970457277274,-0.13984870853529033
3.516,0.0005044684392139168,0.038351268616682206,-0.15067632618339136
3.517,0.000542738994175713,0.03819080889543319,-0.16142730977198458
3.5180000000000002,0.0005808437552425752,0.038019673389554705,-0.1720956571417664
3.519,0.0006187720908463885,0.037837950010362664,-0.1826755714827317
3.52,0.0006565134601190855,0.03764573226637758,-0.1931614753314694
3.521,0.0006940574183737065,0.037443119032200815,-0.20354802351311688
3.5220000000000002,0.0007313936223483912,0.03723021430540521,-0.21383011503232907
3.523,0.0007685118352019084,0.037007126952616175,-0.22400290377596188
3.524,0.0008054019312504849,0.03677397044592402,-0.23406180807946514
3.525,0.0008420539004368634,0.0365308625908238,-0.24400251909129006
3.5260000000000002,0.0008784578525237475,0.03627792524693551,-0.2538210078791992
3.527,0.0009146040210050334,0.03601528404274412,-0.26351353129918603
3.528,0.0009504827667294795,0.03574306808562485,-0.27307663659599013
3.529,0.0009860845812327441,0.0354614096684357,-0.2825071647203401
3.5300000000000002,0.0010214000897749936,0.03517044397395197,-0.2918022523724184
3.531,0.0010564200540825657,0.03487030877842696,-0.3009593327598839
3.532,0.0010911353747934493,0.0345611441555501,-0.3099761350862207
3.533,0.0011255370936076037,0.034243092182051856,-0.3188506827917467
3.5340000000000003,0.0011596163951443747,0.03391629664618927,-0.3275812905619007
3.535,0.001193364608510512,0.03358090276034406,-0.33616656010399754
3.536,0.0012267732085834667,0.03323705687888588,-0.3446053747789204
3.537,0.0012598338170158143,0.03288490622245611,-0.35289689307656724
3.5380000000000003,0.001292538202967784,0.03252459860979407,-0.361040540972693
3.539,0.001324878283575945,0.032156282198134496,-0.36903600326597263
3.54,0.001356846124167132,0.03178010523319586,-0.37688321389527357
3.541,0.0013884339382276832,0.031396215809732064,-0.38458234528925006
3.5420000000000003,0.001419634087138983,0.031004761643509505,-0.3921337968643165
3.543,0.0014504390796911636,0.03060588985557279,-0.39953818265816166
3.544,0.0014808415713876211,0.03019974676954373,-0.40679631823057594
3.545,0.001510834363553742,0.02978647772267322,-0.41390920684588794
3.5460000000000003,0.001540410402263899,0.02936622689127727,-0.4208780250327676
3.547,0.0015695627771013633,0.028939137131084973,-0.427704107625655
3.548,0.0015982847197663075,0.02850534983302261,-0.43438893228137737
3.549,0.001626569602547498,0.028065004794782897,-0.440934103664163
3.5500000000000003,0.001654410936673667,0.02761824010857577,-0.44734133722785885
3.551,0.0016818023705608403,0.027165192065272847,-0.4536124428048489
3.552,0.0017087376879720737,0.026705995075068968,-0.4597493080785085
3.553,0.0017352108061062092,0.026240781604843173,-0.4657538818667362
3.5540000000000003,0.0017612157736323203,0.025769682132182954,-0.4716281574639715
3.555,0.0017867467686864629,0.025292825115977923,-0.4773741560805221
3.556,0.0018117980968472497,0.024810336983483013,-0.4829939103820463
3.557,0.0018363641891065944,0.024322342133616497,-0.4884894482770689
3.5580000000000003,0.0018604395998517078,0.023828962956195732,-0.4938627770064032
3.559,0.0018840190048741048,0.023330319866751614,-0.49911586759729676
3.56,0.0019070971994209517,0.022826531356441134,-0.504250639809586
3.561,0.0019296690963036477,0.022317714056642048,-0.5092689474903553
3.5620000000000003,0.0019517297240779863,0.021803982817575163,-0.5141725646074208
3.563,0.001973274225309629,0.021285450800363214,-0.5189631718651442
3.564,0.0019942978549379836,0.020762229581838737,-0.5236423440182558
3.565,0.0020147959787508505,0.020234429271348043,-0.5282115379440119
3.5660000000000003,0.0020347640719814426,0.019702158638756746,-0.5326720815124549
3.567,0.002054197718038559,0.01916552525283507,-0.5370251632808267
3.568,0.00207309260737986,0.018624635629147852,-0.5412718230680702
3.569,0.002091444536537241,0.018079595386455777,-0.5454129435340096
3.5700000000000003,0.002109249407302408,0.017530509410792258,-0.5494492425774281
3.571,0.0021265032260797895,0.016977482026152575,-0.5533812668216643
3.572,0.0021432021034129066,0.01642061717081395,-0.5572093860710672
3.573,0.002159342253689329,0.015860018578274727,-0.5609337887833261
3.5740000000000003,0.0021749199950283015,0.015295789961754392,-0.5645544786042151
3.575,0.002189931749354101,0.014728035201242056,-0.5680712719098419
3.576,0.0022043740426571064,0.014156858531979823,-0.5714837964729098
3.577,0.0022182435054435446,0.013582364733411827,-0.5747914910828942
3.5780000000000003,0.0022315368733738083,0.013004659317485321,-0.5779936062956543
3.579,0.0022442509880882242,0.012423848715332447,-0.5810892061387514
3.58,0.002256382798218094,0.011840040461237395,-0.5840771709258955
3.581,0.002267929360578826,0.011253343372933673,-0.5869562010114201
3.5820000000000003,0.002278887841541011,0.010663867727280653,-0.5897248214966954
3.583,0.0022892555185743146,0.010071725430307366,-0.5923813879544876
3.584,0.002299029781958109,0.009477030180738338,-0.5949240930254114
3.585,0.002308208136651909,0.00887989762613803,-0.5973509738769474
3.586,0.0023167882043177743,0.00828044551079216,-0.5996599205460925
3.587,0.002324767725486057,0.007678793814575725,-0.6018486850189957
3.588,0.0023321445618550646,0.0070750648819900685,-0.6039148911362054
3.589,0.0023389166987144976,0.006469383540733729,-0.6058560451143752
3.59,0.0023450822474818615,0.005861877209140539,-0.6076695467394465
3.591,0.002350639448340412,0.005252675991860035,-0.6093527011801692
3.592,0.002355586672966628,0.004641912763281605,-0.6109027312881478
3.593,0.002359922427334699,0.004029723238181713,-0.6123167904219327
3.594,0.0023636453545850785,0.0034162460292440095,-0.6135919756040984
3.595,0.0023667542379437736,0.0028016226910410292,-0.6147253410973753
3.596,0.002369248003678694,0.0021859977502033403,-0.6157139122405769
3.597,0.0023711257240791586,0.0015695187215772732,-0.6165546994773795
3.598,0.002372386620444444,0.0009523361101729644,-0.6172447125838951
3.599,0.002373030066067139,0.00033460339883101384,-0.6177809749553846
3.6,0.002373055589197017,-0.00028352297841004805,-0.6181605379066784
3.601,0.002372462875971136,-0.0009018836772190336,-0.6183804949421808
3.602,0.002371251773295944,-0.001520316498074377,-0.6184379959456562
3.603,0.002369422291667303,-0.0021386564553411867,-0.618330261133737
3.604,0.0023669746079145455,-0.0027567358601415714,-0.6180545948333501
3.605,0.002363909067854936,-0.003374384416708083,-0.6176083989357256
3.606,0.002360226188845242,-0.0039914293318464925,-0.6169891859716419
3.607,0.0023559266622174614,-0.004607695437183988,-0.6161945918681845
3.608,0.0023510113555862315,-0.005223005323615452,-0.6152223880915688
3.609,0.0023454813150159157,-0.005837179487537879,-0.6140704934002038
3.61,0.0023393377670359,-0.006450036488253156,-0.6127369849552294
3.611,0.002332582120493236,-0.007061393115926198,-0.6112201088209582
3.612,0.0023252159682323934,-0.007671064569468,-0.6095182898328737
3.613,0.002317241088592575,-0.008278864643590376,-0.6076301407004584
3.614,0.00230865944671376,-0.00888460592436239,-0.6055544704494207
3.615,0.002299473195643393,-0.009488099992430166,-0.6032902920080511
3.616,0.002289684677236451,-0.0100891576331223,-0.6008368290235282
3.617,0.00227929642284241,-0.010687589052606469,-0.598193521837417
3.618,0.0022683111537734942,-0.011283204099255394,-0.5953600326192933
3.619,0.002256731781549446,-0.011875812489314762,-0.5923362495864074
3.62,0.0022445614079149474,-0.012465224036012076,-0.5891222903676242
3.621,0.0022318033246267344,-0.013051248881150722,-0.5857185044017148
3.622,0.002218461013008309,-0.01363369772838741,-0.582125474550037
3.623,0.0022045381432711096,-0.01421238207713458,-0.5783440176238109
3.624,0.0021900385736019013,-0.0147871144562947,-0.5743751841472263
3.625,0.0021749663490170422,-0.01535770865685488,-0.5702202571284959
3.626,0.0021593256999852214,-0.015923979962435105,-0.5658807499325915
3.6270000000000002,0.002143121040821115,-0.01648574537697036,-0.5613584033421095
3.628,0.0021263569678533272,-0.01704282384855913,-0.5566551816351423
3.629,0.00210903825737082,-0.01759503648869221,-0.5517732678966093
3.63,0.002091169863352887,-0.01814220678602098,-0.5467150584814016
3.6310000000000002,0.002072756914988542,-0.018684160813833305,-0.5414831566472533
3.632,0.002053804713991959,-0.01922072743053589,-0.536080365499267
3.633,0.00203431873172139,-0.01975173847229128,-0.5305096800664347
3.634,0.00201430460610968,-0.02027702893723918,-0.524774278837275
3.6350000000000002,0.0019937681384151773,-0.020796437160553717,-0.5188775145265736
3.636,0.0019727152898024935,-0.02130980497973754,-0.5128229042598164
3.637,0.0019511521777631556,-0.021816977889593487,-0.5066141192006175
3.638,0.0019290850723867306,-0.022317805186354966,-0.5002549736631011
3.6390000000000002,0.0019065203924935204,-0.02281214010046143,-0.49374941371075104
3.64,0.0018834647016403754,-0.023299839917579272,-0.4871015053668976
3.641,0.001859924704011566,-0.02378076608750088,-0.48031542245998693
3.642,0.0018359072402069929,-0.024254784320593973,-0.4733954341447195
3.6430000000000002,0.001811419282940326,-0.024721764671519753,-0.4663458921458874
3.644,0.0017864679326598837,-0.025181581610051677,-0.4591712178448308
3.645,0.001761060413105246,-0.025634114078804202,-0.45187588917196764
3.646,0.0017352040668127146,-0.02607924553781319,-0.4444644274544107
3.6470000000000002,0.0017089063505828076,-0.0265168639958949,-0.4369413841877031
3.648,0.0016821748309229613,-0.026946862028863292,-0.4293113279027469
3.649,0.0016550171794785901,-0.02736913678459875,-0.42157883101561555
3.65,0.0016274411684655333,-0.02778358997518395,-0.41374845691625456
3.6510000000000002,0.001599454666116738,-0.02819012785627876,-0.40582474722235967
3.652,0.0015710656321558535,-0.028588661193911652,-0.3978122092119553
3.653,0.0015422821133100945,-0.028979105219103005,-0.38971530369481155
3.654,0.0015131122388744329,-0.029361379570572353,-0.3815384331173794
3.6550000000000002,0.0014835642163387947,-0.029735408225972572,-0.37328593013148953
3.656,0.0014536463270895163,-0.030101119422101197,-0.3649620466118561
3.657,0.0014233669221958376,-0.030458445564567477,-0.3565709431551777
3.658,0.0013927344182917047,-0.030807323127460182,-0.34811667913048194
3.6590000000000003,0.0013617572935625882,-0.031147692543596436,-0.33960320331264726
3.66,0.0013304440838464184,-0.03147949808597785,-0.3310343451464573
3.661,0.0012988033788571274,-0.031802687741070756,-0.3224138066260727
3.662,0.0012668438185385908,-0.032117213074655135,-0.3137451549319063
3.6630000000000003,0.0012345740895560837,-0.03242302909088956,-0.3050318157039002
3.664,0.0012020029219316263,-0.03272009408539641,-0.2962770671357122
3.665,0.001169139085828851,-0.0330083694930684,-0.28748403475800083
3.666,0.0011359913884922382,-0.03328781973144724,-0.27865568708859
3.6670000000000003,0.0011025686713447894,-0.03355841204040773,-0.2697948320027651
3.668,0.0010688798072473968,-0.03382011631900027,-0.26090411396954954
3.669,0.001034933697922354,-0.03407290496025502,-0.2519860120851577
3.67,0.0010007392715426291,-0.034316752684777824,-0.2430428389397114
3.6710000000000003,0.0009663054804876997,-0.03455163637395815,-0.23407674030302583
3.672,0.0009316412992659234,-0.03477753490361447,-0.22508969563630732
3.673,0.0008967557226025918,-0.034994428978907005,-0.21608351943436463
3.674,0.0008616577636920203,-0.035202300971285475,-0.20705986332898235
3.6750000000000003,0.0008263564526112072,-0.03540113475832528,-0.19802021905515327
3.676,0.0007908608348918171,-0.03559091556717816,-0.18896592212957772
3.677,0.0007551799702464752,-0.03577162982242788,-0.17989815632753822
3.678,0.0007193229314446169,-0.03594326499906084,-0.17081795886096424
3.6790000000000003,0.000683298803332409,-0.03610580948128579,-0.16172622629392416
3.68,0.0006471166819905753,-0.03625925242784946,-0.1526237210958479
3.681,0.0006107856740232878,-0.0364035836445254,-0.14351107887616446
3.682,0.0005743148959706674,-0.036538793464357185,-0.13438881619002999
3.6830000000000003,0.0005377134738368385,-0.03666487263625288,-0.12525733894350588
3.684,0.000500990542724938,-0.03678181222243627,-0.11611695129502587
3.685,0.00046415524656996893,-0.03688960350526252,-0.106967865065604
3.686,0.0004272167379599159,-0.03698823790383722,-0.09781020958109822
3.6870000000000003,0.00039018417803513185,-0.037077706900822814,-0.08864404189372763
3.688,0.0003530667364556271,-0.03715800197979443,-0.07946935736393022
3.689,0.00031587359142556926,-0.0372291145734365,-0.07028610052672397
3.69,0.0002786139297640358,-0.037291036022820315,-0.06109417619385898
3.6910000000000003,0.00024129694701083838,-0.03734375754796414,-0.05189346075425917
3.692,0.0002039318475560717,-0.03738727022981265,-0.042683813605081694
3.693,0.00016652784478192809,-0.03742156500371949,-0.033465088661962496
3.694,0.00012909416120526074,-0.0374466326644642,-0.0242371458957566
3.6950000000000003,9.164002860937225e-05,-0.037462463882787025,-0.014999862848579243
3.696,5.417468815355533e-05,-0.03746904923335778,-0.005753146059765491
3.697,1.6707390449016415e-05,-0.03746637923405283,0.003503057637732729
3.698,-2.0752604410029876e-05,-0.03745444439635354,0.012768750013075281
3.6990000000000003,-5.819602687109783e-05,-0.03743323528663261,0.022043870571154794
3.7,-9.56135980147406e-05,-0.037402742598039704,0.031328285979670384
3.701,-0.00013299602972286143,-0.0373629572326492,0.04062177983772858
3.702,-0.0001703340249340943,-0.03731387039348607,0.04992404283268121
3.7030000000000003,-0.00020761827799591176,-0.037255473685994245,0.059234663337232055
3.704,-0.0002448394751226662,-0.03718775922847748,0.0685531184795757
3.705,-0.0002819882949682685,-0.037110719770981467,0.07787876575038971
3.706,-0.0003190554093216721,-0.03702434882207225,0.08721083515569232
3.7070000000000003,-0.00035603148393275236,-0.036928640782902825,0.09654842198396925
3.708,-0.00039290717947555216,-0.036823591087936786,0.1058904802060249
3.709,-0.000429673152655221,-0.03670919635167048,0.11523581653600556
3.71,-0.0004663200574642937,-0.03658545452065421,0.12458308519563024
3.7110000000000003,-0.0005028385465932482,-0.03645236503009311,0.13393078339944617
3.712,-0.0005392192729995514,-0.036309928964289355,0.14327724758000707
3.713,-0.0005754528916386478,-0.03615814922015602,0.1526206503858568
3.714,-0.0006115300613595769,-0.035997030673028306,0.16195899845382725
3.715,-0.000647441446967124,-0.03582658034399175,0.17129013096232043
3.716,-0.0006831777214516079,-0.035646807567900805,0.18061171901574788
3.717,-0.0007187295683866038,-0.035457724161302696,0.18992126580955218
3.718,-0.0007540876844941057,-0.03525934458946226,0.19921610760173133
3.719,-0.0007892427823758146,-0.03505168613166711,0.2084934155065869
3.72,-0.0008241855934084403,-0.03483476904401596,0.21775019808303248
3.721,-0.0008589068708001047,-0.03460861671890866,0.22698330470311343
3.722,-0.0008933973928041572,-0.0343732558404472,0.23618942971228093
3.723,-0.0009276479660859327,-0.03412871653499049,0.2453651173435231
3.724,-0.000961649429237236,-0.03387503251611889,0.2545067673743818
3.725,-0.0009953926564326026,-0.033612241223285856,0.26361064150477387
3.726,-0.0010288685612206755,-0.03334038395346267,0.2726728704261046
3.727,-0.0010620681004433596,-0.033059505985107256,0.28168946155721314
3.728,-0.0010949822782747676,-0.03276965669383416,0.2906563073988462
3.729,-0.0011276021503713507,-0.03247088965917147,0.29956919450196245
3.73,-0.001159918828124031,-0.032163262761852045,0.30842381298269617
3.731,-0.001191923483002608,-0.03184683827112334,0.3172157665497343
3.732,-0.001223607350982222,-0.03152168292158678,0.32594058301877116
3.733,-0.0012549617370411893,-0.03118786797914773,0.3345937252388637
3.734,-0.0012859780197191182,-0.030845469295657586,0.34317060243807396
3.735,-0.0013166476557238587,-0.030494567351969253,0.351666581833964
3.736,-0.0013469621845755163,-0.030135247289037038,0.3600770006232506
3.737,-0.001376913233275509,-0.029767598926920116,0.3683971780888226
3.738,-0.0014064925209884161,-0.029391716771388236,0.3766224280262495
3.739,-0.0014356918637242356,-0.02900770000813088,0.3847480711373585
3.74,-0.0014645031790085472,-0.028615652484377516,0.39276944763846133
3.741,-0.001492918490528022,-0.028215682677967084,0.4006819298054618
3.742,-0.0015209299327387411,-0.0278079036538931,0.408480934496145
3.743,-0.001548529755424834,-0.027392433008391878,0.41616193560062875
3.744,-0.0015757103281950557,-0.026969392800718174,0.42372047634027526
3.745,-0.0016024641449050945,-0.026538909472811352,0.4311521813584555
3.746,-0.0016287838279936252,-0.026101113757098473,0.43845276856111776
3.747,-0.00165466213272037,-0.025656140572683922,0.4456180607077472
3.748,-0.0016800919512947837,-0.0252041289103684,0.4526439965404651
3.749,-0.0017050663168843329,-0.024745221706789104,0.4595266416380802
3.75,-0.001729578407491743,-0.024279565708172385,0.466262198757463
3.751,-0.001753621549691077,-0.023807311324197996,0.47284701767716075
3.7520000000000002,-0.0017771892222129962,-0.02332861247245973,0.47927760455749746
3.753,-0.001800275059370116,-0.022843626414131134,0.4855506306795822
3.754,-0.0018228728543139496,-0.022352513581428368,0.4916629405951688
3.755,-0.001844976562115541,-0.02185543739747142,0.49761155967405035
3.7560000000000002,-0.0018665803026625845,-0.021352564089321624,0.5033937008561882
3.757,-0.0018876783633664717,-0.020844062494754116,0.509006770868628
3.758,-0.0019082652016734472,-0.020330103863618713,0.5144483755573931
3.759,-0.0019283354473747809,-0.019810861654459756,0.5197163245700992
3.7600000000000002,-0.0019478839047116336,-0.019286511327203847,0.5248086352138489
3.761,-0.001966905554271057,-0.018757230132674347,0.5297235355607157
3.762,-0.0019853955546703652,-0.018223196899746927,0.5344594667329193
3.763,-0.0020033492440279174,-0.01768459182094673,0.5390150843892665
3.7640000000000002,-0.002020762141219158,-0.01714159623728638,0.5433892594124353
3.765,-0.0020376299469175526,-0.016594392423155455,0.5475810777844041
3.766,-0.0020539485444208963,-0.0160431633720968,0.5515898396242402
3.767,-0.0020697140002642585,-0.015488092584233499,0.5554150574693639
3.7680000000000002,-0.0020849225646216198,-0.014929363856154078,0.5590564537441537
3.769,-0.0020995706714990532,-0.014367161074046132,0.5625139574406299
3.77,-0.0021136549387230693,-0.013801668010822402,0.5657877000594213
3.771,-0.0021271721677284926,-0.013233068127990827,0.5688780107980513
3.7720000000000002,-0.0021401193431509584,-0.012661544382963737,0.5717854110497416
3.773,-0.0021524936322298367,-0.012087279042534106,0.5745106081704999
3.774,-0.0021642923840280684,-0.011510453503168384,0.5770544886048093
3.775,-0.0021755131284760185,-0.010931248118696908,0.5794181104363119
3.7760000000000002,-0.002186153575247086,-0.01034984203607143,0.5816026952595712
3.777,-0.0021962116124733637,-0.00976641303967443,0.583609619586415
3.778,-0.002205685305310201,-0.009181137404747845,0.5854404056745143
3.779,-0.002214572894358966,-0.008594189760348429,0.5870967119656149
3.7800000000000002,-0.0022228727939578104,-0.008005742962334311,0.5885803230079251
3.781,-0.0022305835903505887,-0.007415967976671627,0.5898931391120549
3.782,-0.0022377040397444543,-0.006825033773444535,0.5910371656120957
3.783,-0.002244233066266977,-0.006233107231862614,0.5920145018426726
3.7840000000000003,-0.0022501697598338553,-0.005640353056425199,0.5928273299687645
3.785,-0.0022555133739384976,-0.005046933704482765,0.5934779035662037
3.786,-0.0022602633233749126,-0.004453009325277789,0.5939685361362826
3.787,-0.002264419181905419,-0.003858737710541205,0.5943015895432077
3.7880000000000003,-0.0022679806798847567,-0.0032642742566922484,0.5944794624066684
3.789,-0.0022709477018521412,-0.002669771938535963,0.5945045786150387
3.79,-0.0022733202841027597,-0.002075381294450705,0.59437937583506
3.791,-0.0022750986122500668,-0.0014812504228245422,0.5941062942868216
3.7920000000000003,-0.002276283018790083,-0.0008875249896271694,0.5936877656170977
3.793,-0.00227687398067869,-0.00029434824686582677,0.5931262020393449
3.794,-0.0022768721169326117,0.00029813893847678574,0.5924239858890895
3.795,-0.002276278186264459,0.0008897980452174828,0.5915834593523945
3.7960000000000003,-0.0022750930847618847,0.001480492848948084,0.5906069147130614
3.797,-0.002273317843620429,0.002070089363635798,0.5894965850148773
3.798,-0.0022709536269392033,0.002658455774301241,0.588254635180334
3.799,-0.002268001729588079,0.003245462361285079,0.5868831536457231
3.8000000000000003,-0.0022644635751544913,0.0038309814167045743,0.5853841446059123
3.801,-0.0022603407139773885,0.004414887153643975,0.583759520796559
3.802,-0.002255634821275278,0.0049970556087248815,0.5820110969332035
3.803,-0.0022503476953746678,0.00557736453868065,0.580140583771187
3.8040000000000003,-0.002244481256044546,0.0061556933116430875,0.5781495828824517
3.805,-0.0022380375429418447,0.006731922793827791,0.576039582115696
3.806,-0.0022310187141721485,0.0073059352322985775,0.5738119517366747
3.807,-0.0022234270449691612,0.007877614134608238,0.5714679413773187
3.8080000000000003,-0.0022152649264957193,0.008446844146009613,0.5690086776674913
3.809,-0.0022065348647683997,0.009013510924983797,0.5664351626199002
3.81,-0.0021972394797069913,0.00957750101791243,0.5637482728492782
3.811,-0.0021873815043093633,0.010138701733551189,0.5609487594311224
3.8120000000000003,-0.0021769637839515023,0.010697001018143724,0.5580372486194894
3.813,-0.0021659892758117286,0.011252287331886194,0.5550142432601273
3.814,-0.0021544610484173807,0.01180444952745973,0.551880124923216
3.815,-0.0021423822813114806,0.012353376731464189,0.5486351568806263
3.8160000000000003,-0.002129756264836229,0.01289895822927647,0.5452794875747515
3.817,-0.00211658640002944,0.013441083354230549,0.5418131550245617
3.818,-0.0021028761986293496,0.01397964138164725,0.5382360917192198
3.819,-0.0020886292831826052,0.014514521428378535,0.5345481301940179
3.8200000000000003,-0.0020738493872495883,0.01504561235853789,0.5307490092768069
3.821,-0.002058540355700645,0.015572802695910532,0.5268383808106932
3.822,-0.0020427061450962315,0.016095980543658777,0.5228158170058043
3.823,-0.0020263508241434606,0.016615033511773587,0.5186808182244911
3.8240000000000003,-0.0020094785742210343,0.01712984865280221,0.5144328213059556
3.825,-0.001992093689964132,0.01764031240618112,0.5100712081993141
3.826,-0.001974200579900404,0.018146310551655175,0.5055953150946324
3.827,-0.001955803767127848,0.01864772817205268,0.501004441801085
3.8280000000000003,-0.0019369078900250674,0.019144449625739624,0.49629786145587657
3.829,-0.0019175177029841252,0.01963635852893922,0.4914748304050166
3.83,-0.0018976380771560035,0.02012333774818791,0.4865345983651002
3.831,-0.0018772740011985067,0.020605269402982986,0.4814764186178196
3.8320000000000003,-0.0018564305820163434,0.021082034878766937,0.47629955836082405
3.833,-0.0018351130454830574,0.0215535148502439,0.47100330903790066
3.834,-0.0018133267371344668,0.022019589315048077,0.4655869966931504
3.835,-0.0017910771228233085,0.022480137637671406,0.46004999222081977
3.8360000000000003,-0.001768369789324883,0.022935038603543633,0.45439172150808005
3.837,-0.0017452104448836365,0.023384170483098293,0.4486116754054217
3.838,-0.0017216049196908064,0.02382741110559662,0.4427094194635611
3.839,-0.0016975591662834947,0.024264637942469906,0.43668460343029014
3.84,-0.0016730792598558342,0.024695728199825656,0.4305369703813448
3.841,-0.0016481713984732422,0.025120558919794804,0.4242663655327758
3.842,-0.0016228419031811248,0.025539007090320035,0.4178727446453641
3.843,-0.001597097217999821,0.025950949762928555,0.41135618196751467
3.844,-0.0015709439097980563,0.026356264177987126,0.4047168776719724
3.845,-0.0015443886680376407,0.02675482789699735,0.39795516485686716
3.846,-0.0015174383043827073,0.027146518941277953,0.39107151587196004
3.847,-0.0014900997521673472,0.02753121593653579,0.3840665481641323
3.848,-0.001462380065716091,0.02790879826266193,0.3769410294410639
3.849,-0.0014342864195123137,0.028279146208141755,0.3696958822309138
3.85,-0.0014058261072102893,0.02864214112840907,0.3623321877654196
3.851,-0.0013770065404872898,0.028997665607462572,0.35485118918089487
3.852,-0.0013478352477328105,0.02934560362205895,0.3472542940330739
3.853,-0.0013183198725727045,0.029685840707767593,0.33954307609414064
3.854,-0.0012884681722267245,0.03001826412616267,0.3317192764248412
3.855,-0.0012582880156986817,0.030342763032462645,0.32378480376015223
3.856,-0.0012277873817991617,0.030659228642845662,0.3157417341149458
3.857,-0.001196974357001456,0.03096755440076125,0.30759230972004364
3.858,-0.001165857133132095,0.031267636141487594,0.2993389371994978
3.859,-0.0011344440048980742,0.0315593722542461,0.2909841850665366
3.86,-0.0011027433672535696,0.03184266384117274,0.2825307805171997
3.861,-0.0010707637126096399,0.03211741487243683,0.27398160551377404
3.862,-0.0010385136278910755,0.03238353233688489,0.2653396922547493
3.863,-0.0010060017914452068,0.03264092638753862,0.25660821796792005
3.864,-0.0009732369698081229,0.03288951048132811,0.2477904990905302
3.865,-0.0009402280143343612,0.033129201512475295,0.2388899848670694
3.866,-0.0009069838576966907,0.03335991993896843,0.22991025039022112
3.867,-0.0008735135102631631,0.033581589901601136,0.22085498911822513
3.868,-0.0008398260563591209,0.033794139335064456,0.21172800488206137
3.869,-0.0008059306504223229,0.03399750007065885,0.20253320346704484
3.87,-0.0007718365130597807,0.034191607930198764,0.19327458376691034
3.871,-0.0007375529270153,0.03437640281073095,0.1839562285639106
3.872,-0.0007030892330570719,0.03455182875974654,0.1745822949943365
3.873,-0.0006684548257949682,0.03471783404058598,0.16515700471423236
3.874,-0.0006336591494374534,0.034874371187820705,0.15568463385763137
3.875,-0.0005987116934982572,0.03502139705237126,0.14616950275096005
3.876,-0.0005636219884631095,0.03515887283627222,0.13661596555314937
3.8770000000000002,-0.0005283996014269638,0.035286764116941635,0.1270283997468511
3.878,-0.0004930541317122135,0.03540504086093058,0.11741119561728619
3.879,-0.00045759520647842603,0.03551367742713572,0.10776874571382758
3.88,-0.00042203247633410045,0.035612652559535427,0.0981054343796263
3.8810000000000002,-0.00038637561096087835,0.03570194936953931,0.08842562737331261
3.882,-0.00035063429476051965,0.03578155530809416,0.07873366163873582
3.883,-0.0003148182225347912,0.03585146212773611,0.06903383526863974
3.884,-0.00027893709520819955,0.03591166583482734,0.059330397711053265
3.8850000000000002,-0.0002430006156032415,0.035962166632259235,0.049627540261429445
3.886,-0.0002070184842775477,0.03600296885293367,0.039929386869128405
3.887,-0.00017100039543195021,0.03603408088440001,0.03023998532759886
3.888,-0.00013495603289811998,0.036055515085042525,0.020563298860474106
3.8890000000000002,-9.889506621400022e-05,0.03606728769226054,0.010903198154475822
3.89,-6.28271467948052e-05,0.0360694187231152,0.0012634538689691428
3.891,-2.676190420686034e-05,0.03606193186795338,-0.008352270340687362
3.892,9.291057448960758e-06,0.036044854377541964,-0.017940424264563125
3.8930000000000002,4.532216303799717e-05,0.03601821694427805,-0.027497577011101428
3.894,8.132186977113126e-05,0.03598205357806504,-0.03702042228791843
3.895,0.00011728067045766079,0.03593640147746447,-0.04650578307105127
3.896,0.00015318909662730094,0.035881300896747785,-0.05595061564866858
3.8970000000000002,0.0001890377215175436,0.035816795009500094,-0.06535201301023348
3.898,0.0002248171629232477,0.035742929769420416,-0.07470720759203316
3.899,0.00026051808590599554,0.035659753768993024,-0.08401357334518002
3.9,0.0002961312053614174,0.03556731809669251,-0.09326862714225115
3.9010000000000002,0.00033164728844335624,0.03546567619339796,-0.10247002950742139
3.902,0.0003670571568444171,0.03535488370868877,-0.11161558467419808
3.903,0.0004023516889331163,0.03523499835768698,-0.12070323997923818
3.904,0.00043752182174850254,0.03510607977910155,-0.12973108460141927
3.9050000000000002,0.0004725585528537837,0.034968189395134276,-0.13869734764081879
3.906,0.0005074529420511313,0.0348213902738748,-0.14760039557340926
3.907,0.0005421961129604598,0.03466574699479883,-0.15643872909270648
3.908,0.0005767792544655884,0.03450132551798065,-0.16521097934048143
3.9090000000000003,0.0006111936220317803,0.034328193057584326,-0.17391590357767536
3.91,0.0006454305388992188,0.03414641796019709,-0.18255238029148046
3.911,0.0006794813971575128,0.03395606958850747,-0.19111940380592018
3.912,0.0007133376587068336,0.03375721821084509,-0.19961607837345688
3.9130000000000003,0.0007469908561117648,0.033549934897028164,-0.2080416118278174
3.914,0.0007804325933543868,0.0333342914209445,-0.2163953088122701
3.915,0.0008136545464935237,0.033110360170261456,-0.22467656361531912
3.916,0.0008466484642374526,0.03287821406361063,-0.23288485266533435
3.9170000000000003,0.0008794061684377039,0.03263792647555662,-0.2410197267188269
3.918,0.000911919554511875,0.03238957116963026,-0.24908080277105601
3.919,0.0009441805918036266,0.03213322223964179,-0.2570677557572278
3.92,0.0009761813238882331,0.03186895405945949,-0.26498031007048983
3.9210000000000003,0.0010079138688322234,0.031596841241399456,-0.27281823093811536
3.922,0.0010393704194157714,0.03131695860332511,-0.2805813157032041
3.923,0.001070543243326558,0.03102938114449174,-0.28826938507701616
3.924,0.0011014246833338619,0.030734184030152743,-0.2958822743758968
3.9250000000000003,0.001132007157451621,0.030431442584902504,-0.30341982478725965
3.926,0.0011622831590991402,0.0301212322946339,-0.31088187476675855
3.927,0.0011922452572680183,0.029803628817029217,-0.3182682515117306
3.928,0.001221886096703722,0.029478708000381,-0.325578762650724
3.9290000000000003,0.0012511983981100376,0.029146545910543085,-0.3328131881311545
3.93,0.0012801749583844031,0.028807218865768425,-0.3399712723547888
3.931,0.001308808650891858,0.028460803479125857,-0.347052716627072
3.932,0.0013370924257850188,0.028107376708173117,-0.354057171930006
3.9330000000000003,0.0013650193103771561,0.027747015911513993,-0.3609842320718939
3.934,0.0013925824095750645,0.027379798911865316,-0.36783342721121537
3.935,0.0014197749063779921,0.02700580406514984,-0.3746042178752356
3.936,0.001446590062448467,0.0266251103352325,-0.38129598935007886
3.9370000000000003,0.0014730212187603585,0.026237797373710525,-0.38790804668183326
3.938,0.001499061796329025,0.025843945604328972,-0.3944396100881194
3.939,0.0015247052970278855,0.02544363631146824,-0.40088981093714776
3.94,0.0015499453044951744,0.025036951732077675,-0.4072576883584845
3.9410000000000003,0.0015747754851341074,0.024623975150602388,-0.413542186289037
3.942,0.001599189589209079,0.024204790996188705,-0.41974215126117564
3.943,0.001623181452039942,0.02377948494168218,-0.4258563306516693
3.944,0.0016467449952958053,0.023348144003733536,-0.43188337163735463
3.9450000000000003,0.0016698742283891782,0.022910856643429945,-0.43782182072113063
3.946,0.0016925632499706752,0.022467712866847022,-0.44367012386595683
3.947,0.00171480624952389,0.022018804324888168,-0.4494266272647448
3.948,0.0017365975090594273,0.021564224411815745,-0.45508957870175293
3.9490000000000003,0.0017579314049064752,0.02110406836185525,-0.4606571295355332
3.95,0.0017788024095997108,0.020638433343308983,-0.46612733723963334
3.951,0.0017992050938587395,0.02016741854956689,-0.4714981685610159
3.952,0.001819134128656685,0.019691125286445215,-0.47676750324305767
3.9530000000000003,0.0018385842873740144,0.019209657055363077,-0.48193313823105954
3.954,0.0018575504480331168,0.018723119631727656,-0.48699279252156835
3.955,0.0018760275956086492,0.01823162113812507,-0.49194411239081626
3.956,0.001894010824408186,0.01773527211177916,-0.4967846771766382
3.9570000000000003,0.0019114953405172154,0.017234185565828807,-0.501512005499399
3.958,0.0019284764643021008,0.016728477044016754,-0.5061235618869313
3.959,0.0019449496329642239,0.016218264668400265,-0.5106167637875434
3.96,0.0019609104031381355,0.0157036691796894,-0.5149889889780059
3.9610000000000003,0.001976354453526211,0.015184813969944706,-0.5192375832271112
3.962,0.0019912775875620035,0.014661825107297638,-0.523359868303987
3.963,0.002005675736094197,0.014134831352461229,-0.5273531502077469
3.964,0.0020195449600828577,0.013603964166825628,-0.5312147276009951
3.9650000000000003,0.0020328814532994694,0.013069357711952835,-0.534941900427147
3.966,0.0020456815450220983,0.0125311488403448,-0.5385319786479033
3.967,0.0020579417027169096,0.011989477077395866,-0.5419822910666175
3.968,0.0020696585346971904,0.011444484594450695,-0.5452901942298624
3.969,0.002080828792751002,0.010896316173006508,-0.5484530812785706
3.97,0.0020914493747285962,0.010345119160041171,-0.5514683908244669
3.971,0.002101517327080774,0.009791043414555816,-0.5543336157265423
3.972,0.002111029847339461,0.009234241245459114,-0.5570463117377078
3.973,0.002119984286531896,0.00867486734089791,-0.5596041060492412
3.974,0.002128378151520007,0.00811307868928097,-0.5620047055741841
3.975,0.002136209107256748,0.00754903449215762,-0.5642459050787629
3.976,0.0021434749789514267,0.00698289606928807,-0.5663255949587488
3.977,0.0021501737541362973,0.00641482675610176,-0.568241768835189
3.978,0.0021563035846270525,0.005844991793976035,-0.5699925306929217
3.979,0.0021618627883701618,0.005273558213636174,-0.5715761017335143
3.98,0.00216684985117038,0.004700694712060023,-0.5729908268353127
3.981,0.002171263428292178,0.004126571523368231,-0.5742351805237522
3.982,0.0021751023459292518,0.0035513602840649924,-0.5753077725891209
3.983,0.0021783656025367395,0.002975233893161353,-0.576207353154526
3.984,0.0021810523700212543,0.002398366367640674,-0.5769328172931558
3.985,0.0021831619947843372,0.001820932693790022,-0.5774832091145798
3.986,0.0021846939986154387,0.0012431086748771942,-0.5778577253763906
3.987,0.0021856480794310903,0.000665070775802619,-0.5780557184513186
3.988,0.0021860241118574616,8.699596517686972e-05,-0.5780766988627809
3.989,0.0021858221476540656,-0.0004909384445237552,-0.577920337146126
3.99,0.0021850424159769195,-0.0010685549582399856,-0.577586465245142
3.991,0.002183685323480049,-0.0016456760604194847,-0.577075077260919
3.992,0.002181751454254791,-0.0022221243773786667,-0.5763863296765924
3.993,0.0021792415696069304,-0.0027977228393266463,-0.575520540963831
3.994,0.0021761566076722496,-0.003372294841557563,-0.5744781907078811
3.995,0.002172497682871662,-0.003945664404156602,-0.5732599180608018
3.996,0.002168266085207631,-0.004517656329752474,-0.5718665197476921
3.997,0.0021634632794041435,-0.005088096358727267,-0.5702989474697815
3.998,0.0021580909038930035,-0.005656811321390853,-0.5685583048256103
3.999,0.002152150769649771,-0.006223629286577603,-0.566645843684007
4.0,0.0021456448588831304,-0.006788379706222875,-0.5645629601249577
4.001,0.002138575323581984,-0.007350893555395008,-0.5623111898471278
4.002,0.002130944483924996,-0.007911003467379746,-0.5598922031851615
4.003,0.002122754826557773,-0.008468543863381365,-0.5573077996867629
4.0040000000000004,0.0021140090027432393,-0.009023351076450824,-0.5545599023051098
4.005,0.002104709826391198,-0.009575263469233108,-0.5516505511811266
4.006,0.0020948602719733796,-0.010124121545264512,-0.5485818971704429
4.007,0.002084463472330608,-0.010669768053472244,-0.5453561950136175
4.008,0.0020735227163790272,-0.011212048085580592,-0.5419757962166182
4.009,0.0020620414467225766,-0.011750809166223716,-0.5384431417402519
4.01,0.0020500232571791215,-0.01228590133554127,-0.5347607544625618
4.011,0.002037471890227855,-0.012817177224063182,-0.530931231450858
4.0120000000000005,0.0020243912343857243,-0.013344492119776154,-0.526957236134499
4.013,0.0020107853215207854,-0.01386770402722442,-0.5228414903254531
4.014,0.0019966583241104365,-0.01438667371864012,-0.5185867662488007
4.015,0.0019820145524525657,-0.014901264777002132,-0.5141958784611205
4.016,0.001966858451837649,-0.015411343631067897,-0.5096716758288609
4.017,0.0019511945996898141,-0.015916779582408457,-0.5050170335340232
4.018,0.0019350277026848343,-0.01641744482450605,-0.5002348451423414
4.019,0.001918362593852926,-0.01691321445404066,-0.49532801480417654
4.0200000000000005,0.0019012042296740939,-0.017403966474493816,-0.49029944958327765
4.021,0.0018835576871736206,-0.017889581792238884,-0.4851520519588717
4.022,0.0018654281610251083,-0.018369944205333028,-0.4798887125470843
4.023,0.001846820960668244,-0.018844940385248726,-0.4745123030620436
4.024,0.0018277415074482418,-0.019314459851775847,-0.46902566950718466
4.025,0.0018081953317836106,-0.019778394941427906,-0.4634316257103415
4.026,0.001788188070368607,-0.020236640769649535,-0.45773294715131757
4.027,0.0017677254634163853,-0.020689095187174638,-0.45193236514448887
4.0280000000000005,0.0017468133519485398,-0.02113565873085839,-0.4460325613414774
4.029,0.0017254576751363272,-0.021576234569443853,-0.44003616270849427
4.03,0.0017036644676984704,-0.02201072844459919,-0.433945736825907
4.031,0.001681439857360049,-0.022439048607670212,-0.42776378764471246
4.032,0.0016587900623765404,-0.022861105752584196,-0.42149275167688166
4.033,0.0016357213891266275,-0.0232768129453734,-0.4151349946574567
4.034,0.001612240229776961,-0.02368608555070608,-0.40869280858627455
4.035,0.0015883530600215865,-0.024088841155975396,-0.4021684093368672
4.0360000000000005,0.0015640664368982773,-0.02448499949336324,-0.39556393466761264
4.037,0.0015393869966835447,-0.02487448236037542,-0.3888814427385674
4.038,0.0015143214528676235,-0.025257213539315298,-0.38212291109165797
4.039,0.0014888765942102499,-0.025633118716179987,-0.37529023611696727
4.04,0.001463059282877578,-0.02600212539944563,-0.36838523298364584
4.041,0.0014368764526601092,-0.02636416283921638,-0.3614096360463976
4.042,0.001410335107271041,-0.026719161947190706,-0.354365099703461
4.043,0.0013834423187239929,-0.027067055217904822,-0.3472531997151694
4.0440000000000005,0.0013562052257886092,-0.027407776651690453,-0.3400754349574342
4.045,0.0013286310325221237,-0.027741261679763762,-0.3328332295902647
4.046,0.001300727006874535,-0.02806744709186845,-0.3255279356500704
4.047,0.0012725004793646398,-0.028386270966885885,-0.3181608360537695
4.048,0.0012439588418237898,-0.028697672606745425,-0.3107331479282432
4.049,0.001215109546203884,-0.02900159247401078,-0.3032460263206726
4.05,0.001185960103445733,-0.029297972133514677,-0.2957005682802572
4.051,0.0011565180824036332,-0.02958675419828492,-0.28809781717035116
4.0520000000000005,0.0011267911088216815,-0.029867882280103883,-0.28043876733365863
4.053,0.0010967868643570846,-0.03014130094494115,-0.27272436898597624
4.054,0.0010665130856454767,-0.03040695567348336,-0.2649555333334858
4.055,0.0010359775634030263,-0.030664792827003337,-0.2571331379340283
4.056,0.0010051881415599267,-0.030914759618712376,-0.2492580321922801
4.057,0.0009741527164197026,-0.031156804090761037,-0.24133104302346842
4.058,0.000942879235838616,-0.03139087509702573,-0.23335298065118817
4.059,0.0009113756984193605,-0.03161692229174251,-0.2253246444595236
4.0600000000000005,0.0008796501527131556,-0.03183489612406543,-0.21724682892479383
4.061,0.0008477106964242962,-0.03204474783859367,-0.20912032958792282
4.062,0.0008155654756112021,-0.03224642948184744,-0.20094594900094048
4.063,0.0007832226838780274,-0.032439893914673085,-0.19272450265446084
4.064,0.0007506905615509228,-0.032625094830537424,-0.18445682486311815
4.065,0.0007179773948331225,-0.032801986779593464,-0.1761437745256732
4.066,0.0006850915149331263,-0.03297052519843387,-0.16778624080559584
4.067,0.0006520412971603694,-0.03313066644537438,-0.15938514864615644
4.0680000000000005,0.0006188351599829375,-0.0332823678410971,-0.15094146411490408
4.069,0.0005854815640420572,-0.033425587714472654,-0.1424561995661676
4.07,0.0005519890111182993,-0.0335602854533327,-0.1339304185704358
4.071,0.0005183660430446657,-0.03368642155995166,-0.12536524060178086
4.072,0.00048462124056198485,-0.03380395771097304,-0.11676184545847725
4.073,0.000450763222112314,-0.03391285682149428,-0.10812147739557837
4.074,0.0004168006425663387,-0.03401308311301542,-0.09944544896213625
4.075,0.0003827421918810794,-0.03410460218490581,-0.0907351444876905
4.0760000000000005,0.0003485965936845453,-0.03418738108907311,-0.08199202325649525
4.077,0.0003143726037843185,-0.03426138840746604,-0.073217622307514
4.078,0.00028007900859741594,-0.034326594332048155,-0.06441355887301421
4.079,0.00024572462349914934,-0.03438297074686434,-0.055581532436935595
4.08,0.00021131829108908293,-0.034430491311811424,-0.04672332640413701
4.081,0.00017686887937258655,-0.034469131547714416,-0.03784080936990881
4.082,0.00014238527985687335,-0.0344988689223155,-0.028935935997572146
4.083,0.00010787640556081969,-0.034519682936758736,-0.020010747476326234
4.0840000000000005,7.335118893826916e-05,-0.034531555212172674,-0.011067371583589284
4.085,3.8818579714930086e-05,-0.03453446957593804,-0.0021080223327944844
4.086,4.287542639382616e-06,-0.03452841214723715,0.006865000781142531
4.087,-3.0232944850884366e-05,-0.03451337142148114,0.015849313940332753
4.088,-6.473389504708634e-05,-0.03448933835321841,0.024842450558353015
4.089,-9.920631246869287e-05,-0.03445630643713456,0.033841863223737285
4.09,-0.00013364119644281548,-0.03441427178676269,0.042844926023879695
4.091,-0.00016802954376095837,-0.0343632332105325,0.051848937239612765
4.0920000000000005,-0.00020236235141029343,-0.03430319228480161,0.06085112239485963
4.093,-0.00023663061937626896,-0.034234153423522616,0.06984863765214652
4.094,-0.00027082535351302244,-0.034156123944214176,0.07883857353818931
4.095,-0.0003049375684777496,-0.034069114129929357,0.08781795897404565
4.096,-0.00033895829072487613,-0.0339731372869205,0.09678376560570544
4.097,-0.00037287856155559244,-0.0338682097977243,0.10573291240845098
4.098,-0.0004066894402180487,-0.03375435116941973,0.11466227053605238
4.099,-0.00044038200705325844,-0.03363158407680923,0.12356866842005976
4.1,-0.000473947366681537,-0.03349993440032555,0.13244889706139942
4.101,-0.0005073766512241048,-0.03335943125847106,0.14129971551534448
4.102,-0.0005406610235543053,-0.03321010703462232,0.15011785654105486
4.103,-0.0005737916805727289,-0.03305199739805173,0.1589000323976867
4.104,-0.0006067598565004153,-0.03288514131907107,0.167642940730628
4.105,-0.0006395568261842044,-0.03270958107819212,0.17634327056394475
4.106,-0.0006721739084082178,-0.03252536226923621,0.1849977083573163
4.107,-0.0007046024692054117,-0.03233253379636704,0.19360294408462844
4.108,-0.0007368339251631107,-0.032131147865023454,0.2021556773362256
4.109,-0.0007688597467164359,-0.03192125996677237,0.21065262339650706
4.11,-0.000800671461423563,-0.03170292885811235,0.21909051929047949
4.111,-0.000832260657216799,-0.0314762165333013,0.2274661297526437
4.112,-0.0008636189856235445,-0.031241188191292006,0.23577625311159964
4.113,-0.0008947381649513042,-0.030997912196883144,0.24401772706463534
4.114,-0.00092560998343104,-0.03074646003623917,0.2521874342946773
4.115,-0.0009562263023133037,-0.03048690626691735,0.2602823079508778
4.116,-0.0009865790589117616,-0.030219328462605062,0.2682993369194573
4.117,-0.0010166602695889143,-0.02994380715275913,0.27623557090459405
4.118,-0.001046462032679033,-0.029660425757372474,0.28408812528048694
4.119,-0.0010759765313435531,-0.02936927051710597,0.29185418570468247
4.12,-0.0011051960363544393,-0.029070430419072795,0.29953101243928787
4.121,-0.001134112908801292,-0.028763997118512772,0.307115944440097
4.122,-0.0011627196027182436,-0.02845006485667147,0.3146064031227416
4.123,-0.0011910086676270143,-0.02812873037521113,0.3219998958014213
4.124,-0.001218972750992799,-0.0278000928274329,0.32929401885286347
4.125,-0.001246604600589974,-0.02746425368666671,0.3364864605158577
4.126,-0.0012738970667749614,-0.02712131665216411,0.34357500335843194
4.127,-0.0013008431046639345,-0.02677138755285433,0.3505575263818942
4.128,-0.0013274357762133849,-0.026414574249285026,0.357432006807618
4.1290000000000004,-0.001353668252201947,-0.02605098653415653,0.3641965214459458
4.13,-0.0013795338141122239,-0.025680736031765333,0.3708492477594067
4.131,-0.0014050258559117326,-0.025303936096759932,0.37738846451324515
4.132,-0.001430137885732442,-0.024920701712541675,0.3838125521011721
4.133,-0.001454863527448746,-0.0245311493897001,0.3901199924752429
4.134,-0.001479196522154082,-0.02413539706483467,0.3963093687281969
4.135,-0.0015031307295367473,-0.023733564000101053,0.40237936433854726
4.136,-0.0015266601291558323,-0.023325770683861054,0.4083287620324503
4.1370000000000005,-0.0015497788216185225,-0.022912138732747205,0.4141564423416781
4.138,-0.0015724810296603676,-0.02249279079549465,0.4198613818041765
4.139,-0.0015947610991304292,-0.02206785045884427,0.42544265086593835
4.14,-0.001616613499883545,-0.021637442155840427,0.430899411457045
4.141,-0.0016380328265822339,-0.021201691076793466,0.4362309143031069
4.142,-0.0016590137994110794,-0.020760723083241162,0.441436495895632
4.143,-0.0016795512647066687,-0.020314664625084206,0.4465155753036809
4.144,-0.0016996401955064247,-0.019863642661209525,0.4514676506564265
4.1450000000000005,-0.0017192756920199322,-0.01940778458383238,0.4562922954044706
4.146,-0.0017384529820265563,-0.01894721814672733,0.4609891544160977
4.147,-0.0017571674212033448,-0.018482071397541273,0.46555793987758926
4.148,-0.0017754144933873918,-0.01801247261439254,0.4699984269887368
4.149,-0.0017931898107770058,-0.01753855024686683,0.47431044955683865
4.15,-0.0018104891140761517,-0.017060432861554467,0.47849389544203
4.151,-0.001827308272586747,-0.01657824909221898,0.4825487019183578
4.152,-0.0018436432842534871,-0.01609212759467476,0.48647485095776793
4.1530000000000005,-0.0018594902756659457,-0.01560219700645515,0.49027236443231853
4.154,-0.0018748455020227374,-0.015108585911268546,0.4939412993271381
4.155,-0.0018897053470625525,-0.014611422808284038,0.49748174290666536
4.156,-0.0019040663229668627,-0.014110836086189696,0.5008938079480674
4.157,-0.0019179250702390856,-0.01360695400205468,0.5041776279337247
4.158,-0.0019312783575649447,-0.013099904664864888,0.5073333523909414
4.159,-0.0019441230816586782,-0.012589816023690506,0.5103611422628531
4.16,-0.0019564562670996723,-0.012076815860379373,0.5132611653928318
4.1610000000000005,-0.0019682750661639743,-0.011561031786633121,0.5160335921548321
4.162,-0.001979576758654995,-0.011042591245324656,0.518678591224759
4.163,-0.0019903587517375782,-0.010521621515925204,0.521196325482664
4.164,-0.002000618579779419,-0.00999824972379725,0.5235869481697965
4.165,-0.0020103539042035995,-0.009472602853159087,0.5258505992339367
4.166,-0.0020195625133558573,-0.00894480776358778,0.5279874018024757
4.167,-0.0020282423223899194,-0.00841499120968924,0.5299974590508979
4.168,-0.0020363913731739967,-0.00788327986376091,0.5318808512238994
4.1690000000000005,-0.002044007834221295,-0.007349800341188748,0.5336376329252869
4.17,-0.0020510900006471184,-0.0068146792282607884,0.5352678307304226
4.171,-0.0020576362941548423,-0.006278043112117852,0.536771441073844
4.172,-0.002063645263052753,-0.005740018612564618,0.5381484284138328
4.173,-0.0020691155823034375,-0.005200732415385611,0.5393987237601784
4.174,-0.0020740460536070983,-0.004660311306908205,0.5405222234494392
4.175,-0.002078435605519858,-0.004118882209446926,0.5415187882976142
4.176,-0.002082283293607772,-0.003576572217310985,0.5423882430650058
4.1770000000000005,-0.002085588300636971,-0.003033508633071185,0.5431303762241199
4.178,-0.002088349936799983,-0.00248981900370276,0.5437449401189608
4.179,-0.0020905676399780126,-0.0019456311563675406,0.544231651345619
4.18,-0.00209224097603858,-0.0014010732333903778,0.5445901916000626
4.181,-0.0020933696391676145,-0.000856273726218439,0.5448202087120145
4.182,-0.002093953452234782,-0.0003113615079621883,0.544921318101285
4.183,-0.002093992367190502,0.0002335341357475279,0.5448931044841765
4.184,-0.0020934864654928043,0.0007782834779009311,0.5447351239009092
4.1850000000000005,-0.0020924359585618715,0.0013227563235705241,0.5444469060642981
4.186,-0.00209084118825985,0.0018668219858970657,0.5440279569019283
4.187,-0.0020887026273931943,0.0024103492649987703,0.5434777615170671
4.188,-0.002086020880234569,0.002953206429935894,0.5427957872533931
4.189,-0.0020827966830610782,0.0034952612040580113,0.5419814871091342
4.19,-0.0020790309047053587,0.004036380753921706,0.5410343033229378
4.191,-0.0020747245471158466,0.0045764316819958675,0.5399536711814246
4.192,-0.002069878745922328,0.005115280023373635,0.5387390230455382
4.1930000000000005,-0.002064494771002694,0.005652791246641465,0.5373897925205834
4.194,-0.0020585740270466593,0.0061888302590638565,0.5359054187863072
4.195,-0.0020521180541120698,0.006723261416210922,0.5342853510508768
4.196,-0.002045128528169272,0.007255948536193695,0.5325290531738395
4.197,-0.0020376072616289263,0.00778675491853535,0.5306360083033064
4.198,-0.002029556203848578,0.008315543367782362,0.528605723626059
4.199,-0.0020209774416132093,0.008842176221915729,0.5264377351725512
4.2,-0.002011873199584984,0.00936651538556462,0.524131612619079
4.2010000000000005,-0.0020022458407173557,0.009888422368055963,0.5216869641270603
4.202,-0.0019920978666287345,0.010407758326256318,0.5191034411306812
4.203,-0.0019814319179309323,0.010924384112170957,0.5163807430910734
4.204,-0.00197025077450765,0.011438160325271007,0.513518622221818
4.205,-0.0019585573557383495,0.011948947369404474,0.5105168880587934
4.206,-0.0019463547206629503,0.012456605514240437,0.5073754119897489
4.207,-0.0019336460680828905,0.012960994961110875,0.5040941316388581
4.208,-0.0019204347365942651,0.013461975913034762,0.5006730550289998
4.2090000000000005,-0.001906724204548868,0.013959408648886909,0.4971122647247673
4.21,-0.0018925180899391745,0.01445315360137996,0.4934119216129901
4.211,-0.0018778201502034897,0.014943071438759972,0.4895722686097184
4.212,-0.0018626342819476973,0.015429023149933982,0.48559363406498424
4.213,-0.001846964520580277,0.01591087013282482,0.4814764349725188
4.214,-0.0018308150398575083,0.016388474285670283,0.47722117988784124
4.215,-0.0018141901513360464,0.01686169810100134,0.4728284715836838
4.216,-0.0017970943037303232,0.017330404762037423,0.46829900944346253
4.2170000000000005,-0.0017795320821725267,0.017794458241168862,0.46363359151815975
4.218,-0.0017615082073732095,0.018253723400235625,0.45883311629684487
4.219,-0.0017430275346808765,0.01870806609231975,0.4538985841949565
4.22,-0.0017240950530392398,0.019157353264653957,0.44883109863369003
4.221,-0.0017047158838411577,0.019601453062370384,0.44363186685647754
4.222,-0.0016848952796785857,0.020040234932754634,0.4383022004034791
4.223,-0.0016646386229882202,0.020473569729642545,0.43284351522153247
4.224,-0.0016439514245928575,0.02090132981762321,0.42725733144035566
4.225,-0.0016228393221388365,0.02132338917569686,0.42154527279562454
4.226,-0.0016013080784302574,0.021739623500094406,0.41570906576476935
4.227,-0.0015793635796610183,0.022149910305856467,0.4097505382892671
4.228,-0.0015570118335460608,0.022554129026866373,0.40367161820205727
4.229,-0.001534258967353524,0.022952161114024764,0.3974743313408858
4.23,-0.0015111112258398608,0.02334389013118749,0.3911607992769758
4.231,-0.0014875749690902587,0.023729201848637103,0.38473323682932103
4.232,-0.0014636566702670426,0.024107984333685637,0.378193949158129
4.233,-0.0014393629132690257,0.024480128038192703,0.37154532866245754
4.234,-0.0014147003903050548,0.02484552588268846,0.3647898515561965
4.235,-0.0013896758993852901,0.02520407333680715,0.3579300741523404
4.236,-0.0013642963417340086,0.025555668495824406,0.35096862894895053
4.237,-0.0013385687191279608,0.025900212153036402,0.3439082204468011
4.238,-0.0013125001311645563,0.02623760786774657,0.3367516207362135
4.239,-0.0012860977724643535,0.026567762028683297,0.3295016649126019
4.24,-0.0012593689298125228,0.026890583912653622,0.32216124629471243
4.241,-0.0012323209792441375,0.02720598573825219,0.3147333114637847
4.242,-0.0012049613830782933,0.027513882714501187,0.30722085518380043
4.243,-0.0011772976869061909,0.027814193084301938,0.299626915202427
4.244,-0.0011493375165384377,0.02810683816255125,0.2919545669022972
4.245,-0.0011210885749169137,0.02839174236890279,0.284206917945426
4.246,-0.0010925586389966126,0.02866883325506291,0.27638710279673584
4.247,-0.0010637555566029254,0.028938041526610572,0.26849827724830433
4.248,-0.0010346872432698577,0.029199301059314987,0.26054361291436134
4.249,-0.0010053616790646677,0.02945254890996979,0.2525262917500094
4.25,-0.0009757869054044014,0.02969772532176698,0.24444950059306608
4.251,-0.0009459710218697649,0.02993477372424283,0.2363164257389869
4.252,-0.0009159221830217024,0.030163640727911282,0.22813024763949832
4.253,-0.0008856485952259622,0.030384276113647416,0.21989413565778043
4.2540000000000004,-0.0008551585134908387,0.030596632816943255,0.21161124295234873
4.255,-0.0008244602383231423,0.0308006669071796,0.20328470150619146
4.256,-0.0007935621126073069,0.030996337562068623,0.1949176173114992
4.257,-0.0007624725185123776,0.031183607037433076,0.18651306572133763
4.258,-0.0007311998744314406,0.03136244063252509,0.17807408700780183
4.259,-0.0006997526319578462,0.03153280665110211,0.1696036821388066
4.26,-0.0006681392729023691,0.03169467635845703,0.16110480874992422
4.261,-0.0006363683063552042,0.03184802393469281,0.15258037741569522
4.2620000000000005,-0.0006044482657964582,0.03199282642443697,0.14403324810631546
4.263,-0.0005723877062585283,0.03212906368332391,0.13546622698612298
4.264,-0.000540195201543479,0.032256718321492794,0.12688206345069158
4.265,-0.0005078793414982573,0.032375775644389794,0.11828344745762527
4.266,-0.00047544872935027967,0.03248622359119088,0.10967300717572254
4.267,-0.00044291197910562355,0.03258805267114344,0.10105330693048013
4.268,-0.00041027771301174753,0.03268125589814048,0.09242684546515705
4.269,-0.0003775545590863464,0.03276582872384681,0.08379605452140142
4.2700000000000005,-0.0003447511487136305,0.032841768969695505,0.0751632977382079
4.271,-0.00031187611430899526,0.032909076758082266,0.06653086987947282
4.272,-0.00027893808705272246,0.0329677544430782,0.05790099638107943
4.273,-0.0002459456946930338,0.0330178065409835,0.04927583322088119
4.274,-0.00021290755941849753,0.0330592396610394,0.04065746710551995
4.275,-0.00017983229579946998,0.033092062436617324,0.0320479159762929
4.276,-0.00014672850879794363,0.03311628545718962,0.023449129818055824
4.277,-0.00011360479184486492,0.03313192120139137,0.014862991778159144
4.2780000000000005,-8.046972498368901e-05,0.033138983971459264,0.00629131956907716
4.279,-4.733187307864869e-05,0.033137489829338014,-0.002264132837875204
4.28,-1.4199784085935677e-05,0.0331274565347251,-0.010801673250014037
4.281,1.8918012614274236e-05,0.03310890348531496,-0.0193196690303746
4.282,5.201300782727546e-05,0.033081851659491235,-0.02781654462746093
4.283,8.507671409733009e-05,0.03304632356170015,-0.03629077887320054
4.284,0.0001181006672079977,0.03300234317072232,-0.044740902065092104
4.285,0.00015107642763229637,0.03294993589104541,-0.053165492847312305
4.2860000000000005,0.0001839955819358858,0.032889128507519245,-0.061563174911989184
4.287,0.00021684974413663894,0.03281994914346287,-0.06993261353219353
4.288,0.0002496305570241254,0.0327424272223679,-0.07827251195282216
4.289,0.00028232969344266516,0.0326565934333249,-0.08658160765630771
4.29,0.00031493885754173056,0.032562479700283614,-0.09485866851891794
4.291,0.00034744978599757074,0.03246011915522987,-0.10310248888685188
4.292,0.00037985424921000994,0.032349546115351034,-0.11131188558133957
4.293,0.00041214405247842805,0.032230796064230696,-0.1194856938659542
4.2940000000000005,0.000444311037160963,0.03210390563709655,-0.12762276339143722
4.295,0.00047634708182099194,0.031968912610128276,-0.13572195413520802
4.296,0.0005082441033649391,0.031825855893806494,-0.14378213236221357
4.297,0.0005399940581754292,0.03167477553025792,-0.15180216663293183
4.298,0.000571588943243757,0.03151571269454802,-0.15978092386037812
4.299,0.0006030207973055723,0.03134870969982691,-0.16771726546557492
4.3,0.0006342817019835933,0.031173810006248266,-0.17561004361179866
4.301,0.0006653637829410468,0.030991058233516756,-0.1834580975895027
4.3020000000000005,0.0006962592110494086,0.03080050017695169,-0.19126025030990157
4.303,0.0007269602035738709,0.03060218282689306,-0.19901530497883507
4.304,0.0007574590253797934,0.03039615439127842,-0.20672204194125518
4.305,0.0007877479901632226,0.03018246432121811,-0.21437921569845947
4.306,0.0008178194617083618,0.02996116333934158,-0.22198555215787552
4.307,0.000847665855174663,0.029732303470713962,-0.22953974608066963
4.308,0.0008772796384159825,0.02949593807606891,-0.2370404587887827
4.309,0.0009066533333340131,0.029252121887147996,-0.24448631607683935
4.3100000000000005,0.0009357795172679505,0.02900091104385794,-0.2518759064210319
4.311,0.0009646508244220927,0.02874236313299746,-0.2592077794314122
4.312,0.0009932599473327938,0.028476537228269407,-0.2664804445925574
4.313,0.0010215996383759385,0.02820349393132904,-0.2736923702494891
4.314,0.001049662711315803,0.02792329541354105,-0.2808419829291629
4.315,0.0010774420428958827,0.02763600545817787,-0.2879276669225868
4.316,0.0011049305744719835,0.027341689502774578,-0.2949477641541323
4.317,0.0011321213136875725,0.02704041468132315,-0.30190057437093937
4.3180000000000005,0.0011590073361911017,0.026732249866044822,-0.3087843555878501
4.319,0.0011855817873947059,0.026417265708399928,-0.3155973248813057
4.32,0.0012118378842734079,0.026095534679110344,-0.32233765939589787
4.321,0.0012377689172036622,0.025767131106846967,-0.32900349771180665
4.322,0.001263368251839786,0.025432131215336634,-0.33559294144645324
4.323,0.0012886293310265574,0.025090613158617867,-0.3421040571303154
4.324,0.0013135456767459943,0.024742657054166915,-0.3485348783617835
4.325,0.0013381108920960528,0.02438834501363731,-0.35488340821653164
4.3260000000000005,0.0013623186632987496,0.024027761170986116,-0.36114762188099303
4.327,0.0013861627617349694,0.023660991707742284,-0.3673254695324622
4.328,0.0014096370460029914,0.023288124875193696,-0.3734148794402919
4.329,0.0014327354639975534,0.02290925101329425,-0.37941376126353676
4.33,0.001455452055006085,0.022524462566112357,-0.3853200095254662
4.331,0.0014777809518185475,0.02213385409361257,-0.39113150729944207
4.332,0.0014997163828471556,0.021737522279647307,-0.3968461300091356
4.333,0.0015212526742521054,0.02133556593599716,-0.4024617493948624
4.3340000000000005,0.0015423842520693085,0.020928086002346385,-0.40797623758817203
4.335,0.0015631056443360018,0.020515185542074953,-0.4133874713060421
4.336,0.0015834114832100248,0.02009696973380274,-0.41869333610403064
4.337,0.0016032965070784699,0.019673545858602762,-0.4238917307149603
4.338,0.0016227555626513713,0.019245023282862025,-0.42898057140262685
4.339,0.0016417836070360236,0.018811513436694502,-0.43395779641899773
4.34,0.0016603757097875477,0.0183731297880065,-0.43882137034098345
4.341,0.0016785270549313058,0.01792998781214384,-0.4435692884966729
4.3420000000000005,0.0016962329429527838,0.017482204957167274,-0.44819958133172166
4.343,0.0017134887927506065,0.017029900604840435,-0.4527103186889944
4.344,0.0017302901435484225,0.01657319602737376,-0.4570996140490814
4.345,0.0017466326567614652,0.01611221434002695,-0.4613656286619696
4.346,0.0017625121178136969,0.01564708044965975,-0.46550657559079195
4.347,0.0017779244379015704,0.015177920999405988,-0.4695207235720797
4.348,0.0017928656557005638,0.014704864309533484,-0.47340640082529384
4.349,0.0018073319390108033,0.014228040314744412,-0.4771619985876888
4.3500000000000005,0.0018213195863382642,0.013747580498015478,-0.48078597456707783
4.351,0.0018348250284082105,0.013263617821218526,-0.4842768561383693
4.352,0.0018478448296077347,0.012776286652682241,-0.4876332433888258
4.353,0.001860375689354482,0.012285722691975566,-0.490853811869979
4.354,0.0018724144433888454,0.01179206289205303,-0.4939373152244387
4.355,0.001883958064987176,0.01129544537910837,-0.496882587444462
4.356,0.0018950036660937794,0.010796009370279367,-0.49968854500989096
4.357,0.0019055484983697352,0.010293895089559501,-0.5023541886472257
4.358,0.001915589954156831,0.009789243682096958,-0.5048786049277945
4.359,0.0019251255673551674,0.009282197127209612,-0.5072609675207087
4.36,0.0019341530142132737,0.00877289815036503,-0.5095005382062823
4.361,0.0019426701140298427,0.008261490134417907,-0.511596667591822
4.362,0.0019506748297664757,0.007748117030366195,-0.5135487955697223
4.363,0.0019581652685711115,0.007232923267935443,-0.5153564514609632
4.364,0.0019651396822120866,0.006716053666235981,-0.5170192539208526
4.365,0.001971596467423055,0.00619765334479658,-0.5185369105346421
4.366,0.0019775341661592842,0.005677867635256086,-0.5199092171344795
4.367,0.0019829514657660917,0.005156841993937072,-0.521136056897704
4.368,0.0019878471990604847,0.004634721915646297,-0.5222173990878921
4.369,0.001992220344327299,0.004111652848854372,-0.5231532976637523
4.37,0.001996070025231402,0.003587780112617185,-0.5239438895026917
4.371,0.001999395510647751,0.0030632488153539976,-0.5245893925362036
4.372,0.002002196214411365,0.0025382037758594285,-0.5250901034794624
4.373,0.0020044716949894543,0.0020127894466051375,-0.525446395539714
4.374,0.002006221655078175,0.0014871498396565692,-0.5256587157692243
4.375,0.0020074459411266936,0.0009614284553659057,-0.5257275822763005
4.376,0.0020081445427913972,0.0004357682139552152,-0.5256535813250808
4.377,0.00200831759232328,-8.96886097356148e-05,-0.5254373641445854
4.378,0.0020079653638916824,-0.0006148004482977752,-0.5250796437243381
4.3790000000000004,0.002007088272847681,-0.001139426500413835,-0.5245811914075488
4.38,0.0020056868749305824,-0.0016634267860068015,-0.5239428333695462
4.381,0.0020037618654210423,-0.0021866621978401026,-0.5231654470659801
4.382,0.002001314078244445,-0.002708994549414369,-0.5222499575146469
4.383,0.001998344485028229,-0.0032302866191695192,-0.5211973336031116
4.384,0.001994854194116907,-0.0037504021909107467,-0.5200085843043378
4.385,0.0019908444495485476,-0.004269206090454677,-0.5186847548972964
4.386,0.0019863166299965156,-0.004786564218466211,-0.5172269231547014
4.3870000000000005,0.0019812722476802514,-0.005302343579542021,-0.51563619559548
4.388,0.001975712947248855,-0.005816412307520492,-0.5139137037086561
4.389,0.0019696405046411964,-0.006328639687105207,-0.512060600275755
4.39,0.0019630568259262123,-0.006838896171869729,-0.5100780557579163
4.391,0.0019559639461269786,-0.007347053398690519,-0.5079672547281068
4.392,0.001948364028032064,-0.00785298419874423,-0.5057293924485508
4.393,0.001940259360997552,-0.008356562605162243,-0.5033656715358725
4.394,0.001931652359742991,-0.008857663857505794,-0.5008772987970578
4.3950000000000005,0.0019225455631444025,-0.009356164403168105,-0.4982654821654679
4.396,0.0019129416330273237,-0.009851941895880489,-0.4955314278214198
4.397,0.0019028433529626953,-0.01034487519150558,-0.4926763374957843
4.398,0.0018922536270682218,-0.010834844341281694,-0.4897014059357076
4.399,0.0018811754788176432,-0.0113217305827361,-0.4866078185936175
4.4,0.0018696120498601623,-0.011805416328444807,-0.4833967494893226
4.401,0.001857566598852053,-0.012285785152888605,-0.48006935932940537
4.402,0.00184504250030227,-0.012762721777575948,-0.4766267937886767
4.4030000000000005,0.0018320432434336445,-0.013236112054726993,-0.47307018209897217
4.404,0.0018185724310610103,-0.013705842949706915,-0.46940063581430125
4.405,0.0018046337784873995,-0.014171802522435453,-0.46561924780796854
4.406,0.0017902311124191731,-0.014633879908077433,-0.46172709158160863
4.407,0.0017753683699007297,-0.015091965297186205,-0.45772522073233624
4.408,0.0017600495972691773,-0.015545949915598404,-0.45361466873218576
4.409,0.0017442789491291387,-0.015995726004265288,-0.4493964488802048
4.41,0.001728060687347577,-0.016441186799343525,-0.4450715545923288
4.4110000000000005,0.0017113991800683178,-0.016882226512703723,-0.4406409598317424
4.412,0.001694298900745698,-0.017318740313135867,-0.43610561983218404
4.413,0.0016767644271965436,-0.017750624308474523,-0.4314664720370959
4.414,0.0016588004406694404,-0.018177775528862253,-0.42672443725757286
4.415,0.0016404117249300659,-0.018600091911347476,-0.4218804210242211
4.416,0.0016216031653611175,-0.019017472286073388,-0.4169353152019035
4.417,0.0016023797480751775,-0.0194298163641989,-0.4118899997333392
4.418,0.001582746559038669,-0.019837024727778364,-0.4067453446191915
4.4190000000000005,0.001562708783204875,-0.02023899882174267,-0.4015022120314081
4.42,0.0015422717036538188,-0.02063564094817595,-0.39616145862687147
4.421,0.001521440700736646,-0.021026854263026532,-0.39072393799358685
4.422,0.0015002212512220173,-0.021412542775361715,-0.38519050320413245
4.423,0.0014786189274418806,-0.021792611349340685,-0.3795620095501094
4.424,0.001456639396433888,-0.02216696570894714,-0.3738393173043373
4.425,0.0014342884190776146,-0.02253551244563821,-0.3680232946523945
4.426,0.0014115718492216547,-0.022898159028942145,-0.3621148206430978
4.4270000000000005,0.001388495632798609,-0.02325481382006859,-0.3561147882072134
4.428,0.0013650658069249285,-0.02360538608858136,-0.35002410722430927
4.429,0.001341288498982532,-0.023949786032174857,-0.3438437076300091
4.43,0.0013171699256791169,-0.024287924799519182,-0.33757454248090457
4.431,0.0012927163920840579,-0.02461971451622506,-0.3312175910797772
4.432,0.0012679342906368346,-0.024945068313838966,-0.32477386199640235
4.433,0.0012428301001249382,-0.025263900361883182,-0.31824439611487754
4.434,0.0012174103846282662,-0.025576125902849016,-0.3116302695774648
4.4350000000000005,0.0011916817924270786,-0.02588166129008752,-0.30493259667750966
4.436,0.0011656510548706657,-0.02618042402850071,-0.29815253265078245
4.437,0.0011393249852039956,-0.02647233281790759,-0.29129127633880153
4.438,0.001112710477349686,-0.02675730759902961,-0.28435007280387925
4.439,0.0010858145046428016,-0.027035269601877753,-0.27733021570966054
4.44,0.0010586441185161056,-0.027306141396460537,-0.2702330496361685
4.441,0.0010312064471335557,-0.02756984694561076,-0.2630599721790838
4.442,0.0010035086939699802,-0.02782631165980264,-0.2558124359294117
4.4430000000000005,0.0009755581363350813,-0.02807546245371145,-0.24849195019248618
4.444,0.0009473621238400648,-0.028317227804404068,-0.24110008261021257
4.445,0.0009189280768054166,-0.028551537810883286,-0.2336384604882402
4.446,0.000890263484608548,-0.028778324254820385,-0.2261087719705008
4.447,0.0008613759039702431,-0.028997520662239616,-0.21851276696910646
4.448,0.0008322729571790601,-0.029209062365943964,-0.2108522578869522
4.449,0.0008029623302530806,-0.02941288656841851,-0.20312912007112227
4.45,0.0007734517710386154,-0.029608932405029844,-0.1953452920933331
4.4510000000000005,0.0007437490872457169,-0.029797141007239188,-0.18750277573730126
4.452,0.000713862144420593,-0.029977455565605705,-0.17960363576940488
4.453,0.0006837988638552509,-0.030149821392345313,-0.1716499994729237
4.454,0.0006535672204349371,-0.030314185983200386,-0.16364405593682324
4.455,0.000623175240424187,-0.03047049907837531,-0.15558805509956944
4.456,0.0005926309991925268,-0.030618712722312643,-0.14748430656963718
4.457,0.0005619426188811074,-0.03075878132207818,-0.13933517821348262
4.458,0.0005311182660117822,-0.03089066170410701,-0.1311430944940851
4.4590000000000005,0.0005001661490403643,-0.031014313169117284,-0.12291053462176484
4.46,0.000469094515856019,-0.031129697544948175,-0.11464003045596803
4.461,0.000437911651228953,-0.031236779237143623,-0.10633416423561584
4.462,0.0004066258742087753,-0.031335525277046875,-0.09799556606817954
4.463,0.0003752455354760918,-0.03142590536725166,-0.08962691127324049
4.464,0.00034377901465008323,-0.031507891924203855,-0.08123091751385765
4.465,0.00031223471755499117,-0.031581460117796736,-0.0728103417765191
4.466,0.00028062107344859686,-0.03164658790780422,-0.06436797719515977
4.4670000000000005,0.00024894653221593105,-0.03170325607699989,-0.05590664972319807
4.468,0.00021721956153158902,-0.03175144826083769,-0.04742921468430066
4.469,0.00018544864399414965,-0.03179115097357433,-0.038938553203345994
4.47,0.00015364227423630817,-0.03182235363072882,-0.03043756853427815
4.471,0.00012180895601442767,-0.03184504856779297,-0.02192918230337201
4.472,8.995719928129751e-05,-0.03185923105511394,-0.013416330674357432
4.473,5.809551724595079e-05,-0.031864899308898284,-0.004901960465550291
4.474,2.6232423424444723e-05,-0.031862054498286344,0.00361097478443774
4.4750000000000005,-5.623571314455531e-06,-0.03185070074847306,0.012119518772180883
4.476,-3.746396170473032e-05,-0.031830845139862715,0.020620716396534077
4.477,-6.928025103573242e-05,-0.031802497703260726,0.029111617721210743
4.478,-0.0001010639540980348,-0.03176567141112161,0.03758928191670845
4.479,-0.00013280660011857356,-0.031720382164888324,0.046050781165697614
4.48,-0.0001644997356812016,-0.03166664877846969,0.054493204520576564
4.481,-0.00019613492762882642,-0.03160449295792517,0.06291366168974412
4.482,-0.00022770376594337751,-0.03153393927743229,0.07130928674813392
4.483,-0.0002591978665999332,-0.03145501515162959,0.07967724175314939
4.484,-0.00029060887439143787,-0.031367750804444414,0.08801472024987383
4.485,-0.00032192846572055346,-0.03127217923452347,0.0963189506576488
4.486,-0.0003531483513553157,-0.03116833617739879,0.10458719952250947
4.487,-0.00038426027914540274,-0.03105626006453447,0.11281677462340445
4.488,-0.000415256036695973,-0.03093599197940347,0.12100502792845481
4.489,-0.00044612745399618976,-0.03080757561077007,0.12914935837345237
4.49,-0.00047686640599972315,-0.030671057203345658,0.13724721447340663
4.491,-0.0005074648151546933,-0.030526485505999477,0.14529609675118085
4.492,-0.000537914653880713,-0.030373911717728668,0.15329355995956376
4.493,-0.0005682079469908807,-0.030213389431571303,0.1612372151219845
4.494,-0.0005983367740567721,-0.030044974576672878,0.1691247313598312
4.495,-0.0006282932717146928,-0.029868725358721454,0.17695383750443844
4.496,-0.0006580696359116634,-0.029684702198959467,0.1847223235017455
4.497,-0.0006876581240898222,-0.029492967671987183,0.19242804160123844
4.498,-0.0007170510573081493,-0.029293586442581777,0.20006890732010235
4.499,-0.0007462408223006405,-0.029086625201757917,0.20764290018137466
4.5,-0.0007752198734702716,-0.028872152602270947,0.2151480642534582
4.501,-0.0008039807348183238,-0.028650239193809948,0.2225825084375679
4.502,-0.0008325160018088489,-0.028420957358072166,0.22994440656967224
4.503,-0.0008608183431682768,-0.028184381243948283,0.23723199728858776
4.5040000000000004,-0.0008888805026203817,-0.027940586703037205,0.24444358368692992
4.505,-0.0009166953005570312,-0.02768965122567973,0.25157753277544165
4.506,-0.0009442556356453405,-0.02743165387771559,0.2586322747410412
4.507,-0.0009715544863720649,-0.027166675238184907,0.2656063019824099
4.508,-0.0009985849125262465,-0.026894797338120145,0.2724981680069737
4.509,-0.0010253400566213138,-0.02661610360064331,0.2793064861057206
4.51,-0.0010518131452580172,-0.026330678782522987,0.2860299278800095
4.511,-0.0010779974904297428,-0.026038608917362684,0.2926672215946206
4.5120000000000005,-0.0011038864907719033,-0.025739981260551267,0.2992171504042876
4.513,-0.0011294736327572598,-0.02543488423616051,0.3056785503894195
4.514,-0.0011547524918391555,-0.02512340738586336,0.3120503085297817
4.515,-0.0011797167335447672,-0.024805641320037628,0.3183313605033496
4.516,-0.0012043601145205996,-0.024481677671138968,0.3245206884102853
4.517,-0.0012286764835325393,-0.024151609049438885,0.3306173183990736
4.518,-0.0012526597824228814,-0.023815529001226944,0.3366203181934325
4.519,-0.0012763040470268063,-0.023473531969500035,0.34252879460384617
4.5200000000000005,-0.001299603408050847,-0.023125713257249766,0.348341890918596
4.521,-0.0013225520919159517,-0.022772168993362766,0.35405878429046944
4.522,-0.0013451444215677487,-0.022412996101127094,0.3596786831313533
4.523,-0.0013673748172566798,-0.02204829226944871,0.3652008243918264
4.524,-0.0013892377972906406,-0.0216781559266654,0.37062447097587586
4.525,-0.00141072797876278,-0.021302686217040477,0.37594890905175327
4.526,-0.0014318400782570972,-0.02092198297986921,0.3811734454468268
4.527,-0.0014525689125344187,-0.020536146731142034,0.386297405095564
4.5280000000000005,-0.0014729093992013114,-0.020145278647749933,0.3913201284983523
4.529,-0.0014928565573644318,-0.019749480554159256,0.3962409692591512
4.53,-0.0015124055082727265,-0.01934885491145248,0.40105929172906485
4.531,-0.001531551475949834,-0.01894350480868861,0.40577446869038886
4.532,-0.0015502897878189323,-0.01853353395645225,0.41038587918046887
4.533,-0.001568615875322185,-0.018119046682502908,0.414892906399012
4.534,-0.0015865252745368144,-0.017700147929397073,0.41929493574716764
4.535,-0.001604013626789712,-0.017276943253950846,0.4235913529988819
4.5360000000000005,-0.0016210766792723785,-0.01684953882844344,0.4277815425686883
4.537,-0.00163771028565781,-0.016418041443330582,0.43186488602381884
4.538,-0.0016539104067208458,-0.015982558511451833,0.43584076058967425
4.539,-0.001669673110963304,-0.015543198073430587,0.4397085379870053
4.54,-0.0016849945752450855,-0.015100068804210423,0.4434675832981701
4.541,-0.001699871085422256,-0.014653280020501046,0.4471172540797155
4.542,-0.0017142990369929684,-0.014202941689018726,0.45065689957708394
4.543,-0.0017282749357518733,-0.013749164435249697,0.4540858602275738
4.5440000000000005,-0.0017417953984535288,-0.013292059552687831,0.45740346718833474
4.545,-0.0017548571534851264,-0.012831739012256557,0.4606090421805777
4.546,-0.001767457041548679,-0.012368315471819349,0.4637018974076428
4.547,-0.0017795920163526282,-0.011901902285529179,0.46668133574009046
4.548,-0.0017912591453126566,-0.011432613512901127,0.46954665100158643
4.549,-0.0018024556102613238,-0.010960563927405402,0.4722971284676732
4.55,-0.0018131787081659577,-0.010485869024399129,0.47493204554305873
4.551,-0.0018234258518540663,-0.01000864502825153,0.4774506725810141
4.5520000000000005,-0.0018331945707453748,-0.009529008898483144,0.47985227388581847
4.553,-0.00184248251158943,-0.009047078334774694,0.4821361088557449
4.554,-0.001851287439207553,-0.008562971780671577,0.4843014333034065
4.555,-0.0018596072372377744,-0.008076808425855314,0.48634750089995216
4.556,-0.0018674399088812422,-0.007588708206829357,0.4882735647746828
4.557,-0.0018747835776484624,-0.007098791805910774,0.49007887921852916
4.558,-0.0018816364881035985,-0.00660718064837116,0.491762701549391
4.559,-0.001887997006604942,-0.006113996897641802,0.49332429405484957
4.5600000000000005,-0.0018938636220395524,-0.005619363448459705,0.4947629260628148
4.561,-0.0018992349465499724,-0.005123403917881578,0.4960778760796409
4.562,-0.001904109716250831,-0.004626242634052261,0.49726843404631804
4.563,-0.0019084867919330552,-0.004128004622660762,0.49833390365640823
4.564,-0.0019123651597533697,-0.003628815591061547,0.49927360469245957
4.565,-0.0019157439319066809,-0.0031288019099333475,0.5000868755009646
4.566,-0.001918622347278908,-0.0026280905925127386,0.5007730754126615
4.567,-0.0019209997720777898,-0.0021268092713170946,0.501331587262093
4.5680000000000005,-0.0019228757004391673,-0.0016250861723732214,0.501761819879434
4.569,-0.0019242497550062262,-0.001123050086912004,0.5020632106286466
4.57,-0.001925121687479201,-0.0006208303405897439,0.502235227874376
4.571,-0.0019254913791330363,-0.00011855676018778975,0.5022773735090773
4.572,-0.0019253588413005274,0.00038364036213584164,0.5021891853932027
4.573,-0.0019247242158185022,0.000885630307019665,0.5019702397785001
4.574,-0.0019235877754346547,0.0013872819684265518,0.5016201536558481
4.575,-0.0019219499241726736,0.001888463896524797,0.501138587109032
4.5760000000000005,-0.001919811197653414,0.002389044342742117,0.5005252454697883
4.577,-0.0019171722633699022,0.0028888913070350686,0.4997798815391983
4.578,-0.0019140339209140701,0.0033878725871842757,0.498902297594153
4.579,-0.0019103971021532029,0.003885855830070836,0.49789234736602944
4.58,-0.0019062628713541947,0.004382708584799904,0.4967499378748633
4.581,-0.0019016324252538238,0.004878298357547854,0.49547503114199143
4.582,-0.0018965070930733658,0.005372492668046981,0.4940676458201627
4.583,-0.0018908883364760086,0.005865159107515539,0.4925278586205973
4.5840000000000005,-0.0018847777494656519,0.006356165397962419,0.49085580568244674
4.585,-0.0018781770582258395,0.006845379452640783,0.4890516836999381
4.586,-0.0018710881208976963,0.007332669437587887,0.48711575100451565
4.587,-0.0018635129272959045,0.007817903834029456,0.48504832840787154
4.588,-0.0018554535985619018,0.00830095150153709,0.48284979994607213
4.589,-0.0018469123867536662,0.008781681741723828,0.480520613397353
4.59,-0.0018378916743715832,0.009259964362383325,0.47806128071839094
4.591,-0.001828393973820072,0.00973566974186059,0.4754723782556124
4.5920000000000005,-0.0018184219268048178,0.010208668893480249,0.47275454678753215
4.593,-0.0018079783036656057,0.010678833529923196,0.4699084914638126
4.594,-0.0017970660026449343,0.011146036127316714,0.46693498149645574
4.595,-0.0017856880490927335,0.01161014998894056,0.4638348497683118
4.596,-0.0017738475946076884,0.012071049308329937,0.46060899220904133
4.597,-0.0017615479161158375,0.012528609231636862,0.45725836704188033
4.598,-0.0017487924148872423,0.01298270591913489,0.4537839939167687
4.599,-0.0017355846154917017,0.013433216605645674,0.4501869528112906
4.6000000000000005,-0.0017219281646946294,0.013880019659794959,0.446468382853044
4.601,-0.0017078268302943493,0.014322994641934705,0.44262948097029986
4.602,-0.0016932844999022149,0.014762022360585584,0.43867150039950653
4.603,-0.001678305179667076,0.015196984927308397,0.434595749106438
4.604,-0.001662892992945743,0.01562776580985298,0.43040358804945644
4.605,-0.0016470521789212302,0.016054249883458226,0.42609642931955166
4.606,-0.0016307870911706592,0.01647632348024237,0.42167573422569643
4.607,-0.001614102196184797,0.016893874436550632,0.4171430112395026
4.6080000000000005,-0.0015970020718413162,0.01730679213817527,0.4124998138605309
4.609,-0.001579491405833931,0.017714967563384757,0.40774773841981987
4.61,-0.001561574994059655,0.018118293323664762,0.4028884217826598
4.611,-0.0015432577389664728,0.018516663702146958,0.3979235390348958
4.612,-0.0015245446478637824,0.018909974689649153,0.3928548010868756
4.613,-0.0015054408311980204,0.01929812401827221,0.3876839522255344
4.614,-0.0014859515007958999,0.019681011192576422,0.38241276769660815
4.615,-0.0014660819680777273,0.020058537518253847,0.3770430511920111
4.616,-0.0014458376422432806,0.020430606128332102,0.3715766323856852
4.617,-0.0014252240284327313,0.020797122006882243,0.36601536443453736
4.618,-0.0014042467258650892,0.021157992010264477,0.3603611215199169
4.619,-0.0013829114259566332,0.02151312488591013,0.3546157963833675
4.62,-0.001361223910421768,0.02186243128868273,0.3487812979099906
4.621,-0.0013391900493587166,0.022205823794845408,0.34285954873712043
4.622,-0.0013168157993224028,0.02254321691370431,0.3368524829368808
4.623,-0.0012941072013868302,0.022874527096968977,0.3307620437366429
4.624,-0.001271070379199212,0.02319967274588689,0.32459018129847983
4.625,-0.0012477115370280142,0.023518574216269333,0.3183388506215132
4.626,-0.0012240369578070144,0.02383115382143474,0.3120100094609581
4.627,-0.0012000530011773845,0.02413733583320123,0.3056056163901129
4.628,-0.00117576610152971,0.02443704648101796,0.2991276289468346
4.6290000000000004,-0.00115118276604776,0.02473021394931897,0.2925780018635177
4.63,-0.0011263095727557218,0.025016768373235864,0.2859586854386573
4.631,-0.0011011531685704815,0.025296641832773695,0.27927162400917993
4.632,-0.001075720267360437,0.02556976834556739,0.2725187545416127
4.633,-0.0010500176480121996,0.025836083858335974,0.2657020053404842
4.634,-0.0010240521525064009,0.026095526237198546,0.2588232949251946
4.635,-0.0009978306840037147,0.02634803525692906,0.25188453097499636
4.636,-0.0009713602049420549,0.026593552589326802,0.24488760946152996
4.6370000000000005,-0.0009446477351457843,0.02683202179081603,0.23783441388756962
4.638,-0.000917700349947623,0.027063388289434144,0.2307268146903666
4.639,-0.0008905251783238192,0.02728759937130888,0.22356666873912381
4.64,-0.000863129401043012,0.027504604166782475,0.21635581899678552
4.641,-0.0008355202488290624,0.027714353636336314,0.20909609433420584
4.642,-0.000807705000538006,0.027916800556416835,0.20178930944004767
4.643,-0.0007796909813491523,0.02811189950530135,0.1944372648735257
4.644,-0.0007514855609702157,0.02829960684915627,0.18704174727066514
4.6450000000000005,-0.000723096151856235,0.02847988072839107,0.17960452964883047
4.646,-0.0006945302074419219,0.028652681044437567,0.17212737184407068
4.647,-0.0006657952203869546,0.028817969447067722,0.164612021059549
4.648,-0.0006368987208336239,0.02897570932236158,0.1570602125258232
4.649,-0.0006078482746761176,0.029125865781452365,0.14947367028951697
4.65,-0.000578651481840643,0.029268405650098816,0.14185410804439086
4.651,-0.0005493159745754739,0.02940329745925077,0.13420323014061594
4.652,-0.0005198494157499245,0.029530511436626897,0.12652273259722285
4.6530000000000005,-0.0004902594971611785,0.02965001949941722,0.11881430423799179
4.654,-0.0004605539378478107,0.029761795248188748,0.11107962790121825
4.655,-0.00043074048240878283,0.029865813962027032,0.10332038167821701
4.656,-0.0004008268993266305,0.029962052595006148,0.09553824025063004
4.657,-0.00037082097929350876,0.030050489773999052,0.08773487623115273
4.658,-0.00034073053353872495,0.03013110579788804,0.07991196156942999
4.659,-0.00031056339215634974,0.03020388263819589,0.07207116897428806
4.66,-0.0002803274024314761,0.030268803941157052,0.06421417335546763
4.6610000000000005,-0.0002500304271636811,0.030325855031240134,0.056342653275921674
4.662,-0.00021968034298624087,0.03037502291611912,0.04845829240016898
4.663,-0.00018928503867965128,0.03041629629309144,0.04056278094099304
4.664,-0.00015885241347802058,0.03044966555691758,0.03265781707851667
4.665,-0.00012839037536692408,0.030475122809060333,0.02474510835790028
4.666,-9.790683937133929e-05,0.03049266186828705,0.016826373048907498
4.667,-6.740972583232273e-05,0.030502278282589133,0.008903341458989737
4.668,-3.69069586711379e-05,0.030503969342364604,0.000977757191384783
4.6690000000000005,-6.406463639601471e-06,0.030497734094804545,-0.006948621656355281
4.67,2.4083833444520233e-05,0.030483573359412694,-0.014874021365691548
4.671,5.455600847815835e-05,0.03046148974458006,-0.022796651549147083
4.672,8.500214087064509e-05,0.03043148766513079,-0.030714704186642006
4.673,0.00011541431535939837,0.03039357336074693,-0.03862635275501746
4.674,0.00014578462384441727,0.030347754915173997,-0.046529751456022166
4.675,0.0001761051672423169,0.030294042276103557,-0.05442303454878882
4.676,0.00020636805736052268,0.030232447275620217,-0.06230431579555033
4.6770000000000005,0.000236565418792135,0.030162983651104265,-0.07017168801577418
4.678,0.00026668939083185464,0.03008566706646284,-0.07802322276923687
4.679,0.00029673212941323926,0.030000515133571232,-0.08585697015645526
4.68,0.00032668580906743583,0.02990754743379524,-0.09367095874935201
4.681,0.00035654262490340637,0.029806785539466783,-0.10146319564946399
4.682,0.0003862947946095332,0.029698253035179627,-0.1092316666798931
4.683,0.00041593456047635616,0.029581975538769213,-0.11697433671343273
4.684,0.0004454541914400613,0.02945798072184838,-0.12468915012815548
4.6850000000000005,0.00047484598514620875,0.029326298329761108,-0.13237403140191029
4.686,0.0005041022700330466,0.029186960200814564,-0.14002688584656242
4.687,0.00053321540743363,0.029040000284667713,-0.14764560046226377
4.688,0.000562177793695827,0.028885454659729404,-0.15522804494143347
4.689,0.0005909818623191669,0.028723361549455737,-0.16277207277905403
4.69,0.0006196200861073532,0.028553761337395234,-0.17027552253889006
4.691,0.0006480849793351421,0.02837669658088333,-0.17773621921253252
4.692,0.0006763690999281615,0.028192212023241767,-0.18515197572794967
4.6930000000000005,0.0007044650516541335,0.028000354604395296,-0.19252059453951187
4.694,0.0007323654863238496,0.02780117346977066,-0.19983986935833
4.695,0.0007600631060001317,0.027594719977379074,-0.20710758697729434
4.696,0.000787550665212923,0.02738104770300125,-0.21432152917568006
4.697,0.0008148209731785502,0.02716021244335478,-0.2214794747479772
4.698,0.0008418668960211111,0.02693227221718242,-0.22857920158795667
4.699,0.0008686813589938595,0.026697287264169704,-0.23561848886791284
4.7,0.0008952573486983938,0.026455320041635203,-0.24259511927075456
4.7010000000000005,0.0009215879152993702,0.026206435218901702,-0.24950688131772758
4.702,0.0009476661747324255,0.025950699669342506,-0.2563515716929717
4.703,0.0009734853109029329,0.025688182460010325,-0.26312699767012443
4.704,0.000999038577873177,0.02541895483884538,-0.26983097953256674
4.705,0.0010243193020354983,0.025143090219413456,-0.2764613530483425
4.706,0.0010493208842689411,0.024860664163172706,-0.28301597194109773
4.707,0.0010740368020769238,0.02457175435925224,-0.2894927103799655
4.708,0.001098460611703449,0.02427644060175475,-0.2958894654541686
4.7090000000000005,0.0011225859502253623,0.023974804764552576,-0.30220415968274356
4.71,0.0011464065376182045,0.023666930773668552,-0.3084347434204159
4.711,0.001169916178793213,0.023352904577199744,-0.3145791973197493
4.712,0.0011931087656030586,0.02303281411285646,-0.32063553470824974
4.713,0.0012159782788139547,0.022706749273165103,-0.3266018039204537
4.714,0.001238518790041833,0.02237480186839011,-0.3324760905737954
4.715,0.0012607244636503165,0.022037065587208197,-0.33825651981348404
4.716,0.0012825895586083052,0.021693635955245656,-0.3439412584388222
4.7170000000000005,0.0013041084303050746,0.021344610291559457,-0.3495285169524263
4.718,0.0013252755323208568,0.020990087663119245,-0.35501655155438905
4.719,0.0013460854181509693,0.02063016883740731,-0.36040366601323187
4.72,0.0013665327428816524,0.02026495623322793,-0.3656882134485619
4.721,0.0013866122648158946,0.019894553869863864,-0.3708685979710974
4.722,0.001406318847047632,0.019519067314656375,-0.37594327625284685
4.723,0.0014256474589828092,0.019138603629141285,-0.38091075895860993
4.724,0.001444593177805939,0.018753271313893805,-0.3857696120232988
4.7250000000000005,0.0014631511898909114,0.018363180252175176,-0.3905184578423431
4.726,0.0014813167921549303,0.017968441652525133,-0.3951559763123431
4.727,0.0014990853933546009,0.01756916799046211,-0.3996809057086965
4.728,0.0015164525153233308,0.01716547294939576,-0.40409204346435534
4.729,0.0015334137941493348,0.016757471360911012,-0.40838824678346985
4.73,0.001549964981293695,0.016345279144577902,-0.4125684331017551
4.731,0.0015661019446480597,0.015929013247410855,-0.4166315804262523
4.732,0.0015818206695317116,0.015508791583131138,-0.42057672751796893
4.7330000000000005,0.001597117259627885,0.015084732971391651,-0.4244029739152412
4.734,0.0016119879378593506,0.01465695707707361,-0.4281094798523839
4.735,0.0016264290472034317,0.01422558434984046,-0.4316954659850941
4.736,0.0016404370514467585,0.013790735964047035,-0.4351602130272152
4.737,0.001654008535880202,0.013352533759176265,-0.438503061206945
4.738,0.0016671402079345644,0.0129111001809066,-0.4417234096275148
4.739,0.001679828897757754,0.012466558222995059,-0.4448207154341379
4.74,0.0016920715587342599,0.012019031369995967,-0.447794492978043
4.741,0.0017038652679479017,0.011568643541063035,-0.45064431270869076
4.742,0.0017152072265889395,0.011115519034873476,-0.45336980005030364
4.743,0.0017260947603067313,0.010659782475780059,-0.45597063416361433
4.744,0.0017365253195092355,0.010201558761343406,-0.45844654655156963
4.745,0.0017464964796107664,0.009740973011294958,-0.4607973196250638
4.746,0.0017560059412294882,0.009278150518045751,-0.4630227851461002
4.747,0.0017650515303362316,0.008813216698812696,-0.46512282260429355
4.748,0.0017736311983562758,0.0083462970494194,-0.4670973575372617
4.749,0.0017817430222258285,0.007877517099883907,-0.46894635973312015
4.75,0.0017893852044050024,0.007407002371815649,-0.4706698414200842
4.751,0.001796556072849112,0.006934878337662765,-0.47226785541217103
4.752,0.0018032540809401777,0.006461270381869234,-0.473740493193886
4.753,0.0018094778073805599,0.0059863037639752365,-0.4750878829742283
4.7540000000000004,0.0018152259560506737,0.005510103583679736,-0.4763101877228786
4.755,0.0018204973558327384,0.005032794747845627,-0.47740760322972514
4.756,0.001825290960402544,0.004554501939522405,-0.4783803560797206
4.757,0.0018296058479912059,0.0040753495889092484,-0.4792287017208593
4.758,0.0018334412211188655,0.0035954618462797293,-0.4799529224996061
4.759,0.0018367964063022877,0.003114962556854175,-0.48055332571493375
4.76,0.0018396708537382809,0.00263397523757293,-0.48103024172186964
4.761,0.0018420641369648063,0.002152623055711533,-0.48138402209497677
4.7620000000000005,0.001843975952501631,0.0016710288093491044,-0.48161503777349524
4.763,0.0018454061194723092,0.001189314909568263,-0.48172367734200766
4.764,0.0018463545792092235,0.0007076033643773798,-0.48171034530780493
4.765,0.0018468213948433525,0.00022601576424766134,-0.48157546049672095
4.766,0.001846806750880339,-0.0002553267308124621,-0.48131945452243796
4.767,0.0018463109527643864,-0.0007363034026742631,-0.48094277027997984
4.768,0.0018453344264313983,-0.0012167939851705871,-0.48044586062761085
4.769,0.0018438777178526886,-0.0016966786728682013,-0.479829187078164
4.7700000000000005,0.0018419414925704982,-0.0021758381286717137,-0.4790932186444808
4.771,0.0018395265352264436,-0.0026541534903462426,-0.4782384307654128
4.772,0.0018366337490839306,-0.003131506376058687,-0.47726530433357894
4.773,0.0018332641555454286,-0.0036077788890955405,-0.4761743248866279
4.774,0.0018294188936654146,-0.004082853621807088,-0.47496598183708827
4.775,0.001825099219659666,-0.004556613658946202,-0.47364076788326953
4.776,0.0018203065064114638,-0.005028942580501998,-0.4721991785124195
4.777,0.0018150422429751443,-0.005499724464155962,-0.470641711634996
4.7780000000000005,0.0018093080340773227,-0.005968843887474544,-0.4689688673312442
4.779,0.0018031055996159916,-0.00643618592995351,-0.46718114771335545
4.78,0.001796436774157568,-0.00690163617506333,-0.46527905694024063
4.781,0.0017893035064318365,-0.007365080712403807,-0.4632631013361049
4.782,0.0017817078588246384,-0.00782640614004953,-0.4611337895884325
4.783,0.0017736520068680223,-0.008285499567263347,-0.4588916331328114
4.784,0.001765138238727458,-0.008742248617652876,-0.45653714660173134
4.785,0.0017561689546856177,-0.009196541432868072,-0.45407084837476974
4.7860000000000005,0.0017467466666220965,-0.00964826667701035,-0.45149326130609574
4.787,0.0017368739974883563,-0.01009731354177585,-0.4488049134592886
4.788,0.0017265536807770834,-0.010543571752471928,-0.44600633899422376
4.789,0.0017157885599850395,-0.010986931575002383,-0.4430980791439264
4.79,0.001704581588068414,-0.011427283823879213,-0.44008068324601873
4.791,0.0016929358268895753,-0.011864519871397618,-0.43695470991897184
4.792,0.00168085444665408,-0.012298531657948331,-0.4337207281956107
4.793,0.0016683407253367036,-0.012729211703644817,-0.4303793188559116
4.7940000000000005,0.001655398048095191,-0.013156453121261113,-0.42693107573545597
4.795,0.0016420299066703926,-0.013580149630515523,-0.42337660707496816
4.796,0.001628239898771377,-0.014000195573822267,-0.41971653699999634
4.797,0.0016140317274440862,-0.014416485933465159,-0.41595150693724403
4.798,0.0015994092004220732,-0.014828916350246538,-0.41208217709563344
4.799,0.0015843762294578151,-0.015237383143686183,-0.40810922802311883
4.8,0.0015689368296331,-0.015641783333680704,-0.4040333620576247
4.801,0.0015530951186469698,-0.016042014663723802,-0.3998553048988022
4.8020000000000005,0.0015368553160796993,-0.016437975625620004,-0.39557580709374407
4.803,0.0015202217426313056,-0.01682956548570653,-0.3911956455473488
4.804,0.0015031988193331043,-0.01721668431254615,-0.38671562498941003
4.805,0.0014857910667308287,-0.017599233006102673,-0.38213657945876317
4.806,0.001468003104037896,-0.017977113328284826,-0.37745937366029053
4.807,0.0014498396482574248,-0.018350227934893434,-0.37268490437272656
4.808,0.001431305513271659,-0.018718480408874385,-0.3678141017444045
4.809,0.001412405608897513,-0.01908177529482564,-0.3628479305431396
4.8100000000000005,0.0013931449399070077,-0.019440018134711398,-0.35778739135920495
4.811,0.0013735286050114575,-0.019793115504660435,-0.3526335216777025
4.812,0.0013535617958083212,-0.020140975052837636,-0.34738739695187687
4.813,0.0013332497956897267,-0.02048350553824097,-0.3420501315139223
4.814,0.0013125979787117572,-0.020820616870382808,-0.3366228794566862
4.815,0.001291611808423693,-0.021152220149713977,-0.33110683536270896
4.816,0.001270296836656495,-0.021478227708717823,-0.325503234968353
4.817,0.0012486587022699138,-0.02179855315357623,-0.31981335572665504
4.8180000000000005,0.001226703129857726,-0.02211311140626483,-0.3140385172232983
4.819,0.0012044359284106984,-0.022421818747002904,-0.3081800815252503
4.82,0.001181862989937008,-0.022724592856911696,-0.3022394533752954
4.821,0.0011589902880399419,-0.02302135286079629,-0.29621808030859176
4.822,0.0011358238764528391,-0.023312019369901654,-0.2901174526127377
4.823,0.0011123698875313418,-0.023596514524540917,-0.2839391031913355
4.824,0.0010886345307031444,-0.023874762036483078,-0.27768460731311867
4.825,0.0010646240908755561,-0.02414668723095255,-0.27135558221021017
4.8260000000000005,0.0010403449268013055,-0.024412217088153942,-0.26495368659612784
4.827,0.0010158034694031334,-0.024671280284180544,-0.25848062003620903
4.828,0.0009910062200578394,-0.024923807231209974,-0.2519381222265599
4.829,0.0009659597488405689,-0.02516973011684044,-0.24532797212096205
4.83,0.0009406706927302274,-0.025408982942503294,-0.23865198700215978
4.831,0.0009151457537770295,-0.025641501560797465,-0.23191202138898317
4.832,0.0008893916972332892,-0.025867223711678426,-0.22510996588566068
4.833,0.0008634153496486652,-0.026086089057369005,-0.21824774589106527
4.8340000000000005,0.0008372235969311713,-0.026298039215926577,-0.2113273202498646
4.835,0.0008108233823753538,-0.02650301779335044,-0.20435067978172883
4.836,0.0007842217046591263,-0.026700970414167045,-0.1973198457541198
4.837,0.0007574256158108373,-0.026891844750386917,-0.19023686824395625
4.838,0.0007304422191482189,-0.02707559054879007,-0.18310382446285411
4.839,0.0007032786671909348,-0.02725215965645089,-0.17592281698809278
4.84,0.0006759421595485145,-0.027421506044444172,-0.16869597193885014
4.841,0.0006484399407855091,-0.027583585829700025,-0.1614254371223713
4.8420000000000005,0.0006207792982657614,-0.027738357294927834,-0.15411338009538203
4.843,0.0005929675599777223,-0.027885780906598927,-0.14676198622253792
4.844,0.0005650120923427798,-0.028025819330944314,-0.13937345668721124
4.845,0.0005369202980085972,-0.02815843744794,-0.1319500064767429
4.846,0.0005086996136294719,-0.028283602363280022,-0.12449386237045951
4.847,0.0004803575076357464,-0.02840128341830414,-0.11700726089096139
4.848,0.0004519014779943,-0.028511452197903256,-0.10949244628453819
4.849,0.00042333904996215063,-0.02861408253639682,-0.10195166849225508
4.8500000000000005,0.0003946777738351872,-0.02870915052139242,-0.09438718113329554
4.851,0.00036592522269403207,-0.02879663449566252,-0.08680123952538868
4.852,0.000337088990149009,-0.02887651505705596,-0.07919609872104899
4.853,0.0003081766880861583,-0.02894877505648719,-0.07157401158938151
4.854,0.00027919594441620576,-0.02901339959403721,-0.0639372269307446
4.855,0.0002501544008283395,-0.029070376013229846,-0.05628798765809824
4.856,0.00022105971055060177,-0.029119693893523403,-0.04862852901574656
4.857,0.00019191953611864118,-0.029161345041090515,-0.04096107687439132
4.8580000000000005,0.00016274154715450556,-0.029195323477951285,-0.033287846090191815
4.859,0.00013353341815708808,-0.02922162542952791,-0.02561103893242741
4.86,0.00010430282630576206,-0.02924024931070439,-0.017932843596217555
4.861,7.505744927866071e-05,-0.02925119571047052,-0.010255432793922456
4.862,4.580496308697257e-05,-0.02925446737523805,-0.0025809624352507343
4.863,1.6553039926535926e-05,-0.02925006919091866,0.005088429602819086
4.864,-1.2690653952076237e-05,-0.02923800816385658,0.012750624612993719
4.865,-4.191846035388415e-05,-0.029218293400712834,0.020403524097335014
4.866,-7.112273122924274e-05,-0.029190936087399345,0.028045050708490418
4.867,-0.00010029583074209667,-0.029155949467162916,0.03567314909084265
4.868,-0.0001294301373159498,-0.02911334881792097,0.0432857866195284
4.869,-0.0001585180456568516,-0.02906315142895035,0.05088095403831398
4.87,-0.00018755196875280575,-0.029005376577033816,0.058456665992400576
4.871,-0.00021652433984910809,-0.028940045502163208,0.06601096146295878
4.872,-0.00024542761439922447,-0.028867181382906344,0.07354190409362334
4.873,-0.00027425427199091875,-0.028786809311531953,0.08104758242413664
4.874,-0.0003029968182474405,-0.028698956268995223,0.08852611002039038
4.875,-0.0003316477867036804,-0.028603651099878773,0.09597562551056583
4.876,-0.00036019974065729934,-0.02850092448738999,0.10339429251959249
4.877,-0.0003886452749949234,-0.02839080892848923,0.11078029953186214
4.878,-0.00041697701799359193,-0.028273338709257658,0.1181318596414335
4.8790000000000004,-0.0004451876330977302,-0.02814854988057259,0.1254472102388331
4.88,-0.00047326982067199695,-0.028016480234174412,0.1327246126117361
4.881,-0.0005012163197304363,-0.0278771692792015,0.13996235147017488
4.882,-0.0005290199096424381,-0.027730658219265823,0.14715873439929708
4.883,-0.0005566734118160747,-0.027576989930124737,0.15431209125840264
4.884,-0.0005841696913594409,-0.027416208938010965,0.1614207735170492
4.885,-0.0006115016587206899,-0.02724836139868782,0.16848315352374613
4.886,-0.0006386622713075002,-0.027073495077253696,0.17549762375493222
4.8870000000000005,-0.0006656445350867504,-0.026891659328749273,0.1824625960071211
4.888,-0.0006924415061652234,-0.02670290507960572,0.18937650055264735
4.889,-0.0007190462923521908,-0.026507284809954325,0.19623778527654437
4.89,-0.000745452054704752,-0.026304852536823818,0.20304491478639314
4.891,-0.0007716520090568168,-0.026095663798231652,0.20979636951801076
4.892,-0.0007976394275326373,-0.025879775638186844,0.21649064482218247
4.893,-0.0008234076400458004,-0.025657246592609564,0.22312625004756714
4.894,-0.0008489500357845795,-0.025428136676133844,0.22970170766092168
4.8950000000000005,-0.0008742600646845485,-0.025192507369824278,0.23621555232976213
4.896,-0.0008993312388893387,-0.024950421609752662,0.24266633006806254
4.897,-0.0009241571342003955,-0.024701943776420016,0.24905259739177923
4.898,-0.0009487313915165682,-0.024447139685004712,0.2553729204945527
4.899,-0.0009730477182643317,-0.024186076576381204,0.2616258744824125
4.9,-0.0009970998898193974,-0.023918823108883505,0.26781004263107755
4.901,-0.0010208817509204154,-0.023645449350731707,0.2739240157307712
4.902,-0.0010443872170754385,-0.023366026773126315,0.2799663914171681
4.9030000000000005,-0.0010676102759617455,-0.023080628243887673,0.28593577363856587
4.904,-0.0010905449888195659,-0.022789328021617813,0.29183077213449143
4.905,-0.0011131854918401826,-0.022492201750303763,0.2976500020021388
4.906,-0.001135525997548814,-0.022189326454279946,0.3033920833446437
4.907,-0.0011575607961826126,-0.021880780533502765,0.309055640962818
4.908,-0.0011792842570640298,-0.021566643759020353,0.3146393041711621
4.909,-0.0012006908299697242,-0.02124699726859174,0.32014170665187835
4.91,-0.0012217750464951058,-0.020921923562350658,0.32556148642023347
4.9110000000000005,-0.0012425315214145184,-0.020591506498425637,0.3308972858760445
4.912,-0.0012629549540369856,-0.020255831288452406,0.33614775191690627
4.913,-0.0012830401295573447,-0.019914984492850032,0.3413115361866507
4.914,-0.0013027819204025264,-0.01956905401583666,0.3463872953368918
4.915,-0.0013221752875726257,-0.01921812910001474,0.3513736914742874
4.916,-0.0013412152819763327,-0.018862300320501478,0.35626939261601837
4.917,-0.001359897045760198,-0.01850165957848828,0.36107307327226196
4.918,-0.0013782158136311424,-0.018136300094163556,0.365783415088152
4.9190000000000005,-0.0013961669141714947,-0.017766316398869303,0.37039910762233264
4.92,-0.001413745771145797,-0.017391804326471444,0.3749188491338985
4.921,-0.0014309479047985155,-0.017012861003819046,0.3793413475058758
4.922,-0.0014477689331417176,-0.016629584840220445,0.3836653212341486
4.923,-0.001464204573231708,-0.016242075515890377,0.3878895004604305
4.924,-0.0014802506424335493,-0.015850433969279914,0.392012628097829
4.925,-0.001495903059672304,-0.01545476238319499,0.3960334610506813
4.926,-0.0015111578466697885,-0.015055164169707182,0.3999507714211515
4.9270000000000005,-0.001526011129165581,-0.014651743953754593,0.40376334782932605
4.928,-0.0015404591381209425,-0.014244607555374494,0.40746999678621926
4.929,-0.0015544982109042856,-0.013833861970566347,0.41106954406306284
4.93,-0.0015681247924567783,-0.013419615350706465,0.4145608361474786
4.931,-0.0015813354364366268,-0.013001976980491457,0.4179427417161912
4.932,-0.0015941268063405481,-0.012581057254379472,0.42121415314014216
4.933,-0.0016064956766009319,-0.012156967651524875,0.42437398799119247
4.934,-0.0016184389336571586,-0.01172982070916325,0.42742119059606354
4.9350000000000005,-0.0016299535769995343,-0.01129972999445648,0.43035473357486015
4.936,-0.0016410367201842961,-0.010866810074790227,0.4331736193895777
4.937,-0.0016516855918181418,-0.010431176486525846,0.43587688188936285
4.938,-0.0016618975365107367,-0.009992945702201644,0.43846358786171363
4.939,-0.0016716700157936827,-0.009552235096248642,0.4409328385114805
4.94,-0.0016810006090044302,-0.009109162909170736,0.4432837710020587
4.941,-0.0016898870141336681,-0.008663848210302718,0.4455155598657505
4.942,-0.0016983270486347227,-0.008216410859083235,0.4476274184962251
4.9430000000000005,-0.0017063186501935631,-0.007766971464976835,0.4496186004854284
4.944,-0.0017138598774580627,-0.007315651346064713,0.4514884009543221
4.945,-0.0017209489107251723,-0.006862572486280623,0.45323615791011035
4.946,-0.001727584052584773,-0.006407857491511317,0.45486125335977534
4.947,-0.0017337637285189966,-0.005951629544445101,0.45636311457564416
4.948,-0.0017394864874558768,-0.005494012358365164,0.45774121512981125
4.949,-0.0017447510022762802,-0.005035130129912832,0.4589950759237902
4.95,-0.0017495560702731282,-0.004575107490901798,0.46012426612955326
4.9510000000000005,-0.0017539006135620055,-0.0041140694592654604,0.4611284040490957
4.952,-0.0017577836794423333,-0.003652141389234244,0.46200715787560226
4.953,-0.0017612044407083686,-0.003189448920803083,0.4627602463981943
4.954,-0.0017641621959093915,-0.002726117928627371,0.46338743956030215
4.955,-0.001766656369558532,-0.002262274470400773,0.46388855897381426
4.956,-0.0017686865122897744,-0.001798044734825128,0.4642634783164852
4.957,-0.0017702523009627826,-0.0013335549892697068,0.46451212363399724
4.958,-0.0017713535387152883,-0.0008689315272323759,0.4646344735277703
4.9590000000000005,-0.0017719901549628912,-0.00040430061568954293,0.4646305592586084
4.96,-0.0017721622053461991,6.0211557578152496e-05,0.46450046476309964
4.961,-0.0017718698716253562,0.0005244789365485108,0.46424432652931796
4.962,-0.001771113461522107,0.0009883756493318312,0.4638623334018482
4.963,-0.0017698934085096383,0.0014517760602467903,0.4633547262733986
4.964,-0.0017682102715505387,0.0019145548215232949,0.46272179770538313
4.965,-0.0017660647347833127,0.0023765869244956324,0.46196389140533267
4.966,-0.0017634576071579931,0.0028377477502217283,0.4610814016479294
4.9670000000000005,-0.0017603898220214824,0.0032979131194163357,0.4600747725783445
4.968,-0.001756862436653327,0.0037569593416529475,0.4589444974775393
4.969,-0.0017528766317527584,0.004214763263652567,0.45769111783147315
4.97,-0.0017484337108778746,0.004671202316698363,0.45631522246259765
4.971,-0.001743535099837939,0.005126154563011959,0.45481744647468314
4.972,-0.0017381823460398554,0.0055794987410251184,0.45319847014333886
4.973,-0.0017323771177899315,0.006031114309533988,0.4514590177977681
4.974,-0.0017261212035521317,0.006480881490579522,0.4495998565315777
4.9750000000000005,-0.001719416511164064,0.006928681311095881,0.44762179497639176
4.976,-0.0017122650670120209,0.0073743956431677775,0.44552568189452935
4.977,-0.0017046690151664328,0.00781790724294312,0.4433124048404765
4.978,-0.001696630616479151,0.00825909978807537,0.44098288867759095
4.979,-0.0016881522476440121,0.00869785791371165,0.43853809412669964
4.98,-0.0016792364002221664,0.00913406724698733,0.435979016268438
4.981,-0.001669885679633696,0.00956761443995071,0.43330668296617464
4.982,-0.0016601028041170684,0.00999838720096936,0.4305221533535103
4.9830000000000005,-0.0016498906036579762,0.01042627432455453,0.4276265162454442
4.984,-0.001639252018889138,0.010851165719613007,0.42462088856745783
4.985,-0.001628190099962646,0.011272952436103741,0.42150641375786985
4.986,-0.0016167080053964256,0.011691526690154037,0.4182842602330632
4.987,-0.001604809000896393,0.012106781887554123,0.4149556197572629
4.988,-0.0015924964581558504,0.012518612645771334,0.41152170597698806
4.989,-0.0015797738536336787,0.012926914814357898,0.40798375280069804
4.99,-0.001566644767312831,0.01333158549392175,0.40434301297998915
4.9910000000000005,-0.0015531128814406233,0.01373252305357025,0.40060075657175875
4.992,-0.001539181979252276,0.014129627146956068,0.39675826955423926
4.993,-0.0015248559436791115,0.014522798726915396,0.3928168524169733
4.994,-0.0015101387560427883,0.014911940058754913,0.38877781881537277
4.995,-0.0014950344947368842,0.015296954732260074,0.38464249429865643
4.996,-0.0014795473338971028,0.015677747672435866,0.38041221504276224
4.997,-0.0014636815420613057,0.016054225149107086,0.3760883267223878
4.998,-0.0014474414808205228,0.01642629478536216,0.3716721833517146
4.999,-0.0014308316034620265,0.016793865564968126,0.3671651462684738
5.0,-0.0014138564536054752,0.017156847838813223,0.3625685831658655
