#Mode, Frequency
1, 2.54777429E+00
2, 6.76914945E+00
3, 1.07274302E+01
4, 1.27562563E+01
5, 1.37366849E+01 
6, 1.46936210E+01